订单号,订单状态,支付时间,发货时间,确认收货时间,订单成交时间,承诺发货时间,商品名称,商品ID,商家编码-商品维度,商家编码-规格维度,商品规格,规格id,规格名称,样式ID,商品一级类目,商品二级类目,商品三级类目,商品四级类目,商品数量(件),商品单价(元),商品总价(元),用户实付金额(元),商家实收金额(元),邮费(元),店铺优惠折扣(元),平台优惠折扣(元),多多支付立减金额(元),拼多多优惠券(元),平台技术服务费(元),上门安装费(元),送货入户费(元),送货入户并安装费(元),退款金额(元),退款原因,退款类型,售后状态,省,市,区,街道/镇,收货人,收货人手机,买家留言,商家备注,订单来源,是否直播间成交,是否直播间引导成交,是否门店自提,门店名称,支付方式,是否分期,分期期数,手续费承担方,是否预售,是否顺丰加价,是否抽奖或0元试用,是否社区团购,是否无痕发货,是否节能补贴,快递公司,快递单号,配送状态,集运类型
2705000177,已退款,2026-04-01 01:03:56,2026-04-03 07:51:25,2026-04-07,2026-04-01 10:04:36,2026-04-03,不锈钢保温杯大容量,PD00004,SP00004,SKU009,800ml-银色,SKU009,800ml-银色,ST009,家居生活,餐饮用具,保温杯,不锈钢保温杯,3,65.00,195.00,184.69,183.58,0.00,4.12,3.61,2.58,0.00,1.11,0.00,21.42,0.00,87.35,不喜欢/效果不好,仅退款,退款成功,天津市,天津,福田区,天津市福田区长安街58号,用户972,19664770725,,,H5,否,否,否,,花呗分期,否,,,否,否,否,否,否,否,申通快递,YT19290346528,运输中,
2705000231,已付款,2026-04-01 02:11:37,2026-04-02 10:14:11,2026-04-06,2026-04-01 11:51:10,2026-04-03,不锈钢保温杯大容量,PD00004,SP00004,SKU008,500ml-黑色,SKU008,500ml-黑色,ST008,家居生活,餐饮用具,保温杯,不锈钢保温杯,2,45.00,90.00,83.58,83.08,0.00,0.77,0.67,0.48,4.50,0.50,0.00,0.00,0.00,0.00,,,,江苏省,南京,武侯区,南京市武侯区长安街118号,用户987,13736340275,,VIP客户,小程序,否,是,否,,多多支付,否,,,否,否,否,否,否,否,圆通速递,YT60113801600,运输中,
2705000173,待发货,2026-04-01 02:26:38,2026-04-02 09:42:30,2026-04-08,2026-04-01 19:40:30,2026-04-03,女士防晒衣轻薄透气,PD00006,SP00006,SKU014,L码-粉色,SKU014,L码-粉色,ST014,服饰内衣,女装,外套,防晒衣,5,69.00,345.00,298.92,297.13,0.00,18.43,16.13,11.52,0.00,1.79,0.00,0.00,0.00,0.00,,,,山东省,青岛,锦江区,青岛市锦江区中山路124号,用户839,14916253009,,,小程序,否,否,否,,支付宝,否,,,是,否,否,否,否,否,顺丰速运,YT67230851810,运输中,
2705000412,已完成,2026-04-01 06:31:14,2026-04-03 06:06:30,2026-04-10,2026-04-01 12:54:25,2026-04-03,不锈钢保温杯大容量,PD00004,SP00004,SKU009,800ml-银色,SKU009,800ml-银色,ST009,家居生活,餐饮用具,保温杯,不锈钢保温杯,1,65.00,65.00,51.53,51.22,0.00,5.39,4.71,3.37,0.00,0.31,0.00,0.00,0.00,0.00,,,,河南省,郑州,福田区,郑州市福田区中山路176号,用户293,15875695656,送人用请精美包装,,小程序,否,否,否,,微信支付,否,,,否,否,否,否,否,否,邮政快递,YT51046664599,运输中,
2705000292,已付款,2026-04-01 07:59:32,2026-04-01 04:52:47,2026-04-02,2026-04-01 01:10:37,2026-04-03,有机红枣夹核桃500g,PD00007,SP00007,SKU015,500g袋装,SKU015,500g袋装,ST015,食品生鲜,坚果零食,红枣,夹心红枣,1,39.00,39.00,31.89,31.57,0.00,2.84,2.49,1.78,0.00,0.32,0.00,0.00,0.00,30.60,七天无理由退货,仅退款,退货退款,陕西省,西安,朝阳区,西安市朝阳区中山路222号,用户524,15594121016,,,小程序,否,否,否,,花呗分期,否,,,是,否,否,否,否,否,中通快递,YT23803518994,运输中,
2705000032,已付款,2026-04-01 11:11:55,2026-04-01 04:26:46,2026-04-03,2026-04-01 20:16:55,2026-04-03,儿童益智积木拼装玩具,PD00003,SP00003,SKU006,大颗粒100粒,SKU006,大颗粒100粒,ST006,母婴玩具,益智玩具,积木,大颗粒积木,1,59.00,59.00,57.87,57.52,0.00,0.45,0.40,0.28,0.00,0.35,0.00,0.00,0.00,0.00,,,,广东省,广州,锦江区,广州市锦江区建设路103号,用户313,13481622911,,,APP-iOS,否,否,否,,支付宝,否,,,否,否,否,否,否,否,韵达快递,YT96985600700,运输中,
2705000320,已退款,2026-04-01 15:59:14,2026-04-03 13:19:42,2026-04-10,2026-04-01 21:10:43,2026-04-03,桌面手机支架可折叠,PD00008,SP00008,SKU018,升级款-银色,SKU018,升级款-银色,ST018,数码电器,手机配件,支架,桌面支架,1,29.90,29.90,28.07,27.90,0.00,0.13,0.12,0.08,1.50,0.17,0.00,0.00,0.00,25.62,物流太慢,退货退款,退款成功,江西省,南昌,锦江区,南昌市锦江区解放路143号,用户339,18227842308,,老客户,H5,否,否,否,,多多支付,否,,,否,否,否,否,否,否,申通快递,YT41256952348,运输中,
2705000058,已签收,2026-04-01 17:26:29,2026-04-02 05:18:56,2026-04-03,2026-04-01 12:42:03,2026-04-03,桌面手机支架可折叠,PD00008,SP00008,SKU018,升级款-银色,SKU018,升级款-银色,ST018,数码电器,手机配件,支架,桌面支架,1,29.90,29.90,29.10,28.93,0.00,0.32,0.28,0.20,0.00,0.17,0.00,0.00,0.00,0.00,,,,云南省,昆明,锦江区,昆明市锦江区长安街59号,用户770,17691868760,,,H5,否,否,否,,微信支付,否,,,否,否,否,否,否,否,极兔速递,YT98934092228,运输中,
2705000042,待发货,2026-04-01 18:14:51,2026-04-01 06:27:34,2026-04-05,2026-04-01 01:07:23,2026-04-03,儿童益智积木拼装玩具,PD00003,SP00003,SKU006,大颗粒100粒,SKU006,大颗粒100粒,ST006,母婴玩具,益智玩具,积木,大颗粒积木,1,59.00,59.00,50.28,49.78,0.00,3.49,3.05,2.18,0.00,0.50,0.00,0.00,0.00,0.00,,,,安徽省,合肥,西城区,合肥市西城区人民路291号,用户635,17368243802,,,APP-iOS,否,否,否,,花呗分期,否,,,否,否,否,否,否,否,中通快递,YT33705976089,已签收,
2705000432,已完成,2026-04-02 01:26:25,2026-04-04 19:31:51,2026-04-05,2026-04-02 06:11:44,2026-04-04,男士运动休闲鞋透气款,PD00005,SP00005,SKU010,39码-黑色,SKU010,39码-黑色,ST010,运动户外,运动鞋服,运动鞋,跑步鞋,2,119.00,238.00,205.58,204.35,0.00,12.97,11.35,8.10,0.00,1.23,0.00,0.00,0.00,0.00,,,,江西省,南昌,西城区,南昌市西城区解放路203号,用户729,19868370758,,,网页,否,否,否,,多多支付,否,,,否,否,否,否,否,否,极兔速递,YT64180464566,已签收,
2705000479,已退款,2026-04-02 02:17:25,2026-04-03 00:24:53,2026-04-06,2026-04-02 02:33:57,2026-04-04,不锈钢保温杯大容量,PD00004,SP00004,SKU008,500ml-黑色,SKU008,500ml-黑色,ST008,家居生活,餐饮用具,保温杯,不锈钢保温杯,1,45.00,45.00,32.35,32.16,0.00,4.16,3.64,2.60,2.25,0.19,0.00,0.00,0.00,17.52,不喜欢/效果不好,退货退款,退款成功,辽宁省,沈阳,南山区,沈阳市南山区建设路52号,用户525,13934256548,,,H5,否,否,否,,多多支付,否,,,否,否,否,否,是,否,韵达快递,YT92637764998,已签收,
2705000270,待发货,2026-04-02 02:56:08,2026-04-05 18:27:21,2026-04-12,2026-04-02 09:56:38,2026-04-04,无线蓝牙耳机Pro版,PD00002,SP00002,SKU004,黑色标准版,SKU004,黑色标准版,ST004,数码电器,影音设备,耳机,无线耳机,5,129.00,645.00,485.37,482.46,0.00,63.85,55.87,39.91,0.00,2.91,0.00,0.00,0.00,0.00,,,补发,安徽省,合肥,浦东新区,合肥市浦东新区长安街71号,用户535,17174404562,,,小程序,否,否,否,,花呗分期,否,,,否,否,否,否,否,否,申通快递,YT15452741844,运输中,
2705000221,已发货,2026-04-02 04:32:04,2026-04-05 20:31:09,2026-04-07,2026-04-02 03:12:25,2026-04-04,儿童益智积木拼装玩具,PD00003,SP00003,SKU006,大颗粒100粒,SKU006,大颗粒100粒,ST006,母婴玩具,益智玩具,积木,大颗粒积木,1,59.00,59.00,42.82,42.56,0.00,5.29,4.63,3.31,2.95,0.26,0.00,0.00,0.00,0.00,,,,重庆市,重庆,锦江区,重庆市锦江区中山路5号,用户635,13741829140,,要赠品,H5,否,否,否,,支付宝,否,,买家,否,否,否,是,否,否,申通快递,YT30783844091,派送中,
2705000063,待发货,2026-04-02 09:05:00,2026-04-04 22:00:31,2026-04-07,2026-04-02 21:06:14,2026-04-04,夏季冰丝凉席三件套,PD00001,SP00001,SKU002,1.8m床-灰色,SKU002,1.8m床-灰色,ST002,家居生活,床上用品,凉席,冰丝凉席,1,109.00,109.00,92.23,91.68,0.00,6.71,5.87,4.19,0.00,0.55,0.00,0.00,0.00,0.00,,,,山东省,青岛,浦东新区,青岛市浦东新区人民路129号,用户998,13216949114,,,H5,是,否,否,,多多支付,否,,买家,否,否,否,否,否,是,邮政快递,YT63234361985,已签收,
2705000153,已退款,2026-04-02 15:57:21,2026-04-03 11:14:19,2026-04-10,2026-04-02 02:44:29,2026-04-04,夏季冰丝凉席三件套,PD00001,SP00001,SKU001,1.5m床-灰色,SKU001,1.5m床-灰色,ST001,家居生活,床上用品,凉席,冰丝凉席,2,89.00,178.00,164.55,163.56,0.00,5.38,4.71,3.36,0.00,0.99,0.00,46.61,0.00,150.43,不喜欢/效果不好,仅退款,退货退款,安徽省,合肥,浦东新区,合肥市浦东新区建设路298号,用户324,17195630252,麻烦包装好一点,VIP客户,APP-iOS,否,否,否,,多多支付,否,3,,否,否,否,否,否,否,极兔速递,YT18677774585,已签收,
2705000476,已退款,2026-04-02 20:59:08,2026-04-05 08:58:55,2026-04-07,2026-04-02 22:39:25,2026-04-04,男士运动休闲鞋透气款,PD00005,SP00005,SKU011,40码-黑色,SKU011,40码-黑色,ST011,运动户外,运动鞋服,运动鞋,跑步鞋,1,119.00,119.00,106.04,105.40,0.00,5.18,4.54,3.24,0.00,0.64,0.00,0.00,0.00,62.83,商品与描述不符,仅退款,退款成功,安徽省,合肥,武侯区,合肥市武侯区长安街241号,用户488,13146480898,,,网页,否,否,否,,支付宝,否,,,否,否,否,否,否,否,邮政快递,YT58731138545,已签收,
2705000027,已付款,2026-04-02 22:54:30,2026-04-05 16:18:18,2026-04-12,2026-04-02 13:58:35,2026-04-04,女士防晒衣轻薄透气,PD00006,SP00006,SKU013,M码-浅蓝,SKU013,M码-浅蓝,ST013,服饰内衣,女装,外套,防晒衣,5,69.00,345.00,290.14,288.40,0.00,15.05,13.16,9.40,17.25,1.74,0.00,0.00,0.00,276.94,物流太慢,退货退款,退款成功,福建省,厦门,海淀区,厦门市海淀区长安街12号,用户609,14726987716,,,APP-iOS,否,否,否,,支付宝,否,3,,是,否,否,否,是,否,顺丰速运,YT66643620136,已签收,
2705000045,已退款,2026-04-02 22:56:19,2026-04-03 07:07:10,2026-04-09,2026-04-02 12:15:22,2026-04-04,无线蓝牙耳机Pro版,PD00002,SP00002,SKU005,白色降噪版,SKU005,白色降噪版,ST005,数码电器,影音设备,耳机,无线耳机,2,189.00,378.00,353.49,351.37,0.00,9.80,8.58,6.13,0.00,2.12,0.00,0.00,0.00,156.45,七天无理由退货,仅退款,退款成功,江西省,南昌,福田区,南昌市福田区长安街263号,用户178,17206263293,,,APP-iOS,否,否,否,,微信支付,否,,商家,否,否,否,否,否,否,韵达快递,YT34412058531,运输中,
2705000455,已签收,2026-04-03 01:57:50,2026-04-06 20:14:55,2026-04-13,2026-04-03 03:16:27,2026-04-05,有机红枣夹核桃500g,PD00007,SP00007,SKU015,500g袋装,SKU015,500g袋装,ST015,食品生鲜,坚果零食,红枣,夹心红枣,2,39.00,78.00,63.59,63.21,0.00,4.20,3.68,2.63,3.90,0.38,0.00,0.00,0.00,0.00,,,,天津市,天津,浦东新区,天津市浦东新区长安街300号,用户432,15319561590,,老客户,小程序,否,否,否,,多多支付,否,,,是,否,否,否,否,否,申通快递,YT37596327166,运输中,
2705000248,已完成,2026-04-03 05:20:43,2026-04-05 04:57:27,2026-04-11,2026-04-03 15:37:38,2026-04-05,有机红枣夹核桃500g,PD00007,SP00007,SKU016,1000g礼盒,SKU016,1000g礼盒,ST016,食品生鲜,坚果零食,红枣,夹心红枣,1,69.00,69.00,65.00,64.61,0.00,1.60,1.40,1.00,0.00,0.39,0.00,0.00,0.00,0.00,,,,广西,南宁,天河区,南宁市天河区建设路112号,用户450,15484141827,,,网页,否,否,否,,支付宝,否,,,否,否,否,否,否,否,韵达快递,YT11096807497,派送中,
2705000497,已退款,2026-04-03 05:56:14,2026-04-05 15:40:13,2026-04-07,2026-04-03 16:01:38,2026-04-05,无线蓝牙耳机Pro版,PD00002,SP00002,SKU005,白色降噪版,SKU005,白色降噪版,ST005,数码电器,影音设备,耳机,无线耳机,1,189.00,189.00,174.75,173.70,0.00,1.92,1.68,1.20,9.45,1.05,0.00,0.00,0.00,93.90,七天无理由退货,退货退款,退货退款,天津市,天津,朝阳区,天津市朝阳区中山路239号,用户497,13629438768,,,H5,否,否,否,,花呗分期,否,,,否,否,否,否,否,否,顺丰速运,YT21894668453,运输中,
2705000104,已取消,2026-04-03 08:55:57,,,2026-04-03 00:50:06,2026-04-05,有机红枣夹核桃500g,PD00007,SP00007,SKU016,1000g礼盒,SKU016,1000g礼盒,ST016,食品生鲜,坚果零食,红枣,夹心红枣,3,69.00,207.00,177.05,175.99,0.00,7.84,6.86,4.90,10.35,1.06,0.00,0.00,0.00,0.00,,,,湖北省,武汉,天河区,武汉市天河区南京路234号,用户247,19946583141,,,小程序,否,否,否,,支付宝,否,,,否,否,否,否,否,否,中通快递,YT52286650692,,
2705000139,已取消,2026-04-03 09:04:40,,,2026-04-03 21:33:48,2026-04-05,夏季冰丝凉席三件套,PD00001,SP00001,SKU002,1.8m床-灰色,SKU002,1.8m床-灰色,ST002,家居生活,床上用品,凉席,冰丝凉席,2,109.00,218.00,193.27,192.11,0.00,5.53,4.84,3.46,10.90,1.16,32.75,0.00,0.00,0.00,,,,广东省,广州,东城区,广州市东城区建设路54号,用户256,15139931360,,,APP-Android,否,否,否,,多多支付,否,,商家,否,否,否,否,否,否,邮政快递,YT14562010423,,
2705000473,已发货,2026-04-03 10:44:54,2026-04-06 05:09:51,2026-04-07,2026-04-03 09:14:14,2026-04-05,男士运动休闲鞋透气款,PD00005,SP00005,SKU011,40码-黑色,SKU011,40码-黑色,ST011,运动户外,运动鞋服,运动鞋,跑步鞋,2,119.00,238.00,194.17,193.00,0.00,17.53,15.34,10.96,0.00,1.17,0.00,0.00,0.00,0.00,,,,天津市,天津,天河区,天津市天河区南京路174号,用户913,18382337956,,,APP-iOS,否,是,否,,支付宝,否,,,否,是,否,否,否,是,韵达快递,YT39032765263,运输中,
2705000235,已退款,2026-04-03 14:48:05,2026-04-06 05:43:08,2026-04-12,2026-04-03 15:44:37,2026-04-05,夏季冰丝凉席三件套,PD00001,SP00001,SKU002,1.8m床-灰色,SKU002,1.8m床-灰色,ST002,家居生活,床上用品,凉席,冰丝凉席,1,109.00,109.00,87.76,87.23,0.00,8.50,7.43,5.31,0.00,0.53,0.00,0.00,0.00,52.92,商品与描述不符,仅退款,退款成功,陕西省,西安,浦东新区,西安市浦东新区长安街91号,用户716,14574231871,,,H5,否,否,否,,支付宝,否,,,否,否,否,否,否,否,邮政快递,YT26662956079,运输中,
2705000163,已付款,2026-04-03 14:50:49,2026-04-05 19:43:44,2026-04-06,2026-04-03 19:53:46,2026-04-05,夏季冰丝凉席三件套,PD00001,SP00001,SKU003,1.5m床-蓝色,SKU003,1.5m床-蓝色,ST003,家居生活,床上用品,凉席,冰丝凉席,3,89.00,267.00,243.47,241.04,0.00,9.41,8.24,5.88,0.00,2.43,0.00,0.00,0.00,0.00,,,,山东省,青岛,锦江区,青岛市锦江区南京路289号,用户552,16460169432,麻烦包装好一点,,APP-Android,否,否,否,,支付宝,否,,,否,否,否,否,否,是,圆通速递,YT17182742796,运输中,
2705000315,已付款,2026-04-03 23:33:47,2026-04-05 00:52:07,2026-04-10,2026-04-03 09:16:43,2026-04-05,男士运动休闲鞋透气款,PD00005,SP00005,SKU011,40码-黑色,SKU011,40码-黑色,ST011,运动户外,运动鞋服,运动鞋,跑步鞋,2,119.00,238.00,233.11,231.71,0.00,1.96,1.71,1.22,0.00,1.40,0.00,0.00,0.00,0.00,,,,江苏省,南京,朝阳区,南京市朝阳区南京路146号,用户510,18396886730,,,H5,否,是,否,,花呗分期,否,,,否,否,否,否,否,否,极兔速递,YT11793659469,运输中,
2705000417,已完成,2026-04-04 06:25:03,2026-04-05 17:43:59,2026-04-08,2026-04-04 18:53:14,2026-04-06,桌面手机支架可折叠,PD00008,SP00008,SKU017,基础款-黑色,SKU017,基础款-黑色,ST017,数码电器,手机配件,支架,桌面支架,1,19.90,19.90,19.10,18.99,0.00,0.32,0.28,0.20,0.00,0.11,0.00,0.00,0.00,0.00,,,,广西,南宁,浦东新区,南宁市浦东新区人民路121号,用户811,15830521866,,,小程序,否,否,否,,支付宝,否,,,否,是,否,否,否,否,申通快递,YT11031856536,已签收,
2705000174,已退款,2026-04-04 06:37:40,2026-04-06 23:25:39,2026-04-13,2026-04-04 21:23:40,2026-04-06,无线蓝牙耳机Pro版,PD00002,SP00002,SKU004,黑色标准版,SKU004,黑色标准版,ST004,数码电器,影音设备,耳机,无线耳机,1,129.00,129.00,126.51,125.75,0.00,1.00,0.87,0.62,0.00,0.76,0.00,0.00,0.00,73.30,不喜欢/效果不好,仅退款,退款成功,辽宁省,沈阳,东城区,沈阳市东城区长安街256号,用户160,17572552249,,,APP-Android,否,否,否,,花呗分期,否,,,否,否,否,否,否,否,申通快递,YT65783573410,运输中,
2705000518,已签收,2026-04-04 11:48:20,2026-04-04 00:34:37,2026-04-07,2026-04-04 07:16:36,2026-04-06,有机红枣夹核桃500g,PD00007,SP00007,SKU015,500g袋装,SKU015,500g袋装,ST015,食品生鲜,坚果零食,红枣,夹心红枣,1,39.00,39.00,27.88,22.71,5.00,3.67,3.21,2.29,1.95,0.17,0.00,0.00,0.00,0.00,,,,山东省,青岛,锦江区,青岛市锦江区解放路98号,用户838,13751127633,,,网页,否,否,否,,支付宝,否,,,否,否,否,否,否,否,邮政快递,YT32159796112,派送中,
2705000449,已发货,2026-04-04 12:31:51,2026-04-05 02:55:59,2026-04-06,2026-04-04 17:59:54,2026-04-06,儿童益智积木拼装玩具,PD00003,SP00003,SKU006,大颗粒100粒,SKU006,大颗粒100粒,ST006,母婴玩具,益智玩具,积木,大颗粒积木,5,59.00,295.00,242.85,241.39,0.00,20.86,18.25,13.04,0.00,1.46,0.00,0.00,0.00,0.00,,,补发,天津市,天津,朝阳区,天津市朝阳区南京路292号,用户802,14554486956,,,H5,是,否,否,,花呗分期,否,,,否,否,否,否,否,是,顺丰速运,YT81964068718,运输中,
2705000440,待发货,2026-04-04 12:42:21,2026-04-07 08:58:25,2026-04-14,2026-04-04 11:45:48,2026-04-06,男士运动休闲鞋透气款,PD00005,SP00005,SKU012,41码-白色,SKU012,41码-白色,ST012,运动户外,运动鞋服,运动鞋,跑步鞋,5,119.00,595.00,525.80,520.54,0.00,27.68,24.22,17.30,0.00,5.26,0.00,0.00,0.00,0.00,,,换货,广西,南宁,西城区,南宁市西城区中山路115号,用户793,14746058466,发之前检查一下质量,,H5,否,否,否,,微信支付,否,12,,否,否,否,否,否,否,极兔速递,YT35294277062,派送中,
2705000374,已付款,2026-04-04 12:53:15,2026-04-06 11:03:29,2026-04-12,2026-04-04 20:20:48,2026-04-06,男士运动休闲鞋透气款,PD00005,SP00005,SKU011,40码-黑色,SKU011,40码-黑色,ST011,运动户外,运动鞋服,运动鞋,跑步鞋,1,119.00,119.00,107.87,107.22,0.00,2.07,1.81,1.30,5.95,0.65,0.00,0.00,0.00,0.00,,,,上海市,上海,南山区,上海市南山区解放路92号,用户273,19592231418,,,小程序,否,否,否,,微信支付,否,,,是,否,否,否,否,否,极兔速递,YT42832827152,已签收,
2705000238,待发货,2026-04-04 17:40:01,2026-04-04 13:39:34,2026-04-09,2026-04-04 23:39:35,2026-04-06,男士运动休闲鞋透气款,PD00005,SP00005,SKU012,41码-白色,SKU012,41码-白色,ST012,运动户外,运动鞋服,运动鞋,跑步鞋,2,119.00,238.00,230.61,229.23,0.00,2.95,2.59,1.85,0.00,1.38,0.00,0.00,0.00,0.00,,,,陕西省,西安,浦东新区,西安市浦东新区解放路37号,用户176,16843953553,,,H5,否,否,否,,花呗分期,否,,,否,否,否,否,否,否,申通快递,YT18625953081,已签收,
2705000297,已完成,2026-04-04 22:26:42,2026-04-06 16:29:46,2026-04-12,2026-04-04 19:24:17,2026-04-06,无线蓝牙耳机Pro版,PD00002,SP00002,SKU005,白色降噪版,SKU005,白色降噪版,ST005,数码电器,影音设备,耳机,无线耳机,1,189.00,189.00,145.71,144.84,0.00,17.32,15.15,10.82,0.00,0.87,0.00,0.00,0.00,0.00,,,,河北省,石家庄,南山区,石家庄市南山区南京路276号,用户378,17130055214,,,APP-Android,否,否,否,,多多支付,否,,,否,否,否,否,否,否,中通快递,YT57120182098,运输中,
2705000305,已发货,2026-04-05 00:50:20,2026-04-07 12:27:23,2026-04-08,2026-04-05 06:34:00,2026-04-07,儿童益智积木拼装玩具,PD00003,SP00003,SKU007,大颗粒200粒,SKU007,大颗粒200粒,ST007,母婴玩具,益智玩具,积木,大颗粒积木,1,99.00,99.00,83.20,82.70,0.00,4.34,3.80,2.71,4.95,0.50,0.00,0.00,0.00,0.00,,,,浙江省,杭州,海淀区,杭州市海淀区人民路176号,用户655,19417124461,,,APP-iOS,否,否,否,,支付宝,否,,,否,否,否,否,否,否,极兔速递,YT12476458579,已签收,
2705000127,已退款,2026-04-05 01:13:32,2026-04-06 04:28:15,2026-04-12,2026-04-05 00:18:40,2026-04-07,不锈钢保温杯大容量,PD00004,SP00004,SKU009,800ml-银色,SKU009,800ml-银色,ST009,家居生活,餐饮用具,保温杯,不锈钢保温杯,2,65.00,130.00,107.71,107.06,0.00,8.92,7.80,5.57,0.00,0.65,0.00,0.00,0.00,74.50,七天无理由退货,仅退款,退款成功,江苏省,南京,西城区,南京市西城区建设路145号,用户843,13202460053,,,H5,是,否,否,,花呗分期,否,,,否,否,否,否,否,否,圆通速递,YT19648688067,已签收,
2705000091,已签收,2026-04-05 03:20:11,2026-04-06 16:25:38,2026-04-10,2026-04-05 08:13:35,2026-04-07,儿童益智积木拼装玩具,PD00003,SP00003,SKU007,大颗粒200粒,SKU007,大颗粒200粒,ST007,母婴玩具,益智玩具,积木,大颗粒积木,1,99.00,99.00,86.82,86.30,0.00,4.87,4.26,3.05,0.00,0.52,0.00,0.00,0.00,44.12,发错货/漏发,退货退款,退货退款,江西省,南昌,南山区,南昌市南山区中山路76号,用户668,18419972007,麻烦包装好一点,,H5,否,否,否,,支付宝,否,,,否,否,否,否,否,否,申通快递,YT33213288644,运输中,
2705000509,已发货,2026-04-05 06:13:04,2026-04-05 18:38:50,2026-04-12,2026-04-05 16:46:59,2026-04-07,夏季冰丝凉席三件套,PD00001,SP00001,SKU001,1.5m床-灰色,SKU001,1.5m床-灰色,ST001,家居生活,床上用品,凉席,冰丝凉席,3,89.00,267.00,226.29,224.03,0.00,16.28,14.25,10.18,0.00,2.26,0.00,0.00,0.00,0.00,,,,云南省,昆明,锦江区,昆明市锦江区长安街176号,用户993,15477619071,,,APP-Android,否,否,否,,多多支付,否,,,否,否,否,否,否,是,极兔速递,YT80292553851,运输中,
2705000430,待发货,2026-04-05 06:33:15,2026-04-08 09:45:29,2026-04-09,2026-04-05 08:48:38,2026-04-07,男士运动休闲鞋透气款,PD00005,SP00005,SKU012,41码-白色,SKU012,41码-白色,ST012,运动户外,运动鞋服,运动鞋,跑步鞋,5,119.00,595.00,532.20,529.01,0.00,25.12,21.98,15.70,0.00,3.19,0.00,0.00,0.00,0.00,,,,江苏省,南京,西城区,南京市西城区南京路169号,用户773,14743560786,,,H5,否,否,否,,支付宝,否,,,否,否,否,否,否,否,顺丰速运,YT59531859825,派送中,
2705000144,已签收,2026-04-05 08:48:43,2026-04-08 16:52:25,2026-04-09,2026-04-05 20:03:42,2026-04-07,不锈钢保温杯大容量,PD00004,SP00004,SKU008,500ml-黑色,SKU008,500ml-黑色,ST008,家居生活,餐饮用具,保温杯,不锈钢保温杯,3,45.00,135.00,131.31,130.52,0.00,1.48,1.29,0.92,0.00,0.79,43.13,0.00,0.00,0.00,,,,广西,南宁,锦江区,南宁市锦江区人民路122号,用户372,13625839013,,VIP客户,小程序,否,否,否,,多多支付,否,6,,否,否,否,否,否,否,申通快递,YT40318177226,已签收,
2705000481,已发货,2026-04-05 14:58:07,2026-04-05 06:40:47,2026-04-06,2026-04-05 22:16:07,2026-04-07,桌面手机支架可折叠,PD00008,SP00008,SKU017,基础款-黑色,SKU017,基础款-黑色,ST017,数码电器,手机配件,支架,桌面支架,5,19.90,99.50,90.74,90.20,0.00,3.50,3.07,2.19,0.00,0.54,0.00,0.00,0.00,0.00,,,,上海市,上海,西城区,上海市西城区人民路124号,用户724,15720500869,,,APP-iOS,否,否,否,,多多支付,否,,,否,否,否,否,否,是,中通快递,YT37000889784,派送中,
2705000334,待发货,2026-04-05 17:06:09,2026-04-07 14:39:55,2026-04-10,2026-04-05 09:58:51,2026-04-07,儿童益智积木拼装玩具,PD00003,SP00003,SKU007,大颗粒200粒,SKU007,大颗粒200粒,ST007,母婴玩具,益智玩具,积木,大颗粒积木,5,99.00,495.00,374.92,372.67,0.00,48.03,42.03,30.02,0.00,2.25,0.00,0.00,0.00,0.00,,,换货,重庆市,重庆,福田区,重庆市福田区人民路148号,用户251,16494763999,,,APP-iOS,否,否,否,,花呗分期,否,,,否,是,否,否,否,是,极兔速递,YT59100979849,运输中,
2705000179,已付款,2026-04-05 21:38:01,2026-04-06 21:21:37,2026-04-10,2026-04-05 11:32:34,2026-04-07,桌面手机支架可折叠,PD00008,SP00008,SKU018,升级款-银色,SKU018,升级款-银色,ST018,数码电器,手机配件,支架,桌面支架,2,29.90,59.80,53.22,52.90,0.00,2.63,2.30,1.65,0.00,0.32,0.00,0.00,0.00,0.00,,,,广西,南宁,朝阳区,南宁市朝阳区人民路53号,用户548,15613214381,,,APP-iOS,否,否,否,,花呗分期,否,,,否,否,否,否,否,否,申通快递,YT34630343392,运输中,
2705000142,已签收,2026-04-05 22:45:59,2026-04-07 20:54:02,2026-04-08,2026-04-05 09:13:22,2026-04-07,不锈钢保温杯大容量,PD00004,SP00004,SKU009,800ml-银色,SKU009,800ml-银色,ST009,家居生活,餐饮用具,保温杯,不锈钢保温杯,1,65.00,65.00,54.52,54.19,0.00,4.19,3.67,2.62,0.00,0.33,0.00,0.00,0.00,0.00,,,,重庆市,重庆,朝阳区,重庆市朝阳区解放路42号,用户972,17903158918,,,网页,是,否,否,,支付宝,否,,,否,否,否,否,否,否,韵达快递,YT48331568869,运输中,
2705000132,待发货,2026-04-06 06:39:42,2026-04-06 04:34:55,2026-04-10,2026-04-06 01:37:18,2026-04-08,桌面手机支架可折叠,PD00008,SP00008,SKU017,基础款-黑色,SKU017,基础款-黑色,ST017,数码电器,手机配件,支架,桌面支架,1,19.90,19.90,18.68,18.57,0.00,0.09,0.08,0.06,0.99,0.11,0.00,0.00,0.00,0.00,,,,辽宁省,沈阳,武侯区,沈阳市武侯区解放路72号,用户268,18322799068,,,APP-iOS,否,否,否,,花呗分期,否,,商家,是,否,否,否,否,否,韵达快递,YT71048275545,已签收,
2705000077,已付款,2026-04-06 07:01:47,2026-04-09 20:02:21,2026-04-13,2026-04-06 09:47:48,2026-04-08,桌面手机支架可折叠,PD00008,SP00008,SKU018,升级款-银色,SKU018,升级款-银色,ST018,数码电器,手机配件,支架,桌面支架,2,29.90,59.80,52.55,52.23,0.00,2.90,2.54,1.81,0.00,0.32,0.00,0.00,0.00,0.00,,,,河北省,石家庄,西城区,石家庄市西城区南京路215号,用户463,13274271536,,,APP-Android,否,否,否,,多多支付,否,3,,否,否,否,否,否,否,邮政快递,YT60390467842,运输中,
2705000164,已取消,2026-04-06 09:54:51,,,2026-04-06 22:54:55,2026-04-08,无线蓝牙耳机Pro版,PD00002,SP00002,SKU005,白色降噪版,SKU005,白色降噪版,ST005,数码电器,影音设备,耳机,无线耳机,1,189.00,189.00,150.52,149.62,0.00,11.61,10.16,7.26,9.45,0.90,0.00,0.00,0.00,0.00,,,,河南省,郑州,福田区,郑州市福田区南京路56号,用户528,17487594620,,,APP-iOS,否,否,否,,支付宝,否,,,否,否,否,否,否,否,顺丰速运,YT89893859023,,
2705000346,待发货,2026-04-06 14:23:04,2026-04-08 20:55:55,2026-04-10,2026-04-06 20:54:53,2026-04-08,无线蓝牙耳机Pro版,PD00002,SP00002,SKU005,白色降噪版,SKU005,白色降噪版,ST005,数码电器,影音设备,耳机,无线耳机,1,189.00,189.00,172.73,171.69,0.00,6.51,5.69,4.07,0.00,1.04,0.00,0.00,0.00,0.00,,,,陕西省,西安,东城区,西安市东城区解放路34号,用户924,16988763430,,,网页,否,否,否,,微信支付,否,12,,是,否,否,否,否,否,中通快递,YT76294482130,派送中,集运
2705000361,已签收,2026-04-06 14:28:28,2026-04-09 17:11:51,2026-04-13,2026-04-06 10:18:00,2026-04-08,夏季冰丝凉席三件套,PD00001,SP00001,SKU002,1.8m床-灰色,SKU002,1.8m床-灰色,ST002,家居生活,床上用品,凉席,冰丝凉席,1,109.00,109.00,98.28,97.69,0.00,2.11,1.84,1.32,5.45,0.59,0.00,0.00,0.00,0.00,,,,重庆市,重庆,海淀区,重庆市海淀区人民路192号,用户842,13150966131,,,H5,否,否,否,,微信支付,否,12,,否,是,否,否,否,否,邮政快递,YT12909152656,运输中,
2705000358,已发货,2026-04-06 18:07:03,2026-04-07 06:29:05,2026-04-08,2026-04-06 23:25:18,2026-04-08,不锈钢保温杯大容量,PD00004,SP00004,SKU009,800ml-银色,SKU009,800ml-银色,ST009,家居生活,餐饮用具,保温杯,不锈钢保温杯,5,65.00,325.00,276.70,275.04,0.00,12.82,11.22,8.01,16.25,1.66,0.00,0.00,0.00,0.00,,,,陕西省,西安,海淀区,西安市海淀区中山路171号,用户277,15938189515,,,小程序,否,否,否,,支付宝,否,,,否,否,否,否,否,是,中通快递,YT89932703654,已签收,
2705000251,已完成,2026-04-06 18:22:52,2026-04-06 03:18:07,2026-04-12,2026-04-06 14:09:42,2026-04-08,男士运动休闲鞋透气款,PD00005,SP00005,SKU012,41码-白色,SKU012,41码-白色,ST012,运动户外,运动鞋服,运动鞋,跑步鞋,3,119.00,357.00,322.47,320.54,0.00,13.81,12.09,8.63,0.00,1.93,0.00,0.00,0.00,0.00,,,,广东省,广州,锦江区,广州市锦江区长安街162号,用户160,17466052634,,,小程序,是,否,否,,微信支付,否,,商家,否,否,否,否,否,否,顺丰速运,YT88651553116,已签收,
2705000323,待发货,2026-04-06 19:23:27,2026-04-07 18:07:53,2026-04-08,2026-04-06 02:36:01,2026-04-08,无线蓝牙耳机Pro版,PD00002,SP00002,SKU004,黑色标准版,SKU004,黑色标准版,ST004,数码电器,影音设备,耳机,无线耳机,1,129.00,129.00,99.59,98.99,0.00,11.77,10.29,7.35,0.00,0.60,0.00,0.00,0.00,0.00,,,,北京市,北京,西城区,北京市西城区解放路243号,用户414,19741720773,,要赠品,APP-Android,是,否,否,,微信支付,否,,,否,否,否,否,否,否,中通快递,YT42457265028,运输中,
2705000428,已取消,2026-04-06 20:48:58,,,2026-04-06 04:05:19,2026-04-08,儿童益智积木拼装玩具,PD00003,SP00003,SKU007,大颗粒200粒,SKU007,大颗粒200粒,ST007,母婴玩具,益智玩具,积木,大颗粒积木,3,99.00,297.00,279.24,277.56,0.00,1.16,1.02,0.73,14.85,1.68,0.00,0.00,0.00,0.00,,,,河南省,郑州,朝阳区,郑州市朝阳区中山路20号,用户766,16286627457,,,APP-Android,否,否,否,,微信支付,否,,商家,否,否,否,否,是,是,极兔速递,YT26302069805,,
2705000414,已签收,2026-04-07 00:52:28,2026-04-07 20:07:58,2026-04-13,2026-04-07 16:57:06,2026-04-09,有机红枣夹核桃500g,PD00007,SP00007,SKU016,1000g礼盒,SKU016,1000g礼盒,ST016,食品生鲜,坚果零食,红枣,夹心红枣,1,69.00,69.00,68.21,67.80,0.00,0.31,0.28,0.20,0.00,0.41,0.00,0.00,0.00,0.00,,,换货,江西省,南昌,东城区,南昌市东城区解放路17号,用户257,16786972905,,,小程序,否,否,否,,支付宝,否,,,否,否,否,否,是,否,顺丰速运,YT58934040479,已签收,
2705000406,已取消,2026-04-07 01:08:03,,,2026-04-07 06:36:03,2026-04-09,不锈钢保温杯大容量,PD00004,SP00004,SKU009,800ml-银色,SKU009,800ml-银色,ST009,家居生活,餐饮用具,保温杯,不锈钢保温杯,5,65.00,325.00,298.67,296.88,0.00,4.03,3.53,2.52,16.25,1.79,0.00,0.00,0.00,0.00,,,,广西,南宁,朝阳区,南宁市朝阳区南京路6号,用户530,16107245728,,,APP-iOS,否,否,否,,多多支付,否,,,是,否,否,否,否,否,顺丰速运,YT98306051176,,
2705000100,已退款,2026-04-07 04:58:07,2026-04-08 13:17:02,2026-04-12,2026-04-07 16:17:29,2026-04-09,儿童益智积木拼装玩具,PD00003,SP00003,SKU007,大颗粒200粒,SKU007,大颗粒200粒,ST007,母婴玩具,益智玩具,积木,大颗粒积木,1,99.00,99.00,93.17,92.61,0.00,2.33,2.04,1.46,0.00,0.56,0.00,0.00,0.00,53.65,商品与描述不符,仅退款,退款成功,江苏省,南京,东城区,南京市东城区长安街22号,用户316,16376286948,,,H5,否,否,否,,花呗分期,否,,,否,否,否,否,否,否,中通快递,YT20208844772,派送中,
2705000420,已取消,2026-04-07 05:29:52,,,2026-04-07 20:38:46,2026-04-09,儿童益智积木拼装玩具,PD00003,SP00003,SKU007,大颗粒200粒,SKU007,大颗粒200粒,ST007,母婴玩具,益智玩具,积木,大颗粒积木,1,99.00,99.00,88.40,87.87,0.00,4.24,3.71,2.65,0.00,0.53,0.00,0.00,0.00,0.00,,,,陕西省,西安,福田区,西安市福田区人民路14号,用户207,18425007509,,要赠品,H5,否,否,否,,多多支付,否,6,,是,否,否,否,否,否,顺丰速运,YT93150244417,,转运
2705000150,已签收,2026-04-07 06:43:48,2026-04-09 09:54:51,2026-04-12,2026-04-07 04:05:09,2026-04-09,女士防晒衣轻薄透气,PD00006,SP00006,SKU013,M码-浅蓝,SKU013,M码-浅蓝,ST013,服饰内衣,女装,外套,防晒衣,1,69.00,69.00,52.24,51.93,0.00,6.70,5.87,4.19,0.00,0.31,0.00,0.00,0.00,46.00,不喜欢/效果不好,仅退款,退款成功,天津市,天津,朝阳区,天津市朝阳区中山路20号,用户157,14879954720,,,APP-Android,否,是,否,,多多支付,否,,,否,否,否,否,否,否,极兔速递,YT56550553231,已签收,
2705000202,已付款,2026-04-07 07:36:07,2026-04-10 21:07:27,2026-04-15,2026-04-07 10:26:23,2026-04-09,不锈钢保温杯大容量,PD00004,SP00004,SKU008,500ml-黑色,SKU008,500ml-黑色,ST008,家居生活,餐饮用具,保温杯,不锈钢保温杯,3,45.00,135.00,126.98,126.22,0.00,0.51,0.44,0.32,6.75,0.76,0.00,0.00,0.00,0.00,,,,陕西省,西安,南山区,西安市南山区人民路55号,用户900,19576552317,,,网页,否,否,否,,多多支付,否,,,否,否,否,否,否,否,韵达快递,YT28183378967,运输中,
2705000298,已付款,2026-04-07 08:05:50,2026-04-08 12:49:57,2026-04-10,2026-04-07 14:00:24,2026-04-09,夏季冰丝凉席三件套,PD00001,SP00001,SKU001,1.5m床-灰色,SKU001,1.5m床-灰色,ST001,家居生活,床上用品,凉席,冰丝凉席,2,89.00,178.00,166.20,165.20,0.00,4.72,4.13,2.95,0.00,1.00,0.00,0.00,0.00,120.90,发错货/漏发,仅退款,退款成功,福建省,厦门,天河区,厦门市天河区建设路183号,用户706,15208057392,,,网页,否,否,否,,支付宝,否,3,,否,否,否,否,否,否,韵达快递,YT57033616719,运输中,
2705000134,待发货,2026-04-07 08:08:59,2026-04-09 08:34:18,2026-04-16,2026-04-07 05:54:49,2026-04-09,夏季冰丝凉席三件套,PD00001,SP00001,SKU002,1.8m床-灰色,SKU002,1.8m床-灰色,ST002,家居生活,床上用品,凉席,冰丝凉席,1,109.00,109.00,83.18,82.68,0.00,8.15,7.13,5.09,5.45,0.50,0.00,0.00,0.00,0.00,,,,广西,南宁,西城区,南宁市西城区长安街27号,用户500,14212188250,,,网页,否,否,否,,多多支付,否,,,是,否,否,否,否,否,邮政快递,YT98048862078,派送中,
2705000004,已发货,2026-04-07 13:55:24,2026-04-09 04:34:07,2026-04-12,2026-04-07 19:48:39,2026-04-09,女士防晒衣轻薄透气,PD00006,SP00006,SKU014,L码-粉色,SKU014,L码-粉色,ST014,服饰内衣,女装,外套,防晒衣,1,69.00,69.00,56.84,56.50,0.00,4.86,4.26,3.04,0.00,0.34,0.00,0.00,0.00,0.00,,,,湖北省,武汉,东城区,武汉市东城区解放路297号,用户562,19559484600,送人用请精美包装,,小程序,否,否,否,,花呗分期,否,3,,否,否,否,否,否,否,极兔速递,YT23499960658,派送中,
2705000201,已完成,2026-04-07 17:21:56,2026-04-10 05:04:49,2026-04-16,2026-04-07 07:14:09,2026-04-09,女士防晒衣轻薄透气,PD00006,SP00006,SKU013,M码-浅蓝,SKU013,M码-浅蓝,ST013,服饰内衣,女装,外套,防晒衣,1,69.00,69.00,56.03,55.69,0.00,5.19,4.54,3.24,0.00,0.34,0.00,0.00,0.00,0.00,,,,广西,南宁,福田区,南宁市福田区长安街95号,用户627,15863286317,,,小程序,否,否,否,,花呗分期,否,,,否,否,否,否,否,否,中通快递,YT47645122461,派送中,
2705000116,已发货,2026-04-07 18:36:47,2026-04-08 14:06:05,2026-04-13,2026-04-07 06:24:36,2026-04-09,女士防晒衣轻薄透气,PD00006,SP00006,SKU013,M码-浅蓝,SKU013,M码-浅蓝,ST013,服饰内衣,女装,外套,防晒衣,2,69.00,138.00,135.82,135.01,0.00,0.87,0.76,0.55,0.00,0.81,0.00,0.00,0.00,0.00,,,,辽宁省,沈阳,福田区,沈阳市福田区建设路214号,用户205,19821408249,,,APP-Android,否,否,否,,支付宝,否,,,否,否,否,否,否,否,韵达快递,YT48644824384,运输中,
2705000362,已发货,2026-04-07 21:29:45,2026-04-07 11:18:50,2026-04-09,2026-04-07 17:08:59,2026-04-09,女士防晒衣轻薄透气,PD00006,SP00006,SKU013,M码-浅蓝,SKU013,M码-浅蓝,ST013,服饰内衣,女装,外套,防晒衣,1,69.00,69.00,67.25,66.85,0.00,0.70,0.61,0.44,0.00,0.40,0.00,0.00,0.00,0.00,,,,四川省,成都,海淀区,成都市海淀区长安街283号,用户922,13373262987,麻烦包装好一点,,APP-iOS,否,否,否,,支付宝,否,,,否,是,否,否,否,否,圆通速递,YT20103110096,已签收,
2705000172,待发货,2026-04-08 00:16:53,2026-04-09 23:57:26,2026-04-11,2026-04-08 17:57:56,2026-04-10,有机红枣夹核桃500g,PD00007,SP00007,SKU015,500g袋装,SKU015,500g袋装,ST015,食品生鲜,坚果零食,红枣,夹心红枣,1,39.00,39.00,36.32,36.10,0.00,1.07,0.94,0.67,0.00,0.22,0.00,0.00,0.00,0.00,,,,江苏省,南京,福田区,南京市福田区中山路170号,用户239,13835375971,,,APP-Android,否,否,否,,多多支付,否,6,,否,否,否,否,否,否,顺丰速运,YT50834580379,运输中,
2705000464,已退款,2026-04-08 03:34:07,2026-04-09 03:30:56,2026-04-10,2026-04-08 13:17:53,2026-04-10,夏季冰丝凉席三件套,PD00001,SP00001,SKU001,1.5m床-灰色,SKU001,1.5m床-灰色,ST001,家居生活,床上用品,凉席,冰丝凉席,1,89.00,89.00,69.00,68.59,0.00,8.00,7.00,5.00,0.00,0.41,0.00,42.60,0.00,31.63,七天无理由退货,退货退款,退款成功,广东省,广州,南山区,广州市南山区人民路273号,用户723,14508209680,,加急发货,APP-Android,否,否,否,,多多支付,否,,,否,否,否,否,否,否,中通快递,YT17512063121,派送中,
2705000398,已付款,2026-04-08 06:53:24,2026-04-10 07:23:41,2026-04-12,2026-04-08 01:10:07,2026-04-10,女士防晒衣轻薄透气,PD00006,SP00006,SKU013,M码-浅蓝,SKU013,M码-浅蓝,ST013,服饰内衣,女装,外套,防晒衣,1,69.00,69.00,52.59,52.27,0.00,6.57,5.74,4.10,0.00,0.32,0.00,0.00,0.00,0.00,,,,湖南省,长沙,锦江区,长沙市锦江区中山路56号,用户930,19977294767,,,网页,否,否,否,,支付宝,否,,,是,否,否,否,否,是,圆通速递,YT73284239827,运输中,
2705000137,待发货,2026-04-08 09:19:15,2026-04-09 16:08:58,2026-04-13,2026-04-08 22:10:48,2026-04-10,男士运动休闲鞋透气款,PD00005,SP00005,SKU011,40码-黑色,SKU011,40码-黑色,ST011,运动户外,运动鞋服,运动鞋,跑步鞋,1,119.00,119.00,91.31,90.76,0.00,11.08,9.69,6.92,0.00,0.55,0.00,0.00,0.00,0.00,,,,四川省,成都,锦江区,成都市锦江区建设路289号,用户399,16776774347,,,APP-Android,否,否,否,,支付宝,否,,,否,否,否,否,否,是,韵达快递,YT19551869474,派送中,
2705000394,已发货,2026-04-08 11:18:25,2026-04-08 07:04:33,2026-04-10,2026-04-08 23:00:15,2026-04-10,儿童益智积木拼装玩具,PD00003,SP00003,SKU007,大颗粒200粒,SKU007,大颗粒200粒,ST007,母婴玩具,益智玩具,积木,大颗粒积木,3,99.00,297.00,231.37,229.98,0.00,26.25,22.97,16.41,0.00,1.39,0.00,0.00,0.00,0.00,,,,辽宁省,沈阳,西城区,沈阳市西城区建设路148号,用户291,19673948787,,,H5,否,否,否,,花呗分期,否,,,否,否,否,否,否,否,中通快递,YT53004075251,运输中,
2705000496,已签收,2026-04-08 13:55:27,2026-04-11 05:21:08,2026-04-18,2026-04-08 14:52:47,2026-04-10,不锈钢保温杯大容量,PD00004,SP00004,SKU009,800ml-银色,SKU009,800ml-银色,ST009,家居生活,餐饮用具,保温杯,不锈钢保温杯,1,65.00,65.00,54.03,53.49,0.00,3.09,2.70,1.93,3.25,0.54,42.12,0.00,0.00,0.00,,,,湖南省,长沙,浦东新区,长沙市浦东新区南京路273号,用户740,16788699533,,,H5,否,否,否,,花呗分期,否,,,否,否,否,否,否,否,顺丰速运,YT30091383841,运输中,
2705000105,已付款,2026-04-08 15:26:44,2026-04-10 10:13:56,2026-04-11,2026-04-08 20:32:18,2026-04-10,无线蓝牙耳机Pro版,PD00002,SP00002,SKU004,黑色标准版,SKU004,黑色标准版,ST004,数码电器,影音设备,耳机,无线耳机,5,129.00,645.00,619.07,615.36,0.00,10.37,9.08,6.48,0.00,3.71,0.00,0.00,0.00,0.00,,,,北京市,北京,南山区,北京市南山区长安街247号,用户711,19263569418,,老客户,APP-Android,否,否,否,,多多支付,否,,,否,否,否,否,否,否,顺丰速运,YT69426247776,运输中,集运
2705000279,待发货,2026-04-08 15:44:28,2026-04-10 09:32:04,2026-04-14,2026-04-08 00:56:02,2026-04-10,儿童益智积木拼装玩具,PD00003,SP00003,SKU006,大颗粒100粒,SKU006,大颗粒100粒,ST006,母婴玩具,益智玩具,积木,大颗粒积木,5,59.00,295.00,239.62,238.18,0.00,16.25,14.22,10.16,14.75,1.44,0.00,0.00,0.00,0.00,,,,四川省,成都,南山区,成都市南山区长安街80号,用户566,15705164769,,,APP-iOS,否,否,否,,多多支付,否,,,否,否,否,否,否,否,韵达快递,YT36657995435,运输中,
2705000419,已发货,2026-04-08 19:30:34,2026-04-11 16:42:46,2026-04-16,2026-04-08 02:50:11,2026-04-10,有机红枣夹核桃500g,PD00007,SP00007,SKU015,500g袋装,SKU015,500g袋装,ST015,食品生鲜,坚果零食,红枣,夹心红枣,1,39.00,39.00,34.22,34.01,0.00,1.13,0.99,0.71,1.95,0.21,0.00,0.00,0.00,0.00,,,,云南省,昆明,东城区,昆明市东城区南京路139号,用户297,14233316963,,,H5,否,否,否,,多多支付,否,,,是,否,否,否,否,否,韵达快递,YT17781183463,运输中,
2705000215,已完成,2026-04-09 01:05:19,2026-04-10 10:51:13,2026-04-17,2026-04-09 19:41:46,2026-04-11,无线蓝牙耳机Pro版,PD00002,SP00002,SKU004,黑色标准版,SKU004,黑色标准版,ST004,数码电器,影音设备,耳机,无线耳机,5,129.00,645.00,465.84,463.04,0.00,58.76,51.42,36.73,32.25,2.80,0.00,0.00,0.00,0.00,,,,广东省,广州,天河区,广州市天河区建设路199号,用户136,15558084911,,VIP客户,网页,否,否,否,,多多支付,否,3,,否,否,否,否,否,否,邮政快递,YT35583062835,派送中,
2705000233,已签收,2026-04-09 02:50:14,2026-04-11 20:12:56,2026-04-13,2026-04-09 19:40:54,2026-04-11,有机红枣夹核桃500g,PD00007,SP00007,SKU015,500g袋装,SKU015,500g袋装,ST015,食品生鲜,坚果零食,红枣,夹心红枣,1,39.00,39.00,34.12,33.92,0.00,1.95,1.71,1.22,0.00,0.20,0.00,0.00,0.00,20.34,物流太慢,仅退款,退货退款,河北省,石家庄,东城区,石家庄市东城区长安街139号,用户643,16535929175,发之前检查一下质量,,小程序,否,否,否,,支付宝,否,,,否,否,否,否,否,否,顺丰速运,YT86941348321,运输中,
2705000232,已付款,2026-04-09 03:05:23,2026-04-10 04:28:52,2026-04-14,2026-04-09 03:31:29,2026-04-11,有机红枣夹核桃500g,PD00007,SP00007,SKU016,1000g礼盒,SKU016,1000g礼盒,ST016,食品生鲜,坚果零食,红枣,夹心红枣,2,69.00,138.00,106.57,105.93,0.00,12.57,11.00,7.86,0.00,0.64,0.00,0.00,0.00,0.00,,,,河南省,郑州,武侯区,郑州市武侯区南京路166号,用户405,19312457100,,,小程序,否,否,是,王府井店,微信支付,否,12,,否,否,否,否,否,否,圆通速递,YT30639239026,运输中,
2705000112,已取消,2026-04-09 03:11:35,,,2026-04-09 17:04:34,2026-04-11,无线蓝牙耳机Pro版,PD00002,SP00002,SKU005,白色降噪版,SKU005,白色降噪版,ST005,数码电器,影音设备,耳机,无线耳机,1,189.00,189.00,188.52,187.39,0.00,0.19,0.17,0.12,0.00,1.13,0.00,0.00,0.00,0.00,,,,山东省,青岛,锦江区,青岛市锦江区中山路54号,用户387,13193410859,,,小程序,否,否,否,,支付宝,否,12,,是,否,否,否,否,是,韵达快递,YT97093121733,,
2705000441,已取消,2026-04-09 03:19:58,,,2026-04-09 11:05:03,2026-04-11,不锈钢保温杯大容量,PD00004,SP00004,SKU008,500ml-黑色,SKU008,500ml-黑色,ST008,家居生活,餐饮用具,保温杯,不锈钢保温杯,2,45.00,90.00,65.30,64.91,0.00,8.08,7.07,5.05,4.50,0.39,0.00,0.00,0.00,0.00,,,,湖南省,长沙,天河区,长沙市天河区南京路291号,用户204,14543755852,,,H5,否,否,否,,花呗分期,否,6,,是,否,否,否,否,否,韵达快递,YT25505032183,,
2705000159,待发货,2026-04-09 04:01:04,2026-04-10 11:44:11,2026-04-17,2026-04-09 17:28:04,2026-04-11,儿童益智积木拼装玩具,PD00003,SP00003,SKU006,大颗粒100粒,SKU006,大颗粒100粒,ST006,母婴玩具,益智玩具,积木,大颗粒积木,5,59.00,295.00,242.68,241.22,0.00,20.93,18.31,13.08,0.00,1.46,0.00,0.00,0.00,0.00,,,,北京市,北京,南山区,北京市南山区中山路59号,用户357,13550287185,,,APP-iOS,否,否,否,,微信支付,否,,,否,否,否,否,否,否,圆通速递,YT74158122218,运输中,
2705000204,已取消,2026-04-09 06:56:21,,,2026-04-09 08:53:22,2026-04-11,不锈钢保温杯大容量,PD00004,SP00004,SKU008,500ml-黑色,SKU008,500ml-黑色,ST008,家居生活,餐饮用具,保温杯,不锈钢保温杯,1,45.00,45.00,37.05,36.83,0.00,3.18,2.78,1.99,0.00,0.22,0.00,0.00,0.00,0.00,,,,河北省,石家庄,朝阳区,石家庄市朝阳区建设路146号,用户482,18410278894,,,小程序,否,否,否,,花呗分期,否,,,否,否,否,否,否,否,顺丰速运,YT47062058207,,
2705000190,已取消,2026-04-09 08:33:02,,,2026-04-09 16:19:26,2026-04-11,夏季冰丝凉席三件套,PD00001,SP00001,SKU001,1.5m床-灰色,SKU001,1.5m床-灰色,ST001,家居生活,床上用品,凉席,冰丝凉席,1,89.00,89.00,86.25,85.73,0.00,1.10,0.96,0.69,0.00,0.52,72.75,0.00,0.00,0.00,,,,湖南省,长沙,西城区,长沙市西城区人民路216号,用户736,17148158325,,,小程序,否,否,否,,花呗分期,否,,,否,否,否,否,否,否,极兔速递,YT51264585039,,
2705000131,已取消,2026-04-09 10:02:56,,,2026-04-09 01:51:34,2026-04-11,儿童益智积木拼装玩具,PD00003,SP00003,SKU006,大颗粒100粒,SKU006,大颗粒100粒,ST006,母婴玩具,益智玩具,积木,大颗粒积木,1,59.00,59.00,47.23,46.95,0.00,4.71,4.12,2.94,0.00,0.28,0.00,0.00,0.00,0.00,,,,云南省,昆明,锦江区,昆明市锦江区长安街109号,用户489,18702941971,麻烦包装好一点,,H5,是,否,否,,支付宝,否,,,否,否,否,否,否,否,中通快递,YT53454066948,,
2705000465,待发货,2026-04-10 03:15:25,2026-04-12 08:57:34,2026-04-15,2026-04-10 07:15:34,2026-04-12,桌面手机支架可折叠,PD00008,SP00008,SKU018,升级款-银色,SKU018,升级款-银色,ST018,数码电器,手机配件,支架,桌面支架,2,29.90,59.80,53.03,52.71,0.00,2.71,2.37,1.69,0.00,0.32,0.00,0.00,0.00,0.00,,,,天津市,天津,浦东新区,天津市浦东新区人民路285号,用户536,14991583841,送人用请精美包装,,APP-iOS,否,否,否,,花呗分期,否,,,否,否,否,否,否,是,顺丰速运,YT66793622552,派送中,集运
2705000275,已付款,2026-04-10 03:25:32,2026-04-11 15:32:01,2026-04-13,2026-04-10 00:38:07,2026-04-12,女士防晒衣轻薄透气,PD00006,SP00006,SKU014,L码-粉色,SKU014,L码-粉色,ST014,服饰内衣,女装,外套,防晒衣,1,69.00,69.00,66.21,65.81,0.00,1.11,0.98,0.70,0.00,0.40,0.00,0.00,0.00,0.00,,,,浙江省,杭州,天河区,杭州市天河区中山路114号,用户176,17326839457,,,APP-Android,否,否,否,,支付宝,否,,,否,否,否,否,是,是,邮政快递,YT54259609774,运输中,
2705000478,已发货,2026-04-10 05:51:33,2026-04-13 08:32:20,2026-04-20,2026-04-10 05:12:59,2026-04-12,夏季冰丝凉席三件套,PD00001,SP00001,SKU002,1.8m床-灰色,SKU002,1.8m床-灰色,ST002,家居生活,床上用品,凉席,冰丝凉席,1,109.00,109.00,78.73,78.26,0.00,9.93,8.69,6.20,5.45,0.47,58.80,0.00,0.00,0.00,,,,湖南省,长沙,朝阳区,长沙市朝阳区中山路59号,用户736,14700371092,,,网页,否,否,否,,支付宝,否,,,否,否,否,否,否,否,邮政快递,YT74947927555,运输中,
2705000447,已完成,2026-04-10 10:37:49,2026-04-10 04:20:25,2026-04-11,2026-04-10 05:20:25,2026-04-12,不锈钢保温杯大容量,PD00004,SP00004,SKU008,500ml-黑色,SKU008,500ml-黑色,ST008,家居生活,餐饮用具,保温杯,不锈钢保温杯,1,45.00,45.00,38.32,38.09,0.00,1.77,1.55,1.11,2.25,0.23,0.00,0.00,0.00,0.00,,,,福建省,厦门,福田区,厦门市福田区长安街65号,用户431,18622093319,送人用请精美包装,,H5,否,否,否,,微信支付,否,,,否,否,否,否,否,否,圆通速递,YT49699175525,运输中,
2705000333,已发货,2026-04-10 17:58:14,2026-04-12 02:38:57,2026-04-18,2026-04-10 23:26:51,2026-04-12,不锈钢保温杯大容量,PD00004,SP00004,SKU008,500ml-黑色,SKU008,500ml-黑色,ST008,家居生活,餐饮用具,保温杯,不锈钢保温杯,3,45.00,135.00,130.96,130.17,0.00,1.62,1.41,1.01,0.00,0.79,0.00,0.00,0.00,0.00,,,,上海市,上海,锦江区,上海市锦江区南京路63号,用户785,13763961998,,,小程序,否,是,否,,支付宝,否,,,否,否,否,否,否,否,顺丰速运,YT30383226332,运输中,
2705000197,已取消,2026-04-10 19:32:39,,,2026-04-10 00:03:28,2026-04-12,有机红枣夹核桃500g,PD00007,SP00007,SKU016,1000g礼盒,SKU016,1000g礼盒,ST016,食品生鲜,坚果零食,红枣,夹心红枣,3,69.00,207.00,190.17,189.03,0.00,6.73,5.89,4.21,0.00,1.14,0.00,0.00,0.00,0.00,,,,北京市,北京,海淀区,北京市海淀区建设路266号,用户723,17328874334,,,小程序,否,否,否,,多多支付,否,,,否,否,否,否,否,否,极兔速递,YT29415942727,,
2705000088,已取消,2026-04-10 22:51:00,,,2026-04-10 14:47:31,2026-04-12,桌面手机支架可折叠,PD00008,SP00008,SKU017,基础款-黑色,SKU017,基础款-黑色,ST017,数码电器,手机配件,支架,桌面支架,1,19.90,19.90,17.24,2.14,15.00,1.06,0.93,0.67,0.00,0.10,0.00,0.00,0.00,0.00,,,,重庆市,重庆,南山区,重庆市南山区解放路29号,用户136,18704820157,,,小程序,否,否,否,,微信支付,否,,,否,否,否,否,否,否,邮政快递,YT42629720194,,
2705000483,待发货,2026-04-11 04:14:57,2026-04-14 02:46:57,2026-04-15,2026-04-11 01:53:07,2026-04-13,男士运动休闲鞋透气款,PD00005,SP00005,SKU011,40码-黑色,SKU011,40码-黑色,ST011,运动户外,运动鞋服,运动鞋,跑步鞋,1,119.00,119.00,92.65,92.09,0.00,8.16,7.14,5.10,5.95,0.56,0.00,0.00,0.00,0.00,,,,湖北省,武汉,武侯区,武汉市武侯区中山路123号,用户780,16826146011,,,网页,否,否,否,,花呗分期,否,6,,是,否,否,否,否,否,极兔速递,YT59797005210,已签收,
2705000299,已退款,2026-04-11 04:27:20,2026-04-11 01:41:06,2026-04-13,2026-04-11 04:30:11,2026-04-13,夏季冰丝凉席三件套,PD00001,SP00001,SKU003,1.5m床-蓝色,SKU003,1.5m床-蓝色,ST003,家居生活,床上用品,凉席,冰丝凉席,1,89.00,89.00,76.51,76.05,0.00,3.22,2.81,2.01,4.45,0.46,0.00,0.00,0.00,67.57,物流太慢,仅退款,退款成功,陕西省,西安,武侯区,西安市武侯区建设路74号,用户357,19605018678,,,H5,否,否,否,,多多支付,否,,,否,否,否,否,是,否,圆通速递,YT99593855786,运输中,
2705000001,待发货,2026-04-11 12:10:08,2026-04-12 17:09:03,2026-04-14,2026-04-11 14:41:08,2026-04-13,男士运动休闲鞋透气款,PD00005,SP00005,SKU012,41码-白色,SKU012,41码-白色,ST012,运动户外,运动鞋服,运动鞋,跑步鞋,1,119.00,119.00,106.77,106.13,0.00,4.89,4.28,3.06,0.00,0.64,0.00,0.00,0.00,0.00,,,,广西,南宁,锦江区,南宁市锦江区南京路245号,用户776,19317282651,,,APP-iOS,否,否,否,,花呗分期,否,,,否,否,否,是,否,否,圆通速递,YT46861623478,运输中,
2705000467,已发货,2026-04-11 13:07:26,2026-04-13 18:03:15,2026-04-14,2026-04-11 08:37:16,2026-04-13,桌面手机支架可折叠,PD00008,SP00008,SKU018,升级款-银色,SKU018,升级款-银色,ST018,数码电器,手机配件,支架,桌面支架,1,29.90,29.90,23.06,14.83,8.00,2.74,2.39,1.71,0.00,0.23,0.00,0.00,0.00,0.00,,,,重庆市,重庆,武侯区,重庆市武侯区南京路191号,用户865,13801166996,,,APP-iOS,否,否,否,,多多支付,否,,,否,否,否,否,否,否,圆通速递,YT17797077005,运输中,
2705000452,已完成,2026-04-11 14:06:26,2026-04-14 09:26:52,2026-04-18,2026-04-11 12:53:16,2026-04-13,女士防晒衣轻薄透气,PD00006,SP00006,SKU013,M码-浅蓝,SKU013,M码-浅蓝,ST013,服饰内衣,女装,外套,防晒衣,5,69.00,345.00,289.11,287.38,0.00,22.36,19.56,13.97,0.00,1.73,0.00,0.00,0.00,167.01,商品与描述不符,仅退款,退款成功,江苏省,南京,南山区,南京市南山区长安街265号,用户533,16356034152,,,APP-iOS,否,否,否,,花呗分期,否,,,否,否,否,否,否,否,极兔速递,YT35047932260,派送中,
2705000507,已退款,2026-04-11 14:52:41,2026-04-13 20:15:53,2026-04-19,2026-04-11 17:50:16,2026-04-13,男士运动休闲鞋透气款,PD00005,SP00005,SKU011,40码-黑色,SKU011,40码-黑色,ST011,运动户外,运动鞋服,运动鞋,跑步鞋,1,119.00,119.00,99.20,98.60,0.00,7.92,6.93,4.95,0.00,0.60,0.00,0.00,0.00,97.79,质量问题,仅退款,退款成功,福建省,厦门,天河区,厦门市天河区长安街236号,用户732,19355344270,发之前检查一下质量,,H5,否,否,否,,花呗分期,否,,,否,否,否,否,否,否,极兔速递,YT56481519187,派送中,转运
2705000011,已付款,2026-04-11 18:14:46,2026-04-14 19:24:09,2026-04-17,2026-04-11 03:45:11,2026-04-13,不锈钢保温杯大容量,PD00004,SP00004,SKU009,800ml-银色,SKU009,800ml-银色,ST009,家居生活,餐饮用具,保温杯,不锈钢保温杯,1,65.00,65.00,52.17,51.86,0.00,5.13,4.49,3.21,0.00,0.31,0.00,0.00,0.00,0.00,,,,福建省,厦门,武侯区,厦门市武侯区长安街253号,用户134,15617584350,,要赠品,小程序,否,否,否,,微信支付,否,,,否,否,否,否,否,否,极兔速递,YT89044265045,运输中,
2705000366,已完成,2026-04-11 18:27:27,2026-04-11 15:08:15,2026-04-13,2026-04-11 08:48:23,2026-04-13,桌面手机支架可折叠,PD00008,SP00008,SKU018,升级款-银色,SKU018,升级款-银色,ST018,数码电器,手机配件,支架,桌面支架,2,29.90,59.80,50.60,50.30,0.00,2.49,2.17,1.55,2.99,0.30,0.00,0.00,0.00,21.77,物流太慢,仅退款,退款成功,陕西省,西安,天河区,西安市天河区人民路94号,用户473,13162119899,,,小程序,否,否,否,,微信支付,否,,,否,是,否,否,否,否,韵达快递,YT45506386540,派送中,
2705000133,已发货,2026-04-11 20:39:39,2026-04-14 14:50:32,2026-04-21,2026-04-11 09:07:16,2026-04-13,无线蓝牙耳机Pro版,PD00002,SP00002,SKU005,白色降噪版,SKU005,白色降噪版,ST005,数码电器,影音设备,耳机,无线耳机,1,189.00,189.00,159.48,158.52,0.00,11.81,10.33,7.38,0.00,0.96,0.00,0.00,0.00,0.00,,,,上海市,上海,浦东新区,上海市浦东新区南京路118号,用户741,19442399241,,,APP-iOS,否,否,否,,多多支付,否,,,否,否,否,否,否,否,邮政快递,YT52969818714,运输中,
2705000212,待发货,2026-04-12 00:36:46,2026-04-14 18:47:24,2026-04-15,2026-04-12 01:12:03,2026-04-14,桌面手机支架可折叠,PD00008,SP00008,SKU017,基础款-黑色,SKU017,基础款-黑色,ST017,数码电器,手机配件,支架,桌面支架,1,19.90,19.90,18.97,18.86,0.00,0.37,0.33,0.23,0.00,0.11,0.00,0.00,0.00,0.00,,,,福建省,厦门,福田区,厦门市福田区中山路6号,用户601,13216859096,,,H5,否,否,否,,支付宝,否,,,是,否,否,否,否,是,顺丰速运,YT43735139748,运输中,
2705000083,已完成,2026-04-12 04:51:05,2026-04-12 14:22:07,2026-04-15,2026-04-12 01:17:49,2026-04-14,夏季冰丝凉席三件套,PD00001,SP00001,SKU002,1.8m床-灰色,SKU002,1.8m床-灰色,ST002,家居生活,床上用品,凉席,冰丝凉席,1,109.00,109.00,88.51,87.98,0.00,8.20,7.17,5.12,0.00,0.53,0.00,0.00,0.00,0.00,,,,四川省,成都,东城区,成都市东城区建设路297号,用户453,17489032591,到货前短信通知,,网页,否,否,否,,花呗分期,否,,,否,否,否,否,否,否,圆通速递,YT24587261530,运输中,
2705000437,已付款,2026-04-12 06:16:33,2026-04-13 09:56:00,2026-04-15,2026-04-12 04:14:37,2026-04-14,儿童益智积木拼装玩具,PD00003,SP00003,SKU006,大颗粒100粒,SKU006,大颗粒100粒,ST006,母婴玩具,益智玩具,积木,大颗粒积木,1,59.00,59.00,48.23,47.94,0.00,3.13,2.74,1.95,2.95,0.29,0.00,0.00,0.00,0.00,,,,福建省,厦门,武侯区,厦门市武侯区建设路19号,用户505,19670069960,,,小程序,否,否,否,,支付宝,否,6,,否,否,否,否,否,否,邮政快递,YT14642601366,派送中,
2705000024,待发货,2026-04-12 07:54:58,2026-04-14 10:16:10,2026-04-15,2026-04-12 13:30:52,2026-04-14,儿童益智积木拼装玩具,PD00003,SP00003,SKU006,大颗粒100粒,SKU006,大颗粒100粒,ST006,母婴玩具,益智玩具,积木,大颗粒积木,1,59.00,59.00,48.06,47.77,0.00,3.19,2.80,2.00,2.95,0.29,0.00,0.00,0.00,0.00,,,,云南省,昆明,东城区,昆明市东城区南京路229号,用户888,14511643302,,,小程序,否,否,否,,花呗分期,否,6,,否,否,否,否,否,否,邮政快递,YT36768689675,运输中,
2705000515,已退款,2026-04-12 08:10:17,2026-04-15 06:54:40,2026-04-18,2026-04-12 11:12:21,2026-04-14,桌面手机支架可折叠,PD00008,SP00008,SKU017,基础款-黑色,SKU017,基础款-黑色,ST017,数码电器,手机配件,支架,桌面支架,1,19.90,19.90,16.68,16.58,0.00,0.89,0.78,0.56,0.99,0.10,0.00,0.00,0.00,11.50,卖家发错尺码,退货退款,退货退款,北京市,北京,福田区,北京市福田区南京路220号,用户426,18920166020,,,H5,否,否,否,,支付宝,否,,,否,否,否,否,是,否,韵达快递,YT18155150669,运输中,
2705000119,已发货,2026-04-12 10:12:47,2026-04-15 03:25:05,2026-04-18,2026-04-12 12:22:07,2026-04-14,夏季冰丝凉席三件套,PD00001,SP00001,SKU003,1.5m床-蓝色,SKU003,1.5m床-蓝色,ST003,家居生活,床上用品,凉席,冰丝凉席,3,89.00,267.00,206.45,205.21,0.00,24.22,21.19,15.14,0.00,1.24,0.00,0.00,0.00,0.00,,,,江西省,南昌,福田区,南昌市福田区中山路41号,用户374,14703300028,请尽快发货,,APP-Android,否,否,否,,微信支付,否,,买家,否,否,否,否,否,否,圆通速递,YT72921744310,已签收,
2705000244,已退款,2026-04-12 13:20:07,2026-04-13 06:35:06,2026-04-19,2026-04-12 22:50:27,2026-04-14,女士防晒衣轻薄透气,PD00006,SP00006,SKU014,L码-粉色,SKU014,L码-粉色,ST014,服饰内衣,女装,外套,防晒衣,1,69.00,69.00,64.04,63.66,0.00,0.60,0.53,0.38,3.45,0.38,0.00,0.00,0.00,39.31,物流太慢,仅退款,退款成功,浙江省,杭州,东城区,杭州市东城区人民路12号,用户979,17229070394,,,H5,否,否,否,,支付宝,否,,,否,否,否,否,否,是,圆通速递,YT17154201970,派送中,
2705000065,已完成,2026-04-12 15:29:37,2026-04-14 00:46:29,2026-04-21,2026-04-12 04:32:00,2026-04-14,桌面手机支架可折叠,PD00008,SP00008,SKU018,升级款-银色,SKU018,升级款-银色,ST018,数码电器,手机配件,支架,桌面支架,3,29.90,89.70,81.67,81.18,0.00,3.21,2.81,2.01,0.00,0.49,0.00,0.00,0.00,0.00,,,,河南省,郑州,西城区,郑州市西城区解放路89号,用户376,14205007132,,,小程序,否,否,否,,花呗分期,否,6,,否,否,否,否,否,否,顺丰速运,YT43459224880,运输中,
2705000269,已退款,2026-04-13 02:33:29,2026-04-13 14:04:35,2026-04-19,2026-04-13 04:33:06,2026-04-15,无线蓝牙耳机Pro版,PD00002,SP00002,SKU004,黑色标准版,SKU004,黑色标准版,ST004,数码电器,影音设备,耳机,无线耳机,3,129.00,387.00,384.40,382.09,0.00,1.04,0.91,0.65,0.00,2.31,0.00,0.00,0.00,253.94,质量问题,仅退款,退款成功,江西省,南昌,西城区,南昌市西城区解放路20号,用户963,19130064568,,,网页,否,否,否,,支付宝,否,,,否,否,否,否,否,否,邮政快递,YT74753468128,派送中,
2705000148,待发货,2026-04-13 03:30:57,2026-04-15 06:39:38,2026-04-16,2026-04-13 18:19:36,2026-04-15,女士防晒衣轻薄透气,PD00006,SP00006,SKU013,M码-浅蓝,SKU013,M码-浅蓝,ST013,服饰内衣,女装,外套,防晒衣,1,69.00,69.00,52.87,52.55,0.00,6.45,5.65,4.03,0.00,0.32,0.00,0.00,0.00,0.00,,,,重庆市,重庆,浦东新区,重庆市浦东新区长安街106号,用户634,13448833393,,要赠品,APP-Android,否,否,否,,多多支付,否,,,否,否,否,否,否,否,申通快递,YT35883144411,运输中,
2705000359,已取消,2026-04-13 07:17:18,,,2026-04-13 15:52:00,2026-04-15,女士防晒衣轻薄透气,PD00006,SP00006,SKU014,L码-粉色,SKU014,L码-粉色,ST014,服饰内衣,女装,外套,防晒衣,1,69.00,69.00,60.07,59.71,0.00,2.19,1.92,1.37,3.45,0.36,0.00,0.00,0.00,0.00,,,,浙江省,杭州,朝阳区,杭州市朝阳区解放路247号,用户624,14736174494,,,APP-iOS,否,否,否,,多多支付,否,,,否,否,否,否,否,否,圆通速递,YT23922960373,,
2705000019,待发货,2026-04-13 08:25:59,2026-04-15 12:45:05,2026-04-18,2026-04-13 14:17:46,2026-04-15,儿童益智积木拼装玩具,PD00003,SP00003,SKU007,大颗粒200粒,SKU007,大颗粒200粒,ST007,母婴玩具,益智玩具,积木,大颗粒积木,3,99.00,297.00,280.91,279.22,0.00,6.44,5.63,4.02,0.00,1.69,0.00,0.00,0.00,0.00,,,补发,辽宁省,沈阳,锦江区,沈阳市锦江区解放路14号,用户176,14915925390,发之前检查一下质量,,H5,否,否,否,,支付宝,否,,,否,否,否,否,否,否,申通快递,YT74515950640,已签收,
2705000498,已取消,2026-04-13 14:34:11,,,2026-04-13 17:45:54,2026-04-15,女士防晒衣轻薄透气,PD00006,SP00006,SKU013,M码-浅蓝,SKU013,M码-浅蓝,ST013,服饰内衣,女装,外套,防晒衣,2,69.00,138.00,134.55,133.74,0.00,1.38,1.21,0.86,0.00,0.81,0.00,0.00,0.00,0.00,,,,天津市,天津,海淀区,天津市海淀区解放路16号,用户825,19242693955,请尽快发货,要赠品,APP-iOS,否,否,否,,微信支付,否,,,否,否,否,是,否,否,韵达快递,YT90521623478,,
2705000003,待发货,2026-04-13 19:17:45,2026-04-15 21:09:15,2026-04-20,2026-04-13 06:40:52,2026-04-15,无线蓝牙耳机Pro版,PD00002,SP00002,SKU004,黑色标准版,SKU004,黑色标准版,ST004,数码电器,影音设备,耳机,无线耳机,1,129.00,129.00,92.12,91.57,0.00,12.17,10.65,7.61,6.45,0.55,0.00,0.00,0.00,0.00,,,,安徽省,合肥,浦东新区,合肥市浦东新区解放路150号,用户914,16450536718,,VIP客户,APP-iOS,否,是,否,,支付宝,否,,,否,否,否,否,否,否,韵达快递,YT10176607304,运输中,
2705000264,已取消,2026-04-14 02:16:42,,,2026-04-14 16:58:37,2026-04-16,夏季冰丝凉席三件套,PD00001,SP00001,SKU001,1.5m床-灰色,SKU001,1.5m床-灰色,ST001,家居生活,床上用品,凉席,冰丝凉席,1,89.00,89.00,82.67,82.17,0.00,2.53,2.22,1.58,0.00,0.50,0.00,24.33,0.00,0.00,,,,北京市,北京,天河区,北京市天河区解放路249号,用户965,18548865564,,,小程序,否,否,否,,多多支付,否,,,否,否,否,否,否,否,韵达快递,YT68967046384,,
2705000252,已取消,2026-04-14 06:10:11,,,2026-04-14 08:58:39,2026-04-16,有机红枣夹核桃500g,PD00007,SP00007,SKU015,500g袋装,SKU015,500g袋装,ST015,食品生鲜,坚果零食,红枣,夹心红枣,1,39.00,39.00,31.34,31.15,0.00,2.28,2.00,1.43,1.95,0.19,0.00,0.00,0.00,0.00,,,,福建省,厦门,浦东新区,厦门市浦东新区建设路117号,用户809,14311413094,送人用请精美包装,,APP-iOS,否,否,否,,微信支付,否,12,,否,否,否,否,否,否,申通快递,YT88154920069,,
2705000120,待发货,2026-04-14 07:48:47,2026-04-16 07:31:17,2026-04-17,2026-04-14 00:26:33,2026-04-16,不锈钢保温杯大容量,PD00004,SP00004,SKU009,800ml-银色,SKU009,800ml-银色,ST009,家居生活,餐饮用具,保温杯,不锈钢保温杯,5,65.00,325.00,267.78,265.10,0.00,16.39,14.34,10.24,16.25,2.68,0.00,0.00,0.00,0.00,,,,重庆市,重庆,西城区,重庆市西城区中山路210号,用户799,13218921736,发之前检查一下质量,,H5,否,否,是,王府井店,微信支付,否,,,否,否,否,否,是,否,中通快递,YT38916823434,运输中,
2705000189,待发货,2026-04-14 08:59:18,2026-04-16 21:06:31,2026-04-20,2026-04-14 13:01:52,2026-04-16,桌面手机支架可折叠,PD00008,SP00008,SKU018,升级款-银色,SKU018,升级款-银色,ST018,数码电器,手机配件,支架,桌面支架,1,29.90,29.90,23.43,23.29,0.00,2.59,2.26,1.62,0.00,0.14,0.00,0.00,0.00,0.00,,,,陕西省,西安,锦江区,西安市锦江区中山路223号,用户294,13805372681,麻烦包装好一点,老客户,APP-Android,否,否,否,,花呗分期,否,,商家,否,否,否,否,否,否,中通快递,YT98723339216,运输中,
2705000400,已取消,2026-04-14 12:52:01,,,2026-04-14 21:59:50,2026-04-16,儿童益智积木拼装玩具,PD00003,SP00003,SKU007,大颗粒200粒,SKU007,大颗粒200粒,ST007,母婴玩具,益智玩具,积木,大颗粒积木,2,99.00,198.00,189.15,188.02,0.00,3.54,3.10,2.21,0.00,1.13,0.00,0.00,0.00,0.00,,,,广东省,广州,福田区,广州市福田区人民路217号,用户554,14745701374,发之前检查一下质量,,网页,是,否,否,,多多支付,否,12,,否,否,否,否,否,否,极兔速递,YT46764902589,,
2705000494,已退款,2026-04-14 14:13:29,2026-04-15 23:30:30,2026-04-21,2026-04-14 18:32:10,2026-04-16,男士运动休闲鞋透气款,PD00005,SP00005,SKU012,41码-白色,SKU012,41码-白色,ST012,运动户外,运动鞋服,运动鞋,跑步鞋,3,119.00,357.00,254.73,253.20,0.00,33.77,29.55,21.10,17.85,1.53,0.00,0.00,0.00,152.50,卖家发错尺码,仅退款,退款成功,辽宁省,沈阳,海淀区,沈阳市海淀区建设路166号,用户192,19792396716,,,APP-Android,是,否,否,,微信支付,否,,,否,否,否,否,否,否,顺丰速运,YT49331839478,派送中,
2705000079,已付款,2026-04-14 15:27:43,2026-04-15 18:26:27,2026-04-19,2026-04-14 14:05:36,2026-04-16,桌面手机支架可折叠,PD00008,SP00008,SKU018,升级款-银色,SKU018,升级款-银色,ST018,数码电器,手机配件,支架,桌面支架,2,29.90,59.80,50.49,50.19,0.00,3.72,3.26,2.33,0.00,0.30,0.00,0.00,0.00,0.00,,,,广东省,广州,福田区,广州市福田区人民路162号,用户954,15571462833,,,APP-Android,否,否,否,,多多支付,否,3,,否,否,否,否,否,否,韵达快递,YT94941610496,运输中,
2705000491,已签收,2026-04-14 17:32:55,2026-04-16 16:34:33,2026-04-17,2026-04-14 09:58:27,2026-04-16,桌面手机支架可折叠,PD00008,SP00008,SKU018,升级款-银色,SKU018,升级款-银色,ST018,数码电器,手机配件,支架,桌面支架,1,29.90,29.90,26.84,26.68,0.00,0.62,0.55,0.39,1.50,0.16,0.00,0.00,0.00,11.62,收到商品破损,退货退款,退款成功,广东省,广州,锦江区,广州市锦江区南京路152号,用户295,13399005311,,,H5,否,否,否,,支付宝,否,,,否,否,否,否,否,否,申通快递,YT81710652432,运输中,
2705000377,已发货,2026-04-15 00:13:37,2026-04-17 10:11:18,2026-04-20,2026-04-15 19:54:20,2026-04-17,夏季冰丝凉席三件套,PD00001,SP00001,SKU001,1.5m床-灰色,SKU001,1.5m床-灰色,ST001,家居生活,床上用品,凉席,冰丝凉席,1,89.00,89.00,77.72,77.25,0.00,2.73,2.39,1.71,4.45,0.47,0.00,0.00,0.00,0.00,,,,湖南省,长沙,东城区,长沙市东城区解放路290号,用户377,16177779434,,,H5,否,否,否,,支付宝,否,,,否,否,否,否,否,否,圆通速递,YT28051840176,运输中,
2705000228,已完成,2026-04-15 02:42:16,2026-04-16 10:10:08,2026-04-21,2026-04-15 06:47:08,2026-04-17,无线蓝牙耳机Pro版,PD00002,SP00002,SKU005,白色降噪版,SKU005,白色降噪版,ST005,数码电器,影音设备,耳机,无线耳机,5,189.00,945.00,713.75,709.47,0.00,92.50,80.94,57.81,0.00,4.28,0.00,0.00,0.00,0.00,,,,福建省,厦门,武侯区,厦门市武侯区中山路139号,用户748,15166283703,,,APP-iOS,否,否,否,,多多支付,否,,,否,否,否,否,否,否,中通快递,YT45127828917,运输中,
2705000344,已取消,2026-04-15 02:54:52,,,2026-04-15 00:06:47,2026-04-17,桌面手机支架可折叠,PD00008,SP00008,SKU017,基础款-黑色,SKU017,基础款-黑色,ST017,数码电器,手机配件,支架,桌面支架,2,19.90,39.80,38.11,37.88,0.00,0.68,0.59,0.42,0.00,0.23,0.00,0.00,0.00,0.00,,,,辽宁省,沈阳,天河区,沈阳市天河区建设路283号,用户656,14225134663,,,APP-Android,否,否,否,,花呗分期,否,,,否,否,否,否,否,否,中通快递,YT58612715320,,
2705000493,已签收,2026-04-15 05:24:58,2026-04-16 06:58:13,2026-04-19,2026-04-15 10:08:44,2026-04-17,儿童益智积木拼装玩具,PD00003,SP00003,SKU006,大颗粒100粒,SKU006,大颗粒100粒,ST006,母婴玩具,益智玩具,积木,大颗粒积木,1,59.00,59.00,47.05,46.77,0.00,4.78,4.18,2.99,0.00,0.28,0.00,0.00,0.00,0.00,,,,重庆市,重庆,东城区,重庆市东城区建设路241号,用户684,18458197153,送人用请精美包装,,H5,否,否,否,,微信支付,否,,,否,否,否,否,是,否,极兔速递,YT99894700804,运输中,
2705000460,待发货,2026-04-15 08:52:37,2026-04-17 12:55:02,2026-04-18,2026-04-15 16:12:47,2026-04-17,儿童益智积木拼装玩具,PD00003,SP00003,SKU007,大颗粒200粒,SKU007,大颗粒200粒,ST007,母婴玩具,益智玩具,积木,大颗粒积木,1,99.00,99.00,76.34,75.88,0.00,7.08,6.20,4.43,4.95,0.46,0.00,0.00,0.00,0.00,,,,河北省,石家庄,东城区,石家庄市东城区中山路290号,用户660,15660198375,,,APP-iOS,否,否,否,,支付宝,否,12,,否,否,否,否,否,否,顺丰速运,YT67669401913,派送中,
2705000351,已付款,2026-04-15 09:54:12,2026-04-18 16:54:51,2026-04-20,2026-04-15 13:47:34,2026-04-17,女士防晒衣轻薄透气,PD00006,SP00006,SKU014,L码-粉色,SKU014,L码-粉色,ST014,服饰内衣,女装,外套,防晒衣,5,69.00,345.00,300.93,299.12,0.00,17.63,15.42,11.02,0.00,1.81,0.00,0.00,0.00,0.00,,,,上海市,上海,锦江区,上海市锦江区中山路227号,用户565,18979705519,,,APP-iOS,否,否,否,,支付宝,否,,,否,否,否,否,否,否,邮政快递,YT83875600275,运输中,
2705000021,待发货,2026-04-15 11:22:29,2026-04-16 22:25:44,2026-04-17,2026-04-15 02:10:04,2026-04-17,桌面手机支架可折叠,PD00008,SP00008,SKU018,升级款-银色,SKU018,升级款-银色,ST018,数码电器,手机配件,支架,桌面支架,1,29.90,29.90,23.87,23.73,0.00,1.81,1.59,1.13,1.50,0.14,0.00,0.00,0.00,19.37,不喜欢/效果不好,仅退款,退货退款,湖北省,武汉,海淀区,武汉市海淀区长安街21号,用户979,14505960561,发之前检查一下质量,,APP-Android,否,否,否,,花呗分期,否,,,否,是,否,否,否,否,圆通速递,YT96432617106,运输中,
2705000046,已签收,2026-04-15 16:39:31,2026-04-15 04:25:54,2026-04-20,2026-04-15 00:50:35,2026-04-17,女士防晒衣轻薄透气,PD00006,SP00006,SKU014,L码-粉色,SKU014,L码-粉色,ST014,服饰内衣,女装,外套,防晒衣,1,69.00,69.00,59.76,59.16,0.00,2.31,2.03,1.45,3.45,0.60,0.00,0.00,0.00,0.00,,,,江西省,南昌,天河区,南昌市天河区建设路29号,用户398,14961681599,,要赠品,H5,是,否,否,,支付宝,否,,商家,否,否,否,否,否,否,申通快递,YT22127695459,运输中,
2705000262,已签收,2026-04-15 17:59:52,2026-04-15 06:46:15,2026-04-21,2026-04-15 07:42:18,2026-04-17,有机红枣夹核桃500g,PD00007,SP00007,SKU016,1000g礼盒,SKU016,1000g礼盒,ST016,食品生鲜,坚果零食,红枣,夹心红枣,1,69.00,69.00,52.20,51.68,0.00,6.72,5.88,4.20,0.00,0.52,0.00,0.00,0.00,0.00,,,,湖北省,武汉,朝阳区,武汉市朝阳区中山路56号,用户415,16479369631,,,小程序,否,否,否,,多多支付,否,,,否,否,否,否,否,否,邮政快递,YT29431479102,已签收,
2705000331,已签收,2026-04-15 18:53:11,2026-04-18 13:59:07,2026-04-19,2026-04-15 00:35:31,2026-04-17,无线蓝牙耳机Pro版,PD00002,SP00002,SKU005,白色降噪版,SKU005,白色降噪版,ST005,数码电器,影音设备,耳机,无线耳机,1,189.00,189.00,187.48,186.36,0.00,0.61,0.53,0.38,0.00,1.12,0.00,0.00,0.00,0.00,,,换货,河南省,郑州,东城区,郑州市东城区解放路64号,用户100,15570690755,,,网页,否,否,否,,花呗分期,否,,,否,否,否,否,否,否,韵达快递,YT71959165551,运输中,
2705000113,待发货,2026-04-16 00:17:19,2026-04-16 16:29:36,2026-04-18,2026-04-16 21:45:53,2026-04-18,不锈钢保温杯大容量,PD00004,SP00004,SKU009,800ml-银色,SKU009,800ml-银色,ST009,家居生活,餐饮用具,保温杯,不锈钢保温杯,2,65.00,130.00,110.89,110.22,0.00,7.64,6.69,4.78,0.00,0.67,0.00,0.00,0.00,0.00,,,补发,江西省,南昌,武侯区,南昌市武侯区中山路146号,用户520,17922436650,,,H5,否,否,否,,多多支付,否,,商家,否,否,否,否,否,否,韵达快递,YT97600771078,已签收,
2705000073,已发货,2026-04-16 00:20:39,2026-04-17 09:47:28,2026-04-21,2026-04-16 18:11:55,2026-04-18,桌面手机支架可折叠,PD00008,SP00008,SKU018,升级款-银色,SKU018,升级款-银色,ST018,数码电器,手机配件,支架,桌面支架,2,29.90,59.80,56.48,56.14,0.00,1.33,1.16,0.83,0.00,0.34,0.00,0.00,0.00,0.00,,,,湖南省,长沙,天河区,长沙市天河区中山路249号,用户981,16647007871,,,网页,否,否,否,,支付宝,否,,,否,否,否,否,否,否,韵达快递,YT17349787182,运输中,
2705000239,已发货,2026-04-16 09:03:40,2026-04-19 13:50:16,2026-04-20,2026-04-16 20:31:17,2026-04-18,有机红枣夹核桃500g,PD00007,SP00007,SKU016,1000g礼盒,SKU016,1000g礼盒,ST016,食品生鲜,坚果零食,红枣,夹心红枣,2,69.00,138.00,105.18,104.13,0.00,10.37,9.07,6.48,6.90,1.05,0.00,0.00,0.00,0.00,,,,广东省,广州,海淀区,广州市海淀区长安街60号,用户508,15796382122,,,APP-iOS,否,否,否,,花呗分期,否,,,否,否,否,否,否,否,韵达快递,YT44571509175,派送中,
2705000317,已取消,2026-04-16 11:55:26,,,2026-04-16 15:23:12,2026-04-18,男士运动休闲鞋透气款,PD00005,SP00005,SKU011,40码-黑色,SKU011,40码-黑色,ST011,运动户外,运动鞋服,运动鞋,跑步鞋,3,119.00,357.00,337.82,335.79,0.00,7.67,6.71,4.80,0.00,2.03,0.00,0.00,0.00,0.00,,,,山东省,青岛,海淀区,青岛市海淀区长安街124号,用户152,13125469722,,,网页,否,否,否,,支付宝,否,3,,否,否,否,否,否,否,圆通速递,YT19068600504,,
2705000500,已付款,2026-04-16 18:35:18,2026-04-17 19:21:11,2026-04-21,2026-04-16 10:02:22,2026-04-18,不锈钢保温杯大容量,PD00004,SP00004,SKU009,800ml-银色,SKU009,800ml-银色,ST009,家居生活,餐饮用具,保温杯,不锈钢保温杯,1,65.00,65.00,59.17,58.81,0.00,2.33,2.04,1.46,0.00,0.36,0.00,0.00,0.00,0.00,,,,四川省,成都,武侯区,成都市武侯区南京路170号,用户780,18329294354,,,小程序,否,否,否,,支付宝,否,,,否,否,否,否,否,否,中通快递,YT35900149035,运输中,
2705000256,已取消,2026-04-17 03:02:12,,,2026-04-17 03:32:42,2026-04-19,有机红枣夹核桃500g,PD00007,SP00007,SKU015,500g袋装,SKU015,500g袋装,ST015,食品生鲜,坚果零食,红枣,夹心红枣,1,39.00,39.00,35.98,35.76,0.00,1.21,1.06,0.75,0.00,0.22,0.00,0.00,0.00,0.00,,,,江苏省,南京,福田区,南京市福田区中山路163号,用户950,18605792813,,,H5,否,否,否,,微信支付,否,,商家,否,否,否,否,否,否,顺丰速运,YT24788748340,,
2705000379,已取消,2026-04-17 04:18:56,,,2026-04-17 08:34:36,2026-04-19,桌面手机支架可折叠,PD00008,SP00008,SKU017,基础款-黑色,SKU017,基础款-黑色,ST017,数码电器,手机配件,支架,桌面支架,1,19.90,19.90,16.22,16.12,0.00,1.47,1.29,0.92,0.00,0.10,0.00,0.00,0.00,0.00,,,,四川省,成都,福田区,成都市福田区解放路164号,用户503,18698787648,,,小程序,否,否,否,,微信支付,否,,,否,否,否,否,否,否,申通快递,YT47654728914,,转运
2705000303,待发货,2026-04-17 05:18:16,2026-04-18 22:40:04,2026-04-23,2026-04-17 13:36:49,2026-04-19,有机红枣夹核桃500g,PD00007,SP00007,SKU016,1000g礼盒,SKU016,1000g礼盒,ST016,食品生鲜,坚果零食,红枣,夹心红枣,1,69.00,69.00,57.31,56.97,0.00,4.68,4.09,2.92,0.00,0.34,0.00,0.00,0.00,0.00,,,,天津市,天津,天河区,天津市天河区人民路138号,用户103,15687622099,,加急发货,网页,否,否,否,,微信支付,否,6,,否,否,否,否,否,是,韵达快递,YT25941171796,运输中,
2705000451,已完成,2026-04-17 08:24:46,2026-04-19 18:46:26,2026-04-23,2026-04-17 23:37:17,2026-04-19,儿童益智积木拼装玩具,PD00003,SP00003,SKU007,大颗粒200粒,SKU007,大颗粒200粒,ST007,母婴玩具,益智玩具,积木,大颗粒积木,1,99.00,99.00,95.63,95.06,0.00,1.35,1.18,0.84,0.00,0.57,0.00,0.00,0.00,0.00,,,,云南省,昆明,朝阳区,昆明市朝阳区建设路222号,用户959,13481421657,,,H5,否,否,否,,微信支付,否,,,否,否,否,否,是,否,邮政快递,YT94620642357,派送中,
2705000423,已签收,2026-04-17 15:44:39,2026-04-17 22:20:41,2026-04-19,2026-04-17 03:34:16,2026-04-19,儿童益智积木拼装玩具,PD00003,SP00003,SKU007,大颗粒200粒,SKU007,大颗粒200粒,ST007,母婴玩具,益智玩具,积木,大颗粒积木,2,99.00,198.00,172.88,171.84,0.00,10.05,8.79,6.28,0.00,1.04,0.00,0.00,0.00,0.00,,,,湖北省,武汉,南山区,武汉市南山区建设路237号,用户225,19379086167,,,H5,否,否,否,,支付宝,否,,,是,否,否,否,否,否,申通快递,YT31810743750,运输中,
2705000369,已签收,2026-04-17 22:48:43,2026-04-19 03:48:21,2026-04-24,2026-04-17 06:02:58,2026-04-19,儿童益智积木拼装玩具,PD00003,SP00003,SKU006,大颗粒100粒,SKU006,大颗粒100粒,ST006,母婴玩具,益智玩具,积木,大颗粒积木,1,59.00,59.00,50.05,49.75,0.00,2.40,2.10,1.50,2.95,0.30,0.00,0.00,0.00,0.00,,,,安徽省,合肥,东城区,合肥市东城区中山路288号,用户565,16987710434,,,网页,否,否,否,,花呗分期,否,,,是,否,否,否,否,否,邮政快递,YT71304622333,运输中,
2705000492,已付款,2026-04-18 02:37:31,2026-04-18 17:01:42,2026-04-20,2026-04-18 03:48:00,2026-04-20,儿童益智积木拼装玩具,PD00003,SP00003,SKU007,大颗粒200粒,SKU007,大颗粒200粒,ST007,母婴玩具,益智玩具,积木,大颗粒积木,3,99.00,297.00,270.03,268.41,0.00,10.79,9.44,6.74,0.00,1.62,0.00,0.00,0.00,0.00,,,,陕西省,西安,浦东新区,西安市浦东新区中山路240号,用户486,14888618029,,,H5,否,否,否,,花呗分期,否,,,否,否,否,否,否,否,极兔速递,YT50925419393,运输中,
2705000056,已付款,2026-04-18 03:18:27,2026-04-21 21:46:22,2026-04-24,2026-04-18 15:43:19,2026-04-20,男士运动休闲鞋透气款,PD00005,SP00005,SKU010,39码-黑色,SKU010,39码-黑色,ST010,运动户外,运动鞋服,运动鞋,跑步鞋,2,119.00,238.00,183.25,182.15,0.00,17.14,15.00,10.71,11.90,1.10,0.00,0.00,0.00,0.00,,,,河南省,郑州,南山区,郑州市南山区人民路136号,用户933,14142796444,,,小程序,否,否,否,,微信支付,否,,,否,否,否,否,否,是,申通快递,YT94750521039,运输中,
2705000186,已发货,2026-04-18 03:26:24,2026-04-21 15:42:56,2026-04-23,2026-04-18 15:53:56,2026-04-20,桌面手机支架可折叠,PD00008,SP00008,SKU018,升级款-银色,SKU018,升级款-银色,ST018,数码电器,手机配件,支架,桌面支架,1,29.90,29.90,25.07,24.92,0.00,1.93,1.69,1.21,0.00,0.15,0.00,0.00,0.00,0.00,,,,云南省,昆明,锦江区,昆明市锦江区南京路113号,用户705,19429661084,,,H5,否,否,否,,支付宝,否,,买家,否,否,否,否,否,否,极兔速递,YT22273636068,运输中,集运
2705000372,待发货,2026-04-18 05:55:00,2026-04-19 21:33:49,2026-04-21,2026-04-18 11:08:24,2026-04-20,女士防晒衣轻薄透气,PD00006,SP00006,SKU013,M码-浅蓝,SKU013,M码-浅蓝,ST013,服饰内衣,女装,外套,防晒衣,2,69.00,138.00,121.84,121.11,0.00,6.46,5.66,4.04,0.00,0.73,0.00,0.00,0.00,0.00,,,,重庆市,重庆,东城区,重庆市东城区长安街143号,用户232,17738269208,,,APP-Android,否,否,否,,微信支付,否,,,否,否,否,否,否,是,极兔速递,YT90133456149,已签收,
2705000368,已付款,2026-04-18 06:23:36,2026-04-18 01:49:22,2026-04-23,2026-04-18 17:06:45,2026-04-20,儿童益智积木拼装玩具,PD00003,SP00003,SKU007,大颗粒200粒,SKU007,大颗粒200粒,ST007,母婴玩具,益智玩具,积木,大颗粒积木,1,99.00,99.00,94.88,94.31,0.00,1.65,1.44,1.03,0.00,0.57,0.00,0.00,0.00,0.00,,,,湖北省,武汉,武侯区,武汉市武侯区解放路219号,用户211,14288751018,到货前短信通知,,网页,否,否,否,,花呗分期,否,,买家,否,否,否,否,否,否,申通快递,YT42936297910,已签收,
2705000014,待发货,2026-04-18 10:38:23,2026-04-19 02:45:51,2026-04-22,2026-04-18 05:58:04,2026-04-20,女士防晒衣轻薄透气,PD00006,SP00006,SKU013,M码-浅蓝,SKU013,M码-浅蓝,ST013,服饰内衣,女装,外套,防晒衣,1,69.00,69.00,53.42,53.10,0.00,6.23,5.45,3.90,0.00,0.32,0.00,0.00,0.00,0.00,,,,广西,南宁,西城区,南宁市西城区南京路79号,用户883,16640739470,,,小程序,是,否,否,,多多支付,否,6,,否,否,否,否,否,否,顺丰速运,YT26629435937,派送中,
2705000157,已取消,2026-04-18 11:01:13,,,2026-04-18 20:23:00,2026-04-20,不锈钢保温杯大容量,PD00004,SP00004,SKU009,800ml-银色,SKU009,800ml-银色,ST009,家居生活,餐饮用具,保温杯,不锈钢保温杯,3,65.00,195.00,179.48,178.40,0.00,6.21,5.43,3.88,0.00,1.08,0.00,0.00,0.00,0.00,,,,江苏省,南京,海淀区,南京市海淀区解放路271号,用户785,17367400261,,,网页,否,否,否,,支付宝,否,,,否,否,否,否,否,否,申通快递,YT86677861973,,
2705000022,已退款,2026-04-18 12:21:21,2026-04-20 16:10:42,2026-04-24,2026-04-18 19:16:03,2026-04-20,儿童益智积木拼装玩具,PD00003,SP00003,SKU007,大颗粒200粒,SKU007,大颗粒200粒,ST007,母婴玩具,益智玩具,积木,大颗粒积木,2,99.00,198.00,177.52,176.45,0.00,8.19,7.17,5.12,0.00,1.07,0.00,0.00,0.00,103.15,不喜欢/效果不好,仅退款,退货退款,湖北省,武汉,浦东新区,武汉市浦东新区南京路50号,用户301,15790145329,,,网页,否,否,否,,支付宝,否,,,否,否,否,否,否,否,中通快递,YT58495357734,派送中,
2705000309,已取消,2026-04-18 15:26:06,,,2026-04-18 03:48:27,2026-04-20,有机红枣夹核桃500g,PD00007,SP00007,SKU015,500g袋装,SKU015,500g袋装,ST015,食品生鲜,坚果零食,红枣,夹心红枣,1,39.00,39.00,31.72,31.53,0.00,2.91,2.55,1.82,0.00,0.19,0.00,0.00,0.00,0.00,,,,天津市,天津,西城区,天津市西城区南京路24号,用户829,16568201600,,,H5,是,否,否,,微信支付,否,,,是,否,否,否,否,否,圆通速递,YT36044651953,,
2705000219,已完成,2026-04-18 21:12:05,2026-04-20 12:41:44,2026-04-23,2026-04-18 11:50:32,2026-04-20,无线蓝牙耳机Pro版,PD00002,SP00002,SKU004,黑色标准版,SKU004,黑色标准版,ST004,数码电器,影音设备,耳机,无线耳机,2,129.00,258.00,240.07,238.63,0.00,2.01,1.76,1.26,12.90,1.44,0.00,0.00,0.00,0.00,,,,湖南省,长沙,武侯区,长沙市武侯区长安街86号,用户557,19649846087,,,小程序,否,否,否,,多多支付,否,,,否,否,否,否,否,否,邮政快递,YT58351540110,运输中,
2705000293,已签收,2026-04-19 02:08:49,2026-04-20 07:45:52,2026-04-25,2026-04-19 21:14:05,2026-04-21,儿童益智积木拼装玩具,PD00003,SP00003,SKU006,大颗粒100粒,SKU006,大颗粒100粒,ST006,母婴玩具,益智玩具,积木,大颗粒积木,1,59.00,59.00,57.02,56.68,0.00,0.79,0.69,0.50,0.00,0.34,0.00,0.00,0.00,0.00,,,,广西,南宁,朝阳区,南宁市朝阳区解放路167号,用户656,14680966060,,,H5,否,否,否,,支付宝,否,,,否,否,否,否,否,否,中通快递,YT83899497937,运输中,
2705000096,待发货,2026-04-19 05:08:33,2026-04-22 10:19:38,2026-04-28,2026-04-19 16:55:02,2026-04-21,不锈钢保温杯大容量,PD00004,SP00004,SKU008,500ml-黑色,SKU008,500ml-黑色,ST008,家居生活,餐饮用具,保温杯,不锈钢保温杯,2,45.00,90.00,77.91,77.44,0.00,4.84,4.23,3.02,0.00,0.47,0.00,0.00,0.00,0.00,,,,上海市,上海,武侯区,上海市武侯区南京路268号,用户215,16466675327,麻烦包装好一点,,APP-iOS,否,否,否,,支付宝,否,,,否,否,否,否,否,否,邮政快递,YT28534547094,派送中,
2705000128,待发货,2026-04-19 06:30:37,2026-04-22 11:06:37,2026-04-24,2026-04-19 00:18:17,2026-04-21,桌面手机支架可折叠,PD00008,SP00008,SKU018,升级款-银色,SKU018,升级款-银色,ST018,数码电器,手机配件,支架,桌面支架,3,29.90,89.70,75.61,75.16,0.00,5.64,4.93,3.52,0.00,0.45,0.00,0.00,0.00,0.00,,,,湖南省,长沙,南山区,长沙市南山区长安街11号,用户270,17938846970,,,H5,否,否,否,,多多支付,否,3,,否,否,否,否,否,否,中通快递,YT85810883906,运输中,
2705000192,已退款,2026-04-19 07:45:28,2026-04-21 03:35:18,2026-04-28,2026-04-19 21:56:53,2026-04-21,儿童益智积木拼装玩具,PD00003,SP00003,SKU007,大颗粒200粒,SKU007,大颗粒200粒,ST007,母婴玩具,益智玩具,积木,大颗粒积木,2,99.00,198.00,168.11,167.10,0.00,11.96,10.46,7.47,0.00,1.01,0.00,0.00,0.00,113.76,物流太慢,退货退款,退款成功,湖南省,长沙,朝阳区,长沙市朝阳区南京路213号,用户145,18707285745,,,网页,否,否,否,,多多支付,否,,,否,否,否,否,否,否,圆通速递,YT75861593048,派送中,
2705000093,已付款,2026-04-19 09:18:41,2026-04-21 08:35:34,2026-04-22,2026-04-19 06:15:01,2026-04-21,有机红枣夹核桃500g,PD00007,SP00007,SKU015,500g袋装,SKU015,500g袋装,ST015,食品生鲜,坚果零食,红枣,夹心红枣,5,39.00,195.00,173.88,172.84,0.00,8.45,7.39,5.28,0.00,1.04,0.00,0.00,0.00,0.00,,,,安徽省,合肥,东城区,合肥市东城区建设路223号,用户747,17898864732,,,APP-Android,否,否,否,,支付宝,否,,,是,否,否,否,否,否,极兔速递,YT55896257118,运输中,
2705000008,已付款,2026-04-19 10:42:20,2026-04-22 18:02:35,2026-04-26,2026-04-19 20:59:18,2026-04-21,儿童益智积木拼装玩具,PD00003,SP00003,SKU006,大颗粒100粒,SKU006,大颗粒100粒,ST006,母婴玩具,益智玩具,积木,大颗粒积木,3,59.00,177.00,165.22,164.23,0.00,4.71,4.12,2.95,0.00,0.99,0.00,0.00,0.00,0.00,,,,河南省,郑州,南山区,郑州市南山区中山路127号,用户858,13900273884,,,网页,否,否,否,,花呗分期,否,,,否,否,否,否,否,否,韵达快递,YT22362416715,派送中,
2705000389,待发货,2026-04-20 02:21:23,2026-04-21 08:00:57,2026-04-24,2026-04-20 08:49:56,2026-04-22,男士运动休闲鞋透气款,PD00005,SP00005,SKU012,41码-白色,SKU012,41码-白色,ST012,运动户外,运动鞋服,运动鞋,跑步鞋,1,119.00,119.00,104.53,103.90,0.00,5.79,5.06,3.62,0.00,0.63,0.00,0.00,0.00,0.00,,,,辽宁省,沈阳,海淀区,沈阳市海淀区中山路195号,用户854,16304090852,,,APP-iOS,是,否,否,,多多支付,否,6,,否,否,否,否,否,是,申通快递,YT70243867073,运输中,
2705000117,已退款,2026-04-20 04:58:29,2026-04-21 13:12:58,2026-04-24,2026-04-20 22:51:18,2026-04-22,有机红枣夹核桃500g,PD00007,SP00007,SKU015,500g袋装,SKU015,500g袋装,ST015,食品生鲜,坚果零食,红枣,夹心红枣,1,39.00,39.00,31.88,31.69,0.00,2.85,2.49,1.78,0.00,0.19,0.00,0.00,0.00,21.55,物流太慢,退货退款,退款成功,上海市,上海,浦东新区,上海市浦东新区长安街153号,用户332,14197627944,,,小程序,否,否,否,,花呗分期,否,,,否,否,否,否,否,否,邮政快递,YT22451796812,运输中,
2705000471,已取消,2026-04-20 11:49:29,,,2026-04-20 05:39:39,2026-04-22,不锈钢保温杯大容量,PD00004,SP00004,SKU009,800ml-银色,SKU009,800ml-银色,ST009,家居生活,餐饮用具,保温杯,不锈钢保温杯,1,65.00,65.00,56.00,55.66,0.00,3.60,3.15,2.25,0.00,0.34,0.00,0.00,0.00,0.00,,,,浙江省,杭州,武侯区,杭州市武侯区人民路22号,用户927,16369188410,,,小程序,否,否,否,,微信支付,否,,商家,否,否,否,是,否,否,邮政快递,YT53077558215,,
2705000037,已退款,2026-04-20 15:45:58,2026-04-21 09:48:30,2026-04-25,2026-04-20 22:44:35,2026-04-22,夏季冰丝凉席三件套,PD00001,SP00001,SKU003,1.5m床-蓝色,SKU003,1.5m床-蓝色,ST003,家居生活,床上用品,凉席,冰丝凉席,2,89.00,178.00,125.27,124.52,0.00,17.53,15.34,10.96,8.90,0.75,0.00,0.00,0.00,75.88,卖家发错尺码,仅退款,退款成功,陕西省,西安,西城区,西安市西城区长安街254号,用户415,14528908115,,,APP-iOS,是,否,否,,支付宝,否,,商家,否,否,否,否,是,否,邮政快递,YT16358994614,派送中,
2705000067,已取消,2026-04-20 16:16:05,,,2026-04-20 00:18:00,2026-04-22,桌面手机支架可折叠,PD00008,SP00008,SKU017,基础款-黑色,SKU017,基础款-黑色,ST017,数码电器,手机配件,支架,桌面支架,1,19.90,19.90,16.99,16.89,0.00,0.77,0.67,0.48,0.99,0.10,0.00,0.00,0.00,0.00,,,,广西,南宁,西城区,南宁市西城区解放路231号,用户780,16996249920,,VIP客户,APP-iOS,否,否,否,,微信支付,否,,,否,否,否,否,否,否,顺丰速运,YT86979137533,,
2705000364,已退款,2026-04-20 17:02:32,2026-04-21 10:09:18,2026-04-27,2026-04-20 23:31:38,2026-04-22,女士防晒衣轻薄透气,PD00006,SP00006,SKU014,L码-粉色,SKU014,L码-粉色,ST014,服饰内衣,女装,外套,防晒衣,5,69.00,345.00,258.04,256.49,0.00,27.88,24.40,17.43,17.25,1.55,0.00,0.00,0.00,213.39,收到商品破损,退货退款,退款成功,天津市,天津,朝阳区,天津市朝阳区人民路42号,用户324,19342361458,,,网页,否,否,否,,多多支付,否,,,否,否,否,否,否,否,邮政快递,YT53118143431,派送中,
2705000265,已付款,2026-04-20 17:19:56,2026-04-20 03:36:26,2026-04-24,2026-04-20 18:30:31,2026-04-22,不锈钢保温杯大容量,PD00004,SP00004,SKU009,800ml-银色,SKU009,800ml-银色,ST009,家居生活,餐饮用具,保温杯,不锈钢保温杯,3,65.00,195.00,176.05,174.99,0.00,3.68,3.22,2.30,9.75,1.06,0.00,0.00,0.00,0.00,,,,湖南省,长沙,天河区,长沙市天河区建设路130号,用户153,17683633146,,,APP-Android,是,否,否,,微信支付,否,,,否,否,否,否,否,否,邮政快递,YT52625192698,运输中,
2705000499,已付款,2026-04-20 19:49:22,2026-04-20 10:44:24,2026-04-21,2026-04-20 03:11:52,2026-04-22,儿童益智积木拼装玩具,PD00003,SP00003,SKU006,大颗粒100粒,SKU006,大颗粒100粒,ST006,母婴玩具,益智玩具,积木,大颗粒积木,1,59.00,59.00,42.54,42.28,0.00,5.40,4.73,3.38,2.95,0.26,0.00,0.00,0.00,0.00,,,,福建省,厦门,南山区,厦门市南山区中山路8号,用户939,19498162929,,,小程序,否,否,否,,支付宝,否,,买家,是,否,否,否,否,否,邮政快递,YT51527984678,已签收,
2705000036,已付款,2026-04-20 20:19:44,2026-04-22 12:49:52,2026-04-29,2026-04-20 03:14:00,2026-04-22,无线蓝牙耳机Pro版,PD00002,SP00002,SKU005,白色降噪版,SKU005,白色降噪版,ST005,数码电器,影音设备,耳机,无线耳机,1,189.00,189.00,183.72,182.62,0.00,2.11,1.85,1.32,0.00,1.10,0.00,0.00,0.00,0.00,,,,广东省,广州,南山区,广州市南山区中山路56号,用户242,14797323561,请尽快发货,,APP-Android,否,否,否,,支付宝,否,,,是,否,否,否,否,否,申通快递,YT43717899569,派送中,
2705000355,已签收,2026-04-20 20:47:09,2026-04-22 17:48:10,2026-04-24,2026-04-20 18:01:47,2026-04-22,不锈钢保温杯大容量,PD00004,SP00004,SKU009,800ml-银色,SKU009,800ml-银色,ST009,家居生活,餐饮用具,保温杯,不锈钢保温杯,3,65.00,195.00,142.82,141.96,0.00,16.97,14.85,10.61,9.75,0.86,0.00,0.00,0.00,0.00,,,,福建省,厦门,海淀区,厦门市海淀区南京路300号,用户704,18209502297,,,H5,否,否,否,,多多支付,否,,,否,否,否,否,否,否,中通快递,YT28571069238,运输中,集运
2705000506,已取消,2026-04-20 21:53:19,,,2026-04-20 19:16:39,2026-04-22,儿童益智积木拼装玩具,PD00003,SP00003,SKU007,大颗粒200粒,SKU007,大颗粒200粒,ST007,母婴玩具,益智玩具,积木,大颗粒积木,5,99.00,495.00,456.56,453.82,0.00,5.48,4.79,3.42,24.75,2.74,0.00,0.00,0.00,0.00,,,,陕西省,西安,锦江区,西安市锦江区中山路95号,用户516,17268770588,,,小程序,否,否,否,,花呗分期,否,,,否,否,否,否,否,是,顺丰速运,YT98295419241,,
2705000393,已发货,2026-04-20 22:54:48,2026-04-21 18:34:21,2026-04-25,2026-04-20 02:25:24,2026-04-22,有机红枣夹核桃500g,PD00007,SP00007,SKU015,500g袋装,SKU015,500g袋装,ST015,食品生鲜,坚果零食,红枣,夹心红枣,1,39.00,39.00,31.00,30.81,0.00,3.20,2.80,2.00,0.00,0.19,0.00,0.00,0.00,0.00,,,,四川省,成都,锦江区,成都市锦江区解放路84号,用户200,16854677309,麻烦包装好一点,,APP-iOS,否,否,否,,支付宝,否,,,否,否,否,否,否,否,圆通速递,YT49949810722,派送中,
2705000196,已发货,2026-04-21 03:01:52,2026-04-24 23:17:10,2026-04-28,2026-04-21 07:07:11,2026-04-23,桌面手机支架可折叠,PD00008,SP00008,SKU017,基础款-黑色,SKU017,基础款-黑色,ST017,数码电器,手机配件,支架,桌面支架,1,19.90,19.90,16.97,16.87,0.00,1.17,1.03,0.73,0.00,0.10,0.00,0.00,0.00,0.00,,,,广西,南宁,天河区,南宁市天河区人民路223号,用户973,14975495791,,,网页,否,否,否,,支付宝,否,,,否,否,否,否,否,是,韵达快递,YT73949522449,派送中,集运
2705000519,已签收,2026-04-21 05:48:53,2026-04-22 04:38:45,2026-04-28,2026-04-21 12:44:20,2026-04-23,不锈钢保温杯大容量,PD00004,SP00004,SKU008,500ml-黑色,SKU008,500ml-黑色,ST008,家居生活,餐饮用具,保温杯,不锈钢保温杯,1,45.00,45.00,40.83,40.59,0.00,1.67,1.46,1.04,0.00,0.24,33.93,0.00,0.00,0.00,,,,福建省,厦门,天河区,厦门市天河区人民路119号,用户905,14793184453,,加急发货,APP-Android,否,否,否,,支付宝,否,,,否,否,否,否,否,否,中通快递,YT56619703852,派送中,
2705000005,已签收,2026-04-21 06:17:46,2026-04-21 00:00:10,2026-04-22,2026-04-21 06:13:29,2026-04-23,女士防晒衣轻薄透气,PD00006,SP00006,SKU013,M码-浅蓝,SKU013,M码-浅蓝,ST013,服饰内衣,女装,外套,防晒衣,1,69.00,69.00,57.19,56.85,0.00,4.73,4.13,2.95,0.00,0.34,0.00,0.00,0.00,0.00,,,换货,云南省,昆明,东城区,昆明市东城区中山路267号,用户447,13595039753,到货前短信通知,,网页,否,否,否,,微信支付,否,,,否,否,否,否,是,是,极兔速递,YT58551546322,运输中,
2705000408,已完成,2026-04-21 10:56:54,2026-04-23 18:12:42,2026-04-28,2026-04-21 20:38:17,2026-04-23,无线蓝牙耳机Pro版,PD00002,SP00002,SKU005,白色降噪版,SKU005,白色降噪版,ST005,数码电器,影音设备,耳机,无线耳机,1,189.00,189.00,155.72,154.79,0.00,13.31,11.65,8.32,0.00,0.93,0.00,0.00,0.00,0.00,,,,云南省,昆明,锦江区,昆明市锦江区长安街128号,用户721,19971071158,到货前短信通知,,APP-iOS,否,否,否,,微信支付,否,6,商家,否,否,否,否,否,否,极兔速递,YT82989446773,运输中,
2705000300,已完成,2026-04-21 11:02:58,2026-04-24 23:16:08,2026-04-29,2026-04-21 21:08:06,2026-04-23,夏季冰丝凉席三件套,PD00001,SP00001,SKU002,1.8m床-灰色,SKU002,1.8m床-灰色,ST002,家居生活,床上用品,凉席,冰丝凉席,3,109.00,327.00,248.27,246.78,0.00,31.49,27.56,19.68,0.00,1.49,0.00,0.00,0.00,0.00,,,,浙江省,杭州,西城区,杭州市西城区解放路184号,用户555,13740802716,,,H5,否,否,否,,微信支付,否,,,否,否,否,否,否,否,圆通速递,YT87276203619,运输中,
2705000324,已退款,2026-04-21 14:35:34,2026-04-24 03:16:16,2026-04-30,2026-04-21 23:06:32,2026-04-23,不锈钢保温杯大容量,PD00004,SP00004,SKU008,500ml-黑色,SKU008,500ml-黑色,ST008,家居生活,餐饮用具,保温杯,不锈钢保温杯,2,45.00,90.00,72.67,72.23,0.00,5.13,4.49,3.21,4.50,0.44,0.00,0.00,0.00,53.11,发错货/漏发,仅退款,退款成功,广东省,广州,海淀区,广州市海淀区南京路130号,用户301,19928167668,,,H5,否,否,否,,花呗分期,否,6,,否,否,否,否,否,否,圆通速递,YT90426052995,运输中,
2705000090,已付款,2026-04-21 18:58:12,2026-04-23 13:31:04,2026-04-25,2026-04-21 13:45:54,2026-04-23,桌面手机支架可折叠,PD00008,SP00008,SKU017,基础款-黑色,SKU017,基础款-黑色,ST017,数码电器,手机配件,支架,桌面支架,1,19.90,19.90,19.30,19.18,0.00,0.24,0.21,0.15,0.00,0.12,0.00,0.00,0.00,10.74,质量问题,仅退款,退款成功,天津市,天津,武侯区,天津市武侯区长安街78号,用户131,17690136326,,,网页,否,否,否,,多多支付,否,,,否,否,否,否,否,否,圆通速递,YT43878363934,派送中,
2705000223,已付款,2026-04-21 19:36:48,2026-04-22 14:34:23,2026-04-23,2026-04-21 15:53:42,2026-04-23,女士防晒衣轻薄透气,PD00006,SP00006,SKU013,M码-浅蓝,SKU013,M码-浅蓝,ST013,服饰内衣,女装,外套,防晒衣,3,69.00,207.00,204.69,203.46,0.00,0.92,0.81,0.58,0.00,1.23,0.00,0.00,0.00,0.00,,,,陕西省,西安,锦江区,西安市锦江区建设路209号,用户769,19305219285,,,H5,否,否,否,,支付宝,否,,,否,否,否,否,否,否,申通快递,YT93321001988,运输中,
2705000469,已退款,2026-04-21 22:08:55,2026-04-22 00:07:37,2026-04-25,2026-04-21 15:56:44,2026-04-23,男士运动休闲鞋透气款,PD00005,SP00005,SKU010,39码-黑色,SKU010,39码-黑色,ST010,运动户外,运动鞋服,运动鞋,跑步鞋,1,119.00,119.00,94.59,94.02,0.00,9.77,8.54,6.10,0.00,0.57,0.00,0.00,0.00,29.93,收到商品破损,退货退款,退款成功,河南省,郑州,天河区,郑州市天河区长安街99号,用户651,15619246417,到货前短信通知,,H5,否,否,否,,微信支付,否,,,否,否,否,否,是,否,申通快递,YT19911275257,运输中,
2705000384,待发货,2026-04-22 01:01:26,2026-04-23 04:29:26,2026-04-26,2026-04-22 10:44:36,2026-04-24,有机红枣夹核桃500g,PD00007,SP00007,SKU016,1000g礼盒,SKU016,1000g礼盒,ST016,食品生鲜,坚果零食,红枣,夹心红枣,1,69.00,69.00,68.05,67.64,0.00,0.38,0.33,0.24,0.00,0.41,0.00,0.00,0.00,0.00,,,,辽宁省,沈阳,浦东新区,沈阳市浦东新区中山路255号,用户579,19832764980,到货前短信通知,,APP-iOS,否,否,否,,微信支付,否,,,是,否,否,否,否,否,邮政快递,YT55047455020,派送中,
2705000505,已付款,2026-04-22 04:11:34,2026-04-22 01:30:51,2026-04-29,2026-04-22 03:25:03,2026-04-24,男士运动休闲鞋透气款,PD00005,SP00005,SKU011,40码-黑色,SKU011,40码-黑色,ST011,运动户外,运动鞋服,运动鞋,跑步鞋,1,119.00,119.00,104.67,104.04,0.00,3.35,2.93,2.10,5.95,0.63,0.00,0.00,0.00,0.00,,,,广东省,广州,朝阳区,广州市朝阳区长安街147号,用户469,16391749375,,,小程序,否,否,否,,微信支付,否,6,,否,否,否,否,是,否,顺丰速运,YT45699172916,派送中,
2705000445,已取消,2026-04-22 07:13:26,,,2026-04-22 20:03:51,2026-04-24,桌面手机支架可折叠,PD00008,SP00008,SKU018,升级款-银色,SKU018,升级款-银色,ST018,数码电器,手机配件,支架,桌面支架,2,29.90,59.80,52.85,52.53,0.00,2.78,2.43,1.74,0.00,0.32,0.00,0.00,0.00,0.00,,,,湖南省,长沙,东城区,长沙市东城区长安街7号,用户623,16775967541,,,网页,否,否,否,,支付宝,否,,商家,否,否,否,否,否,否,中通快递,YT61187099158,,
2705000085,已完成,2026-04-22 13:59:20,2026-04-23 18:56:21,2026-04-24,2026-04-22 08:22:52,2026-04-24,儿童益智积木拼装玩具,PD00003,SP00003,SKU006,大颗粒100粒,SKU006,大颗粒100粒,ST006,母婴玩具,益智玩具,积木,大颗粒积木,2,59.00,118.00,102.73,102.11,0.00,3.75,3.28,2.34,5.90,0.62,0.00,0.00,0.00,0.00,,,,广西,南宁,锦江区,南宁市锦江区长安街217号,用户316,15748140880,,,APP-Android,否,否,否,,花呗分期,否,,,否,否,否,否,否,否,顺丰速运,YT91985469192,运输中,
2705000410,已发货,2026-04-23 03:16:10,2026-04-24 13:09:43,2026-05-01,2026-04-23 06:27:22,2026-04-25,儿童益智积木拼装玩具,PD00003,SP00003,SKU007,大颗粒200粒,SKU007,大颗粒200粒,ST007,母婴玩具,益智玩具,积木,大颗粒积木,1,99.00,99.00,92.45,91.90,0.00,2.62,2.29,1.64,0.00,0.55,0.00,0.00,0.00,0.00,,,,辽宁省,沈阳,浦东新区,沈阳市浦东新区中山路25号,用户666,16302045127,,,APP-iOS,否,否,否,,多多支付,否,,,是,否,否,否,否,否,申通快递,YT52487287557,已签收,
2705000396,待发货,2026-04-23 04:44:43,2026-04-25 17:43:31,2026-04-28,2026-04-23 04:24:46,2026-04-25,无线蓝牙耳机Pro版,PD00002,SP00002,SKU005,白色降噪版,SKU005,白色降噪版,ST005,数码电器,影音设备,耳机,无线耳机,1,189.00,189.00,136.86,136.04,0.00,17.08,14.94,10.67,9.45,0.82,0.00,0.00,0.00,0.00,,,,广东省,广州,武侯区,广州市武侯区建设路233号,用户444,14405666256,,加急发货,APP-iOS,否,否,否,,支付宝,否,,,否,否,否,否,否,否,中通快递,YT62756055749,运输中,
2705000017,已完成,2026-04-23 07:16:20,2026-04-24 18:03:02,2026-04-28,2026-04-23 13:16:46,2026-04-25,夏季冰丝凉席三件套,PD00001,SP00001,SKU003,1.5m床-蓝色,SKU003,1.5m床-蓝色,ST003,家居生活,床上用品,凉席,冰丝凉席,2,89.00,178.00,137.52,136.69,0.00,16.19,14.17,10.12,0.00,0.83,0.00,0.00,0.00,0.00,,,,湖南省,长沙,东城区,长沙市东城区中山路81号,用户590,15582930812,,,APP-iOS,否,否,否,,支付宝,否,,,否,否,否,否,否,否,申通快递,YT93891695931,运输中,
2705000327,已取消,2026-04-23 07:50:58,,,2026-04-23 20:04:11,2026-04-25,儿童益智积木拼装玩具,PD00003,SP00003,SKU007,大颗粒200粒,SKU007,大颗粒200粒,ST007,母婴玩具,益智玩具,积木,大颗粒积木,3,99.00,297.00,243.49,242.03,0.00,21.40,18.73,13.38,0.00,1.46,0.00,0.00,0.00,0.00,,,,辽宁省,沈阳,锦江区,沈阳市锦江区南京路245号,用户585,14316285665,,,H5,否,否,否,,花呗分期,否,,,否,否,否,否,否,否,中通快递,YT45307994616,,
2705000007,已完成,2026-04-23 08:43:41,2026-04-25 15:46:06,2026-04-29,2026-04-23 16:38:30,2026-04-25,无线蓝牙耳机Pro版,PD00002,SP00002,SKU005,白色降噪版,SKU005,白色降噪版,ST005,数码电器,影音设备,耳机,无线耳机,1,189.00,189.00,176.05,174.99,0.00,5.18,4.53,3.24,0.00,1.06,0.00,0.00,0.00,0.00,,,,安徽省,合肥,朝阳区,合肥市朝阳区南京路87号,用户535,15717495663,,,小程序,否,否,否,,多多支付,否,,,是,否,否,否,否,否,申通快递,YT76946525236,运输中,
2705000391,已退款,2026-04-23 11:59:27,2026-04-26 02:50:31,2026-04-29,2026-04-23 14:09:57,2026-04-25,儿童益智积木拼装玩具,PD00003,SP00003,SKU006,大颗粒100粒,SKU006,大颗粒100粒,ST006,母婴玩具,益智玩具,积木,大颗粒积木,1,59.00,59.00,58.49,58.14,0.00,0.20,0.18,0.13,0.00,0.35,0.00,0.00,0.00,55.39,卖家发错尺码,退货退款,退款成功,河北省,石家庄,东城区,石家庄市东城区长安街12号,用户292,16270385339,,,APP-Android,否,否,否,,微信支付,否,,,否,否,否,否,否,是,圆通速递,YT49646785074,派送中,
2705000360,已付款,2026-04-23 12:24:11,2026-04-26 00:00:04,2026-04-30,2026-04-23 10:39:17,2026-04-25,女士防晒衣轻薄透气,PD00006,SP00006,SKU014,L码-粉色,SKU014,L码-粉色,ST014,服饰内衣,女装,外套,防晒衣,2,69.00,138.00,108.49,107.41,0.00,11.80,10.33,7.38,0.00,1.08,0.00,0.00,0.00,0.00,,,,浙江省,杭州,武侯区,杭州市武侯区建设路271号,用户542,16272038092,,,H5,否,否,否,,支付宝,否,,,否,否,否,否,否,是,极兔速递,YT64545500894,运输中,
2705000426,已完成,2026-04-23 13:59:31,2026-04-25 18:02:24,2026-04-26,2026-04-23 09:27:15,2026-04-25,儿童益智积木拼装玩具,PD00003,SP00003,SKU006,大颗粒100粒,SKU006,大颗粒100粒,ST006,母婴玩具,益智玩具,积木,大颗粒积木,5,59.00,295.00,231.98,230.59,0.00,19.31,16.89,12.07,14.75,1.39,0.00,0.00,0.00,0.00,,,,北京市,北京,浦东新区,北京市浦东新区人民路255号,用户649,17997653153,,,APP-iOS,否,否,否,,花呗分期,否,,,否,否,否,否,否,否,中通快递,YT29218137509,运输中,
2705000209,已完成,2026-04-23 14:00:02,2026-04-25 22:31:31,2026-04-27,2026-04-23 18:34:47,2026-04-25,男士运动休闲鞋透气款,PD00005,SP00005,SKU011,40码-黑色,SKU011,40码-黑色,ST011,运动户外,运动鞋服,运动鞋,跑步鞋,1,119.00,119.00,109.17,108.51,0.00,3.93,3.44,2.46,0.00,0.66,0.00,0.00,0.00,0.00,,,,重庆市,重庆,东城区,重庆市东城区人民路103号,用户737,19444642417,,,网页,否,否,否,,多多支付,否,,,否,否,否,否,否,否,中通快递,YT40165961910,运输中,
2705000319,已退款,2026-04-23 14:22:20,2026-04-24 13:16:29,2026-04-26,2026-04-23 05:17:58,2026-04-25,不锈钢保温杯大容量,PD00004,SP00004,SKU009,800ml-银色,SKU009,800ml-银色,ST009,家居生活,餐饮用具,保温杯,不锈钢保温杯,1,65.00,65.00,51.11,50.80,0.00,5.56,4.86,3.47,0.00,0.31,0.00,0.00,0.00,15.27,质量问题,仅退款,退款成功,浙江省,杭州,锦江区,杭州市锦江区中山路81号,用户190,18365240496,,,H5,否,否,否,,支付宝,否,,买家,否,否,否,否,否,否,中通快递,YT44812844962,运输中,
2705000429,待发货,2026-04-23 14:59:35,2026-04-24 23:24:00,2026-05-01,2026-04-23 20:30:33,2026-04-25,桌面手机支架可折叠,PD00008,SP00008,SKU017,基础款-黑色,SKU017,基础款-黑色,ST017,数码电器,手机配件,支架,桌面支架,5,19.90,99.50,90.87,90.32,0.00,3.45,3.02,2.16,0.00,0.55,0.00,0.00,0.00,83.45,商品与描述不符,退货退款,退款成功,重庆市,重庆,海淀区,重庆市海淀区人民路127号,用户668,18124175550,,,H5,否,否,否,,花呗分期,否,,,否,否,否,否,否,否,中通快递,YT91713122491,派送中,
2705000511,待发货,2026-04-23 15:54:42,2026-04-23 23:07:41,2026-04-28,2026-04-23 23:32:17,2026-04-25,夏季冰丝凉席三件套,PD00001,SP00001,SKU001,1.5m床-灰色,SKU001,1.5m床-灰色,ST001,家居生活,床上用品,凉席,冰丝凉席,3,89.00,267.00,201.78,200.57,0.00,20.75,18.15,12.97,13.35,1.21,47.87,0.00,0.00,0.00,,,,天津市,天津,锦江区,天津市锦江区南京路103号,用户114,13411900283,请尽快发货,,H5,否,否,否,,花呗分期,否,12,,否,是,否,否,否,否,顺丰速运,YT24898554780,派送中,
2705000513,已取消,2026-04-23 16:34:59,,,2026-04-23 07:00:26,2026-04-25,不锈钢保温杯大容量,PD00004,SP00004,SKU008,500ml-黑色,SKU008,500ml-黑色,ST008,家居生活,餐饮用具,保温杯,不锈钢保温杯,1,45.00,45.00,38.37,38.14,0.00,2.65,2.32,1.66,0.00,0.23,79.04,0.00,0.00,0.00,,,,云南省,昆明,浦东新区,昆明市浦东新区解放路22号,用户311,15590154908,,VIP客户,H5,否,否,否,,花呗分期,否,,买家,否,否,否,否,否,否,中通快递,YT67443543105,,
2705000485,已完成,2026-04-23 16:43:57,2026-04-26 04:17:22,2026-04-28,2026-04-23 09:42:04,2026-04-25,男士运动休闲鞋透气款,PD00005,SP00005,SKU010,39码-黑色,SKU010,39码-黑色,ST010,运动户外,运动鞋服,运动鞋,跑步鞋,3,119.00,357.00,322.25,319.03,0.00,13.90,12.16,8.69,0.00,3.22,0.00,0.00,0.00,0.00,,,,重庆市,重庆,西城区,重庆市西城区建设路169号,用户678,13813583286,,VIP客户,H5,否,否,否,,微信支付,否,,,是,否,否,否,否,否,韵达快递,YT53489157210,运输中,
2705000399,已签收,2026-04-23 21:08:42,2026-04-26 15:58:27,2026-04-28,2026-04-23 21:45:47,2026-04-25,桌面手机支架可折叠,PD00008,SP00008,SKU017,基础款-黑色,SKU017,基础款-黑色,ST017,数码电器,手机配件,支架,桌面支架,2,19.90,39.80,34.17,33.96,0.00,2.25,1.97,1.41,0.00,0.21,0.00,0.00,0.00,0.00,,,,江西省,南昌,浦东新区,南昌市浦东新区中山路91号,用户734,17619993932,,,H5,否,否,否,,多多支付,否,,,否,否,否,否,否,是,申通快递,YT70827202007,运输中,
2705000013,已退款,2026-04-24 01:30:21,2026-04-25 17:01:49,2026-04-26,2026-04-24 09:59:50,2026-04-26,桌面手机支架可折叠,PD00008,SP00008,SKU018,升级款-银色,SKU018,升级款-银色,ST018,数码电器,手机配件,支架,桌面支架,1,29.90,29.90,24.53,24.38,0.00,1.55,1.35,0.97,1.50,0.15,0.00,0.00,0.00,9.01,质量问题,退货退款,退款成功,福建省,厦门,武侯区,厦门市武侯区中山路201号,用户286,19469048861,,,网页,是,否,否,,支付宝,否,,,否,否,否,否,否,否,顺丰速运,YT62372802165,已签收,
2705000422,已发货,2026-04-24 04:29:12,2026-04-27 20:01:11,2026-05-04,2026-04-24 11:21:22,2026-04-26,男士运动休闲鞋透气款,PD00005,SP00005,SKU010,39码-黑色,SKU010,39码-黑色,ST010,运动户外,运动鞋服,运动鞋,跑步鞋,1,119.00,119.00,101.60,100.99,0.00,6.96,6.09,4.35,0.00,0.61,0.00,0.00,0.00,0.00,,,,浙江省,杭州,朝阳区,杭州市朝阳区南京路92号,用户313,18576218315,,,小程序,否,否,否,,多多支付,否,12,,否,否,否,否,否,否,中通快递,YT29288589119,运输中,
2705000185,待发货,2026-04-24 05:31:04,2026-04-24 06:56:46,2026-04-25,2026-04-24 00:31:22,2026-04-26,无线蓝牙耳机Pro版,PD00002,SP00002,SKU004,黑色标准版,SKU004,黑色标准版,ST004,数码电器,影音设备,耳机,无线耳机,3,129.00,387.00,317.11,313.94,0.00,27.96,24.46,17.47,0.00,3.17,0.00,0.00,0.00,0.00,,,,陕西省,西安,武侯区,西安市武侯区人民路297号,用户532,18276328493,送人用请精美包装,,H5,否,否,否,,多多支付,否,,,否,否,否,否,否,否,中通快递,YT47376393795,运输中,
2705000141,已退款,2026-04-24 07:30:12,2026-04-27 15:00:41,2026-05-03,2026-04-24 18:39:54,2026-04-26,无线蓝牙耳机Pro版,PD00002,SP00002,SKU004,黑色标准版,SKU004,黑色标准版,ST004,数码电器,影音设备,耳机,无线耳机,2,129.00,258.00,243.14,240.71,0.00,0.78,0.69,0.49,12.90,2.43,0.00,0.00,0.00,131.18,七天无理由退货,退货退款,退货退款,福建省,厦门,朝阳区,厦门市朝阳区建设路77号,用户875,13928328166,,老客户,小程序,否,否,否,,支付宝,否,,,否,否,否,否,否,否,中通快递,YT83621531582,已签收,
2705000057,已签收,2026-04-24 12:45:18,2026-04-27 10:52:41,2026-05-04,2026-04-24 00:31:29,2026-04-26,不锈钢保温杯大容量,PD00004,SP00004,SKU008,500ml-黑色,SKU008,500ml-黑色,ST008,家居生活,餐饮用具,保温杯,不锈钢保温杯,1,45.00,45.00,39.60,39.36,0.00,2.16,1.89,1.35,0.00,0.24,0.00,0.00,0.00,0.00,,,,江西省,南昌,武侯区,南昌市武侯区人民路3号,用户474,16894991732,,,小程序,否,否,否,,花呗分期,否,,商家,否,否,否,否,否,否,顺丰速运,YT69457288942,运输中,
2705000443,已发货,2026-04-24 15:11:58,2026-04-25 10:04:21,2026-04-30,2026-04-24 03:59:54,2026-04-26,女士防晒衣轻薄透气,PD00006,SP00006,SKU013,M码-浅蓝,SKU013,M码-浅蓝,ST013,服饰内衣,女装,外套,防晒衣,1,69.00,69.00,58.39,57.81,0.00,4.25,3.71,2.65,0.00,0.58,0.00,0.00,0.00,0.00,,,,安徽省,合肥,南山区,合肥市南山区人民路22号,用户813,17736317485,,,APP-Android,否,是,否,,支付宝,否,,,否,否,否,否,否,否,邮政快递,YT86609142254,派送中,
2705000030,已签收,2026-04-24 16:16:55,2026-04-27 20:17:17,2026-05-02,2026-04-24 08:49:49,2026-04-26,无线蓝牙耳机Pro版,PD00002,SP00002,SKU005,白色降噪版,SKU005,白色降噪版,ST005,数码电器,影音设备,耳机,无线耳机,1,189.00,189.00,158.00,157.05,0.00,12.40,10.85,7.75,0.00,0.95,0.00,0.00,0.00,151.62,不喜欢/效果不好,退货退款,退款成功,湖北省,武汉,天河区,武汉市天河区中山路112号,用户301,15807695669,请尽快发货,,APP-iOS,是,否,否,,多多支付,否,12,,否,否,否,否,否,否,中通快递,YT57381020634,派送中,
2705000311,已退款,2026-04-24 17:02:07,2026-04-25 23:58:30,2026-05-01,2026-04-24 17:17:43,2026-04-26,夏季冰丝凉席三件套,PD00001,SP00001,SKU002,1.8m床-灰色,SKU002,1.8m床-灰色,ST002,家居生活,床上用品,凉席,冰丝凉席,2,109.00,218.00,204.33,203.10,0.00,1.11,0.97,0.69,10.90,1.23,0.00,0.00,0.00,115.76,不喜欢/效果不好,仅退款,退款成功,上海市,上海,朝阳区,上海市朝阳区长安街32号,用户968,15930400033,,老客户,网页,否,否,否,,多多支付,否,,,否,否,否,否,否,否,圆通速递,YT55502629702,运输中,
2705000348,已签收,2026-04-24 18:02:14,2026-04-24 21:34:16,2026-04-26,2026-04-24 15:00:51,2026-04-26,无线蓝牙耳机Pro版,PD00002,SP00002,SKU004,黑色标准版,SKU004,黑色标准版,ST004,数码电器,影音设备,耳机,无线耳机,1,129.00,129.00,100.95,100.34,0.00,11.22,9.82,7.01,0.00,0.61,0.00,0.00,0.00,0.00,,,,陕西省,西安,海淀区,西安市海淀区解放路285号,用户179,14583295104,,,H5,否,否,否,,微信支付,否,,,否,否,否,否,否,否,顺丰速运,YT26819162023,运输中,
2705000158,已退款,2026-04-24 18:52:08,2026-04-26 00:35:44,2026-05-03,2026-04-24 06:15:28,2026-04-26,桌面手机支架可折叠,PD00008,SP00008,SKU017,基础款-黑色,SKU017,基础款-黑色,ST017,数码电器,手机配件,支架,桌面支架,3,19.90,59.70,49.73,49.43,0.00,2.79,2.44,1.75,2.99,0.30,0.00,0.00,0.00,29.59,卖家发错尺码,仅退款,退款成功,浙江省,杭州,海淀区,杭州市海淀区人民路58号,用户262,13663014616,,,APP-iOS,是,否,否,,多多支付,否,,,是,否,否,否,否,否,韵达快递,YT17153941193,运输中,
2705000187,已退款,2026-04-24 19:39:59,2026-04-25 16:30:02,2026-04-26,2026-04-24 00:18:06,2026-04-26,儿童益智积木拼装玩具,PD00003,SP00003,SKU007,大颗粒200粒,SKU007,大颗粒200粒,ST007,母婴玩具,益智玩具,积木,大颗粒积木,1,99.00,99.00,93.28,92.72,0.00,2.29,2.00,1.43,0.00,0.56,0.00,0.00,0.00,85.84,商品与描述不符,仅退款,退款成功,云南省,昆明,朝阳区,昆明市朝阳区中山路84号,用户791,17286359166,到货前短信通知,,H5,否,否,否,,微信支付,否,,,否,否,否,否,否,否,韵达快递,YT45402981572,派送中,
2705000514,已发货,2026-04-24 23:47:51,2026-04-27 02:11:39,2026-05-04,2026-04-24 05:16:32,2026-04-26,桌面手机支架可折叠,PD00008,SP00008,SKU017,基础款-黑色,SKU017,基础款-黑色,ST017,数码电器,手机配件,支架,桌面支架,1,19.90,19.90,18.40,13.22,5.00,0.20,0.18,0.13,0.99,0.18,0.00,0.00,0.00,0.00,,,,山东省,青岛,天河区,青岛市天河区人民路288号,用户369,17850070440,麻烦包装好一点,,APP-Android,否,否,是,万象城店,花呗分期,否,,,否,否,否,否,否,否,圆通速递,YT49158663358,运输中,
2705000178,已完成,2026-04-25 00:56:29,2026-04-26 23:25:51,2026-04-28,2026-04-25 05:01:03,2026-04-27,不锈钢保温杯大容量,PD00004,SP00004,SKU008,500ml-黑色,SKU008,500ml-黑色,ST008,家居生活,餐饮用具,保温杯,不锈钢保温杯,3,45.00,135.00,114.30,113.61,0.00,5.58,4.88,3.49,6.75,0.69,0.00,0.00,0.00,0.00,,,,湖北省,武汉,南山区,武汉市南山区长安街150号,用户767,17494245492,,,APP-iOS,是,否,否,,多多支付,否,,,否,否,否,否,否,否,韵达快递,YT16756420138,已签收,
2705000162,已付款,2026-04-25 01:50:04,2026-04-27 11:39:29,2026-04-30,2026-04-25 20:30:27,2026-04-27,女士防晒衣轻薄透气,PD00006,SP00006,SKU014,L码-粉色,SKU014,L码-粉色,ST014,服饰内衣,女装,外套,防晒衣,5,69.00,345.00,262.55,260.97,0.00,26.08,22.82,16.30,17.25,1.58,0.00,0.00,0.00,0.00,,,,河北省,石家庄,东城区,石家庄市东城区长安街213号,用户986,15960220307,,,网页,否,否,否,,支付宝,否,,,是,否,否,否,否,否,中通快递,YT65472641730,运输中,
2705000217,已发货,2026-04-25 03:39:02,2026-04-25 00:40:53,2026-04-30,2026-04-25 14:43:07,2026-04-27,有机红枣夹核桃500g,PD00007,SP00007,SKU015,500g袋装,SKU015,500g袋装,ST015,食品生鲜,坚果零食,红枣,夹心红枣,3,39.00,117.00,96.44,95.86,0.00,8.22,7.20,5.14,0.00,0.58,0.00,0.00,0.00,0.00,,,,山东省,青岛,西城区,青岛市西城区南京路295号,用户383,19428811133,,,APP-Android,否,否,否,,花呗分期,否,,,否,否,否,否,否,否,圆通速递,YT42754573724,已签收,
2705000254,待发货,2026-04-25 05:27:56,2026-04-28 20:53:49,2026-05-03,2026-04-25 21:32:17,2026-04-27,夏季冰丝凉席三件套,PD00001,SP00001,SKU003,1.5m床-蓝色,SKU003,1.5m床-蓝色,ST003,家居生活,床上用品,凉席,冰丝凉席,2,89.00,178.00,171.77,170.74,0.00,2.49,2.18,1.56,0.00,1.03,30.59,0.00,0.00,0.00,,,,辽宁省,沈阳,南山区,沈阳市南山区解放路190号,用户337,17558647047,,,APP-iOS,否,否,否,,花呗分期,否,,,否,否,否,否,否,否,韵达快递,YT13041053796,派送中,
2705000225,已取消,2026-04-25 06:06:24,,,2026-04-25 13:36:19,2026-04-27,有机红枣夹核桃500g,PD00007,SP00007,SKU016,1000g礼盒,SKU016,1000g礼盒,ST016,食品生鲜,坚果零食,红枣,夹心红枣,1,69.00,69.00,60.71,60.35,0.00,3.32,2.90,2.07,0.00,0.36,0.00,0.00,0.00,0.00,,,,云南省,昆明,南山区,昆明市南山区长安街89号,用户634,15133008652,麻烦包装好一点,,APP-Android,否,是,否,,多多支付,否,,,否,否,否,否,否,是,韵达快递,YT82840358024,,转运
2705000289,已取消,2026-04-25 06:43:34,,,2026-04-25 02:12:39,2026-04-27,不锈钢保温杯大容量,PD00004,SP00004,SKU009,800ml-银色,SKU009,800ml-银色,ST009,家居生活,餐饮用具,保温杯,不锈钢保温杯,3,65.00,195.00,156.37,155.43,0.00,15.45,13.52,9.66,0.00,0.94,0.00,0.00,0.00,0.00,,,,湖北省,武汉,天河区,武汉市天河区中山路263号,用户482,13776325296,,,小程序,否,否,否,,花呗分期,否,,,否,否,否,否,否,否,邮政快递,YT53549724024,,
2705000438,已付款,2026-04-25 07:01:54,2026-04-28 03:45:43,2026-05-03,2026-04-25 05:30:59,2026-04-27,无线蓝牙耳机Pro版,PD00002,SP00002,SKU005,白色降噪版,SKU005,白色降噪版,ST005,数码电器,影音设备,耳机,无线耳机,2,189.00,378.00,332.37,330.38,0.00,18.25,15.97,11.41,0.00,1.99,0.00,0.00,0.00,0.00,,,,北京市,北京,南山区,北京市南山区长安街284号,用户105,18495455310,到货前短信通知,,APP-iOS,否,否,否,,多多支付,否,,,否,否,否,否,否,否,极兔速递,YT92848316146,派送中,
2705000094,已取消,2026-04-25 07:36:31,,,2026-04-25 07:55:43,2026-04-27,儿童益智积木拼装玩具,PD00003,SP00003,SKU007,大颗粒200粒,SKU007,大颗粒200粒,ST007,母婴玩具,益智玩具,积木,大颗粒积木,1,99.00,99.00,87.20,86.33,0.00,4.72,4.13,2.95,0.00,0.87,0.00,0.00,0.00,0.00,,,,辽宁省,沈阳,浦东新区,沈阳市浦东新区长安街57号,用户198,18138397947,,,H5,否,否,否,,支付宝,否,,,是,否,否,否,否,否,韵达快递,YT73024059061,,
2705000118,已付款,2026-04-25 10:05:42,2026-04-27 19:56:25,2026-04-29,2026-04-25 03:56:14,2026-04-27,女士防晒衣轻薄透气,PD00006,SP00006,SKU013,M码-浅蓝,SKU013,M码-浅蓝,ST013,服饰内衣,女装,外套,防晒衣,3,69.00,207.00,180.34,179.26,0.00,6.52,5.71,4.08,10.35,1.08,0.00,0.00,0.00,169.00,收到商品破损,退货退款,退款成功,山东省,青岛,西城区,青岛市西城区解放路105号,用户182,13353025252,,,APP-Android,否,否,否,,支付宝,否,,,否,否,否,否,否,否,申通快递,YT29745143251,运输中,
2705000484,已发货,2026-04-25 11:36:39,2026-04-28 02:50:57,2026-05-02,2026-04-25 12:29:31,2026-04-27,夏季冰丝凉席三件套,PD00001,SP00001,SKU002,1.8m床-灰色,SKU002,1.8m床-灰色,ST002,家居生活,床上用品,凉席,冰丝凉席,5,109.00,545.00,451.86,449.15,0.00,37.26,32.60,23.28,0.00,2.71,0.00,0.00,0.00,0.00,,,换货,福建省,厦门,锦江区,厦门市锦江区解放路109号,用户682,14541394573,,,H5,否,否,否,,支付宝,否,,,否,否,否,否,否,否,顺丰速运,YT15234212601,已签收,
2705000047,已取消,2026-04-25 12:02:05,,,2026-04-25 23:57:32,2026-04-27,儿童益智积木拼装玩具,PD00003,SP00003,SKU006,大颗粒100粒,SKU006,大颗粒100粒,ST006,母婴玩具,益智玩具,积木,大颗粒积木,1,59.00,59.00,49.72,49.42,0.00,3.71,3.25,2.32,0.00,0.30,0.00,0.00,0.00,0.00,,,,重庆市,重庆,南山区,重庆市南山区长安街29号,用户208,16105692137,,,网页,否,否,否,,花呗分期,否,,商家,否,否,否,否,否,否,中通快递,YT79052431715,,
2705000207,已付款,2026-04-25 13:39:36,2026-04-28 03:28:09,2026-05-01,2026-04-25 14:26:31,2026-04-27,有机红枣夹核桃500g,PD00007,SP00007,SKU015,500g袋装,SKU015,500g袋装,ST015,食品生鲜,坚果零食,红枣,夹心红枣,1,39.00,39.00,36.88,36.51,0.00,0.07,0.06,0.04,1.95,0.37,0.00,0.00,0.00,0.00,,,,山东省,青岛,浦东新区,青岛市浦东新区建设路146号,用户190,15648774262,,,APP-Android,否,是,否,,多多支付,否,,,否,否,否,否,否,否,中通快递,YT95055495129,运输中,
2705000035,已取消,2026-04-25 14:26:42,,,2026-04-25 21:31:17,2026-04-27,桌面手机支架可折叠,PD00008,SP00008,SKU018,升级款-银色,SKU018,升级款-银色,ST018,数码电器,手机配件,支架,桌面支架,1,29.90,29.90,27.82,27.65,0.00,0.23,0.20,0.15,1.50,0.17,0.00,0.00,0.00,0.00,,,,四川省,成都,锦江区,成都市锦江区中山路242号,用户377,14985427726,,,H5,是,否,否,,多多支付,否,,,否,否,否,否,否,否,韵达快递,YT74462368732,,
2705000482,已付款,2026-04-25 15:41:44,2026-04-28 01:51:19,2026-04-29,2026-04-25 23:29:09,2026-04-27,桌面手机支架可折叠,PD00008,SP00008,SKU018,升级款-银色,SKU018,升级款-银色,ST018,数码电器,手机配件,支架,桌面支架,1,29.90,29.90,24.62,24.37,0.00,2.11,1.85,1.32,0.00,0.25,0.00,0.00,0.00,0.00,,,,福建省,厦门,南山区,厦门市南山区南京路1号,用户187,13863351306,,,APP-Android,是,否,否,,多多支付,否,,,否,否,否,否,否,是,申通快递,YT96245995499,运输中,
2705000156,已退款,2026-04-25 18:22:07,2026-04-27 22:45:53,2026-05-01,2026-04-25 02:17:26,2026-04-27,儿童益智积木拼装玩具,PD00003,SP00003,SKU006,大颗粒100粒,SKU006,大颗粒100粒,ST006,母婴玩具,益智玩具,积木,大颗粒积木,5,59.00,295.00,222.91,221.57,0.00,28.84,25.23,18.02,0.00,1.34,0.00,0.00,0.00,186.65,卖家发错尺码,退货退款,退款成功,山东省,青岛,武侯区,青岛市武侯区人民路96号,用户364,14891018048,,VIP客户,APP-iOS,否,否,否,,多多支付,否,,,否,否,否,否,否,否,申通快递,YT11213483495,已签收,转运
2705000411,已完成,2026-04-25 20:01:48,2026-04-27 17:30:58,2026-04-29,2026-04-25 10:02:38,2026-04-27,女士防晒衣轻薄透气,PD00006,SP00006,SKU014,L码-粉色,SKU014,L码-粉色,ST014,服饰内衣,女装,外套,防晒衣,1,69.00,69.00,57.06,56.72,0.00,4.78,4.18,2.98,0.00,0.34,0.00,0.00,0.00,0.00,,,,河南省,郑州,武侯区,郑州市武侯区人民路69号,用户286,16265541261,,,H5,否,否,否,,多多支付,否,,,否,否,否,否,否,否,中通快递,YT76422926999,已签收,
2705000341,已签收,2026-04-25 21:42:46,2026-04-27 10:46:17,2026-05-01,2026-04-25 17:30:19,2026-04-27,儿童益智积木拼装玩具,PD00003,SP00003,SKU007,大颗粒200粒,SKU007,大颗粒200粒,ST007,母婴玩具,益智玩具,积木,大颗粒积木,5,99.00,495.00,423.87,421.33,0.00,28.45,24.90,17.78,0.00,2.54,0.00,0.00,0.00,0.00,,,换货,云南省,昆明,福田区,昆明市福田区中山路229号,用户172,13242521240,,,小程序,否,否,否,,花呗分期,否,,,是,否,否,否,否,否,申通快递,YT56659078799,运输中,
2705000263,已发货,2026-04-26 03:14:39,2026-04-27 09:39:27,2026-04-30,2026-04-26 11:59:28,2026-04-28,不锈钢保温杯大容量,PD00004,SP00004,SKU009,800ml-银色,SKU009,800ml-银色,ST009,家居生活,餐饮用具,保温杯,不锈钢保温杯,5,65.00,325.00,253.76,252.24,0.00,28.50,24.93,17.81,0.00,1.52,48.14,0.00,0.00,0.00,,,,河南省,郑州,浦东新区,郑州市浦东新区中山路134号,用户731,19639469998,,,APP-Android,否,否,否,,花呗分期,否,6,,否,否,否,否,否,否,申通快递,YT55398247674,运输中,
2705000161,待发货,2026-04-26 09:00:54,2026-04-27 06:27:59,2026-04-29,2026-04-26 21:23:13,2026-04-28,桌面手机支架可折叠,PD00008,SP00008,SKU018,升级款-银色,SKU018,升级款-银色,ST018,数码电器,手机配件,支架,桌面支架,2,29.90,59.80,45.53,45.26,0.00,5.71,4.99,3.57,0.00,0.27,0.00,0.00,0.00,0.00,,,,广东省,广州,朝阳区,广州市朝阳区建设路82号,用户136,14104929594,,,网页,否,否,否,,多多支付,否,,,否,否,否,否,否,否,极兔速递,YT66166996147,运输中,
2705000285,已退款,2026-04-26 11:48:52,2026-04-27 02:22:52,2026-04-29,2026-04-26 11:34:41,2026-04-28,儿童益智积木拼装玩具,PD00003,SP00003,SKU007,大颗粒200粒,SKU007,大颗粒200粒,ST007,母婴玩具,益智玩具,积木,大颗粒积木,2,99.00,198.00,161.35,160.38,0.00,14.66,12.83,9.16,0.00,0.97,0.00,0.00,0.00,151.11,七天无理由退货,仅退款,退款成功,四川省,成都,武侯区,成都市武侯区南京路126号,用户900,18180263732,,要赠品,APP-iOS,否,否,否,,支付宝,否,,,否,否,否,否,否,否,圆通速递,YT26066519726,运输中,
2705000349,已付款,2026-04-26 15:11:38,2026-04-27 03:11:06,2026-04-29,2026-04-26 17:12:40,2026-04-28,不锈钢保温杯大容量,PD00004,SP00004,SKU008,500ml-黑色,SKU008,500ml-黑色,ST008,家居生活,餐饮用具,保温杯,不锈钢保温杯,2,45.00,90.00,68.92,68.51,0.00,8.43,7.38,5.27,0.00,0.41,0.00,0.00,0.00,0.00,,,,重庆市,重庆,南山区,重庆市南山区中山路277号,用户491,17398688392,到货前短信通知,,网页,否,否,否,,花呗分期,否,,,否,否,否,否,否,否,申通快递,YT54338351558,运输中,
2705000273,已退款,2026-04-26 15:16:25,2026-04-26 18:01:35,2026-04-30,2026-04-26 03:57:44,2026-04-28,无线蓝牙耳机Pro版,PD00002,SP00002,SKU004,黑色标准版,SKU004,黑色标准版,ST004,数码电器,影音设备,耳机,无线耳机,1,129.00,129.00,112.35,111.68,0.00,6.66,5.83,4.16,0.00,0.67,0.00,0.00,0.00,68.32,商品与描述不符,退货退款,退款成功,江苏省,南京,浦东新区,南京市浦东新区解放路139号,用户465,17287391993,发之前检查一下质量,,网页,否,否,否,,支付宝,否,,,否,否,否,否,否,否,极兔速递,YT67274894390,派送中,
2705000490,已签收,2026-04-26 18:50:56,2026-04-27 16:43:40,2026-05-02,2026-04-26 01:16:18,2026-04-28,夏季冰丝凉席三件套,PD00001,SP00001,SKU003,1.5m床-蓝色,SKU003,1.5m床-蓝色,ST003,家居生活,床上用品,凉席,冰丝凉席,5,89.00,445.00,388.40,386.07,0.00,22.64,19.81,14.15,0.00,2.33,0.00,0.00,0.00,0.00,,,,河南省,郑州,福田区,郑州市福田区南京路282号,用户131,17894546407,麻烦包装好一点,,小程序,否,是,否,,多多支付,否,,,否,否,否,否,否,否,圆通速递,YT36934299362,派送中,
2705000388,已付款,2026-04-26 19:00:09,2026-04-26 13:41:10,2026-04-30,2026-04-26 10:48:35,2026-04-28,不锈钢保温杯大容量,PD00004,SP00004,SKU008,500ml-黑色,SKU008,500ml-黑色,ST008,家居生活,餐饮用具,保温杯,不锈钢保温杯,3,45.00,135.00,118.05,117.34,0.00,6.78,5.93,4.24,0.00,0.71,0.00,0.00,0.00,0.00,,,,陕西省,西安,福田区,西安市福田区南京路55号,用户176,18514102373,送人用请精美包装,,APP-Android,否,否,否,,支付宝,否,,,否,否,否,否,否,否,中通快递,YT69039076338,派送中,
2705000062,已付款,2026-04-26 19:33:42,2026-04-27 14:35:48,2026-05-04,2026-04-26 15:29:11,2026-04-28,女士防晒衣轻薄透气,PD00006,SP00006,SKU013,M码-浅蓝,SKU013,M码-浅蓝,ST013,服饰内衣,女装,外套,防晒衣,2,69.00,138.00,103.21,102.59,0.00,11.16,9.76,6.97,6.90,0.62,0.00,0.00,0.00,0.00,,,,福建省,厦门,海淀区,厦门市海淀区中山路198号,用户312,13636208077,,,小程序,是,否,否,,微信支付,否,,,否,否,否,否,否,是,韵达快递,YT68607911168,已签收,
2705000082,已完成,2026-04-27 00:29:07,2026-04-29 05:43:08,2026-05-05,2026-04-27 21:41:21,2026-04-29,女士防晒衣轻薄透气,PD00006,SP00006,SKU014,L码-粉色,SKU014,L码-粉色,ST014,服饰内衣,女装,外套,防晒衣,2,69.00,138.00,123.89,123.15,0.00,5.64,4.94,3.53,0.00,0.74,0.00,0.00,0.00,0.00,,,,天津市,天津,福田区,天津市福田区长安街202号,用户807,16229463510,,,APP-Android,否,是,否,,微信支付,否,,,否,否,否,否,否,否,申通快递,YT19167322412,派送中,
2705000191,已付款,2026-04-27 11:22:34,2026-04-27 11:58:24,2026-05-03,2026-04-27 11:21:49,2026-04-29,桌面手机支架可折叠,PD00008,SP00008,SKU017,基础款-黑色,SKU017,基础款-黑色,ST017,数码电器,手机配件,支架,桌面支架,3,19.90,59.70,52.76,52.44,0.00,2.78,2.43,1.73,0.00,0.32,0.00,0.00,0.00,0.00,,,,山东省,青岛,武侯区,青岛市武侯区中山路81号,用户660,17330285593,送人用请精美包装,,H5,否,否,否,,多多支付,否,,,否,否,否,否,否,否,邮政快递,YT79148805215,运输中,集运
2705000457,已取消,2026-04-27 13:08:14,,,2026-04-27 13:04:45,2026-04-29,有机红枣夹核桃500g,PD00007,SP00007,SKU016,1000g礼盒,SKU016,1000g礼盒,ST016,食品生鲜,坚果零食,红枣,夹心红枣,2,69.00,138.00,113.57,112.89,0.00,9.77,8.55,6.11,0.00,0.68,0.00,0.00,0.00,0.00,,,,上海市,上海,天河区,上海市天河区中山路237号,用户925,17330636083,,,APP-iOS,否,否,否,,多多支付,否,,,否,否,否,否,否,否,圆通速递,YT94404431462,,
2705000000,已付款,2026-04-27 15:25:14,2026-04-28 07:02:34,2026-05-03,2026-04-27 08:52:48,2026-04-29,儿童益智积木拼装玩具,PD00003,SP00003,SKU006,大颗粒100粒,SKU006,大颗粒100粒,ST006,母婴玩具,益智玩具,积木,大颗粒积木,1,59.00,59.00,55.02,54.69,0.00,0.41,0.36,0.26,2.95,0.33,0.00,0.00,0.00,0.00,,,,湖南省,长沙,朝阳区,长沙市朝阳区建设路225号,用户361,13155464042,,,APP-iOS,否,否,否,,多多支付,否,,,否,否,否,否,否,否,极兔速递,YT40474241953,运输中,
2705000343,已付款,2026-04-27 23:45:25,2026-04-28 23:22:26,2026-05-02,2026-04-27 13:51:27,2026-04-29,夏季冰丝凉席三件套,PD00001,SP00001,SKU002,1.8m床-灰色,SKU002,1.8m床-灰色,ST002,家居生活,床上用品,凉席,冰丝凉席,5,109.00,545.00,539.93,536.69,0.00,2.03,1.77,1.27,0.00,3.24,73.40,0.00,0.00,0.00,,,,云南省,昆明,东城区,昆明市东城区解放路220号,用户198,18988725084,请尽快发货,,H5,否,否,否,,微信支付,否,,,否,否,否,否,是,否,邮政快递,YT78602212752,运输中,
2705000272,已付款,2026-04-28 02:18:40,2026-04-29 08:41:47,2026-05-01,2026-04-28 08:15:15,2026-04-30,儿童益智积木拼装玩具,PD00003,SP00003,SKU007,大颗粒200粒,SKU007,大颗粒200粒,ST007,母婴玩具,益智玩具,积木,大颗粒积木,1,99.00,99.00,94.00,93.44,0.00,2.00,1.75,1.25,0.00,0.56,0.00,0.00,0.00,0.00,,,,陕西省,西安,武侯区,西安市武侯区南京路206号,用户487,17627047996,发之前检查一下质量,,APP-iOS,否,否,否,,支付宝,否,,,是,否,否,否,否,否,圆通速递,YT89670608186,运输中,
2705000397,已发货,2026-04-28 04:35:43,2026-05-01 18:53:22,2026-05-06,2026-04-28 09:29:22,2026-04-30,有机红枣夹核桃500g,PD00007,SP00007,SKU015,500g袋装,SKU015,500g袋装,ST015,食品生鲜,坚果零食,红枣,夹心红枣,1,39.00,39.00,36.73,36.36,0.00,0.13,0.11,0.08,1.95,0.37,0.00,0.00,0.00,0.00,,,,河北省,石家庄,朝阳区,石家庄市朝阳区人民路5号,用户478,19972251201,,,H5,否,否,否,,多多支付,否,,,否,否,否,否,否,否,极兔速递,YT19675344644,运输中,
2705000092,已发货,2026-04-28 04:51:48,2026-04-28 06:17:45,2026-04-30,2026-04-28 03:07:33,2026-04-30,儿童益智积木拼装玩具,PD00003,SP00003,SKU006,大颗粒100粒,SKU006,大颗粒100粒,ST006,母婴玩具,益智玩具,积木,大颗粒积木,3,59.00,177.00,128.78,127.49,0.00,15.75,13.78,9.84,8.85,1.29,0.00,0.00,0.00,0.00,,,,北京市,北京,浦东新区,北京市浦东新区南京路5号,用户414,16883638155,,,小程序,否,否,否,,多多支付,否,3,,否,否,否,否,否,否,韵达快递,YT38791337854,运输中,
2705000039,已发货,2026-04-28 06:02:18,2026-04-30 21:34:41,2026-05-06,2026-04-28 08:27:14,2026-04-30,不锈钢保温杯大容量,PD00004,SP00004,SKU009,800ml-银色,SKU009,800ml-银色,ST009,家居生活,餐饮用具,保温杯,不锈钢保温杯,1,65.00,65.00,60.15,59.79,0.00,1.94,1.70,1.21,0.00,0.36,0.00,0.00,0.00,0.00,,,,湖北省,武汉,朝阳区,武汉市朝阳区长安街182号,用户290,16979245527,,,小程序,否,否,否,,支付宝,否,,商家,否,否,否,否,否,否,申通快递,YT67802225661,派送中,
2705000339,已付款,2026-04-28 08:54:15,2026-04-30 07:05:56,2026-05-04,2026-04-28 23:56:12,2026-04-30,不锈钢保温杯大容量,PD00004,SP00004,SKU009,800ml-银色,SKU009,800ml-银色,ST009,家居生活,餐饮用具,保温杯,不锈钢保温杯,2,65.00,130.00,125.17,124.42,0.00,1.93,1.69,1.21,0.00,0.75,0.00,0.00,0.00,0.00,,,,上海市,上海,锦江区,上海市锦江区人民路31号,用户943,15578575410,,,APP-iOS,否,否,否,,支付宝,否,,,否,否,是,否,否,否,极兔速递,YT44217668499,运输中,
2705000468,待发货,2026-04-28 10:35:59,2026-04-30 08:36:56,2026-05-05,2026-04-28 23:52:06,2026-04-30,夏季冰丝凉席三件套,PD00001,SP00001,SKU002,1.8m床-灰色,SKU002,1.8m床-灰色,ST002,家居生活,床上用品,凉席,冰丝凉席,1,109.00,109.00,100.96,100.35,0.00,3.22,2.81,2.01,0.00,0.61,0.00,0.00,0.00,0.00,,,,广西,南宁,西城区,南宁市西城区建设路169号,用户543,17526351672,送人用请精美包装,,网页,否,否,否,,多多支付,否,12,,否,否,否,否,否,否,邮政快递,YT85341830589,运输中,
2705000125,已发货,2026-04-28 11:53:05,2026-04-29 16:36:08,2026-05-04,2026-04-28 12:25:02,2026-04-30,无线蓝牙耳机Pro版,PD00002,SP00002,SKU004,黑色标准版,SKU004,黑色标准版,ST004,数码电器,影音设备,耳机,无线耳机,1,129.00,129.00,101.35,100.74,0.00,11.06,9.68,6.91,0.00,0.61,0.00,0.00,0.00,0.00,,,,辽宁省,沈阳,海淀区,沈阳市海淀区长安街97号,用户120,16255938082,发之前检查一下质量,,网页,否,否,否,,多多支付,否,,,否,否,否,否,否,否,圆通速递,YT73436424114,已签收,
2705000216,已退款,2026-04-28 12:00:32,2026-04-29 20:10:04,2026-05-03,2026-04-28 05:59:37,2026-04-30,夏季冰丝凉席三件套,PD00001,SP00001,SKU003,1.5m床-蓝色,SKU003,1.5m床-蓝色,ST003,家居生活,床上用品,凉席,冰丝凉席,5,89.00,445.00,361.11,358.94,0.00,33.56,29.36,20.97,0.00,2.17,0.00,0.00,0.00,319.45,物流太慢,退货退款,退款成功,北京市,北京,锦江区,北京市锦江区长安街261号,用户279,15825328616,,要赠品,APP-iOS,否,否,否,,花呗分期,否,,买家,否,否,否,否,否,否,中通快递,YT16020673693,派送中,
2705000095,已签收,2026-04-28 12:15:03,2026-04-28 04:35:41,2026-05-04,2026-04-28 05:06:10,2026-04-30,无线蓝牙耳机Pro版,PD00002,SP00002,SKU004,黑色标准版,SKU004,黑色标准版,ST004,数码电器,影音设备,耳机,无线耳机,2,129.00,258.00,225.95,224.59,0.00,12.82,11.22,8.01,0.00,1.36,0.00,0.00,0.00,0.00,,,,天津市,天津,浦东新区,天津市浦东新区长安街93号,用户844,15399576224,,,网页,否,否,否,,多多支付,否,,,否,否,否,否,否,是,邮政快递,YT39443857963,派送中,
2705000415,已付款,2026-04-28 17:34:26,2026-04-30 19:09:50,2026-05-02,2026-04-28 10:37:12,2026-04-30,无线蓝牙耳机Pro版,PD00002,SP00002,SKU005,白色降噪版,SKU005,白色降噪版,ST005,数码电器,影音设备,耳机,无线耳机,1,189.00,189.00,171.33,170.30,0.00,7.07,6.18,4.42,0.00,1.03,0.00,0.00,0.00,51.82,物流太慢,仅退款,退款成功,上海市,上海,天河区,上海市天河区长安街233号,用户299,14580744933,,,网页,是,否,否,,多多支付,否,,,否,否,否,否,否,否,申通快递,YT17517703365,已签收,
2705000040,已发货,2026-04-28 19:38:18,2026-04-30 18:14:30,2026-05-05,2026-04-28 03:30:06,2026-04-30,夏季冰丝凉席三件套,PD00001,SP00001,SKU003,1.5m床-蓝色,SKU003,1.5m床-蓝色,ST003,家居生活,床上用品,凉席,冰丝凉席,1,89.00,89.00,66.44,66.04,0.00,7.24,6.34,4.53,4.45,0.40,0.00,0.00,0.00,0.00,,,,江西省,南昌,福田区,南昌市福田区解放路94号,用户125,19231332092,,,网页,否,否,否,,微信支付,否,,,否,否,否,否,否,否,圆通速递,YT52466671029,运输中,
2705000193,已付款,2026-04-28 20:30:00,2026-04-30 08:40:47,2026-05-03,2026-04-28 12:29:00,2026-04-30,无线蓝牙耳机Pro版,PD00002,SP00002,SKU004,黑色标准版,SKU004,黑色标准版,ST004,数码电器,影音设备,耳机,无线耳机,1,129.00,129.00,116.69,115.99,0.00,4.92,4.31,3.08,0.00,0.70,0.00,0.00,0.00,0.00,,,,河北省,石家庄,海淀区,石家庄市海淀区人民路210号,用户104,17497441230,,,网页,否,否,否,,微信支付,否,,,否,否,否,否,否,否,邮政快递,YT22559053438,已签收,
2705000352,已退款,2026-04-28 21:08:00,2026-04-29 05:35:11,2026-05-02,2026-04-28 05:21:53,2026-04-30,夏季冰丝凉席三件套,PD00001,SP00001,SKU002,1.8m床-灰色,SKU002,1.8m床-灰色,ST002,家居生活,床上用品,凉席,冰丝凉席,3,109.00,327.00,314.35,312.46,0.00,5.06,4.43,3.16,0.00,1.89,0.00,0.00,0.00,283.34,收到商品破损,仅退款,退款成功,江苏省,南京,武侯区,南京市武侯区长安街100号,用户315,13695836275,,,网页,否,否,否,,微信支付,否,,,否,否,否,否,否,否,顺丰速运,YT95339481943,运输中,
2705000126,已退款,2026-04-29 00:23:34,2026-05-01 12:34:44,2026-05-08,2026-04-29 13:44:36,2026-05-01,桌面手机支架可折叠,PD00008,SP00008,SKU018,升级款-银色,SKU018,升级款-银色,ST018,数码电器,手机配件,支架,桌面支架,3,29.90,89.70,88.85,88.32,0.00,0.34,0.30,0.21,0.00,0.53,0.00,0.00,0.00,44.77,发错货/漏发,仅退款,退货退款,上海市,上海,锦江区,上海市锦江区中山路239号,用户624,17233673472,,,网页,否,否,否,,微信支付,否,,,是,否,否,否,否,否,韵达快递,YT25381328567,运输中,
2705000247,已签收,2026-04-29 01:10:13,2026-05-01 11:30:36,2026-05-03,2026-04-29 18:11:15,2026-05-01,桌面手机支架可折叠,PD00008,SP00008,SKU017,基础款-黑色,SKU017,基础款-黑色,ST017,数码电器,手机配件,支架,桌面支架,5,19.90,99.50,89.93,89.39,0.00,3.83,3.35,2.39,0.00,0.54,0.00,0.00,0.00,0.00,,,,天津市,天津,东城区,天津市东城区南京路250号,用户639,13182924204,,,H5,否,否,否,,支付宝,否,,,否,否,否,否,否,是,圆通速递,YT64140559487,派送中,
2705000097,已退款,2026-04-29 06:26:53,2026-05-02 18:54:06,2026-05-04,2026-04-29 00:04:33,2026-05-01,不锈钢保温杯大容量,PD00004,SP00004,SKU009,800ml-银色,SKU009,800ml-银色,ST009,家居生活,餐饮用具,保温杯,不锈钢保温杯,1,65.00,65.00,61.15,60.78,0.00,1.54,1.35,0.96,0.00,0.37,0.00,0.00,0.00,57.62,不喜欢/效果不好,退货退款,退款成功,北京市,北京,朝阳区,北京市朝阳区长安街160号,用户344,17230531635,,,APP-Android,否,否,否,,花呗分期,否,,,否,否,否,否,否,否,中通快递,YT86509529048,运输中,
2705000258,待发货,2026-04-29 08:29:18,2026-05-01 16:13:30,2026-05-02,2026-04-29 13:22:55,2026-05-01,男士运动休闲鞋透气款,PD00005,SP00005,SKU011,40码-黑色,SKU011,40码-黑色,ST011,运动户外,运动鞋服,运动鞋,跑步鞋,3,119.00,357.00,350.60,348.50,0.00,2.56,2.24,1.60,0.00,2.10,0.00,0.00,0.00,0.00,,,,湖南省,长沙,浦东新区,长沙市浦东新区人民路125号,用户425,14828641478,送人用请精美包装,,APP-Android,否,否,否,,花呗分期,否,,,否,否,否,否,否,否,圆通速递,YT71534420141,派送中,集运
2705000140,已退款,2026-04-29 09:25:12,2026-05-01 19:32:31,2026-05-08,2026-04-29 16:41:57,2026-05-01,桌面手机支架可折叠,PD00008,SP00008,SKU017,基础款-黑色,SKU017,基础款-黑色,ST017,数码电器,手机配件,支架,桌面支架,2,19.90,39.80,33.94,33.74,0.00,1.55,1.35,0.97,1.99,0.20,0.00,0.00,0.00,29.71,商品与描述不符,退货退款,退款成功,云南省,昆明,海淀区,昆明市海淀区解放路21号,用户180,18620196120,送人用请精美包装,,APP-Android,否,否,否,,多多支付,否,,,否,否,否,否,否,否,申通快递,YT97420965636,已签收,
2705000501,已付款,2026-04-29 12:41:19,2026-05-01 16:30:28,2026-05-06,2026-04-29 07:03:12,2026-05-01,夏季冰丝凉席三件套,PD00001,SP00001,SKU003,1.5m床-蓝色,SKU003,1.5m床-蓝色,ST003,家居生活,床上用品,凉席,冰丝凉席,3,89.00,267.00,253.10,251.58,0.00,0.22,0.19,0.14,13.35,1.52,0.00,0.00,0.00,0.00,,,,江苏省,南京,锦江区,南京市锦江区长安街130号,用户889,13436970283,,,APP-Android,否,否,否,,微信支付,否,,买家,否,否,否,否,否,否,韵达快递,YT62048720017,运输中,
2705000304,已完成,2026-04-29 15:13:00,2026-05-01 00:46:16,2026-05-02,2026-04-29 21:35:57,2026-05-01,夏季冰丝凉席三件套,PD00001,SP00001,SKU002,1.8m床-灰色,SKU002,1.8m床-灰色,ST002,家居生活,床上用品,凉席,冰丝凉席,2,109.00,218.00,160.72,159.76,0.00,18.55,16.23,11.60,10.90,0.96,0.00,0.00,0.00,0.00,,,,浙江省,杭州,南山区,杭州市南山区长安街157号,用户414,17841991084,发之前检查一下质量,,小程序,否,否,否,,多多支付,否,,,是,否,否,否,否,否,顺丰速运,YT35164143217,运输中,
2705000454,已完成,2026-04-29 16:06:23,2026-04-30 11:08:25,2026-05-06,2026-04-29 13:20:03,2026-05-01,夏季冰丝凉席三件套,PD00001,SP00001,SKU001,1.5m床-灰色,SKU001,1.5m床-灰色,ST001,家居生活,床上用品,凉席,冰丝凉席,2,89.00,178.00,160.03,159.07,0.00,3.63,3.17,2.27,8.90,0.96,0.00,0.00,0.00,0.00,,,换货,湖南省,长沙,锦江区,长沙市锦江区人民路44号,用户611,15627694722,,,APP-iOS,否,否,是,大悦城店,微信支付,否,,,否,否,否,否,否,否,极兔速递,YT51292795204,已签收,
2705000390,已付款,2026-04-29 17:31:52,2026-04-30 21:50:13,2026-05-01,2026-04-29 09:21:39,2026-05-01,不锈钢保温杯大容量,PD00004,SP00004,SKU009,800ml-银色,SKU009,800ml-银色,ST009,家居生活,餐饮用具,保温杯,不锈钢保温杯,1,65.00,65.00,50.03,49.73,0.00,5.99,5.24,3.74,0.00,0.30,0.00,0.00,0.00,0.00,,,,辽宁省,沈阳,南山区,沈阳市南山区人民路57号,用户891,13613098582,,,网页,是,否,否,,微信支付,否,,,是,否,否,否,否,否,中通快递,YT13508127170,运输中,
2705000010,已退款,2026-04-30 04:09:51,2026-05-01 23:45:00,2026-05-08,2026-04-30 10:12:05,2026-05-02,夏季冰丝凉席三件套,PD00001,SP00001,SKU001,1.5m床-灰色,SKU001,1.5m床-灰色,ST001,家居生活,床上用品,凉席,冰丝凉席,1,89.00,89.00,76.92,76.15,0.00,4.83,4.23,3.02,0.00,0.77,0.00,0.00,0.00,65.64,卖家发错尺码,退货退款,退货退款,安徽省,合肥,南山区,合肥市南山区解放路78号,用户952,13571806835,,,H5,否,否,否,,支付宝,否,,,否,否,否,否,否,否,顺丰速运,YT11838595135,运输中,
2705000214,已签收,2026-04-30 05:38:41,2026-04-30 06:58:56,2026-05-07,2026-04-30 17:32:49,2026-05-02,儿童益智积木拼装玩具,PD00003,SP00003,SKU006,大颗粒100粒,SKU006,大颗粒100粒,ST006,母婴玩具,益智玩具,积木,大颗粒积木,1,59.00,59.00,44.35,44.08,0.00,5.86,5.13,3.66,0.00,0.27,0.00,0.00,0.00,0.00,,,,上海市,上海,福田区,上海市福田区中山路222号,用户479,16315542117,,,网页,否,否,否,,微信支付,否,,,是,否,否,否,否,否,邮政快递,YT13353094904,运输中,
2705000203,已签收,2026-04-30 13:37:07,2026-05-01 14:34:11,2026-05-08,2026-04-30 23:44:28,2026-05-02,无线蓝牙耳机Pro版,PD00002,SP00002,SKU005,白色降噪版,SKU005,白色降噪版,ST005,数码电器,影音设备,耳机,无线耳机,5,189.00,945.00,929.49,923.91,0.00,6.20,5.43,3.88,0.00,5.58,0.00,0.00,0.00,0.00,,,,广东省,广州,西城区,广州市西城区长安街148号,用户713,17586438186,,,网页,否,否,否,,支付宝,否,,,否,否,否,否,否,否,顺丰速运,YT34461818653,运输中,
2705000087,已退款,2026-04-30 14:02:08,2026-05-01 14:00:52,2026-05-08,2026-04-30 04:21:36,2026-05-02,夏季冰丝凉席三件套,PD00001,SP00001,SKU002,1.8m床-灰色,SKU002,1.8m床-灰色,ST002,家居生活,床上用品,凉席,冰丝凉席,1,109.00,109.00,91.48,90.93,0.00,7.01,6.13,4.38,0.00,0.55,0.00,0.00,0.00,46.59,物流太慢,仅退款,退货退款,四川省,成都,东城区,成都市东城区南京路231号,用户552,16796666482,,,网页,否,否,否,,支付宝,否,,,否,否,否,否,否,否,邮政快递,YT51517650391,运输中,
2705000282,已发货,2026-04-30 16:59:01,2026-05-01 20:57:24,2026-05-02,2026-04-30 07:23:12,2026-05-02,夏季冰丝凉席三件套,PD00001,SP00001,SKU001,1.5m床-灰色,SKU001,1.5m床-灰色,ST001,家居生活,床上用品,凉席,冰丝凉席,3,89.00,267.00,255.61,254.08,0.00,4.55,3.99,2.85,0.00,1.53,0.00,0.00,0.00,220.21,收到商品破损,退货退款,退款成功,湖南省,长沙,天河区,长沙市天河区长安街24号,用户387,15688919069,,,网页,否,否,否,,支付宝,否,,买家,否,否,否,否,否,否,顺丰速运,YT21388459265,派送中,
2705000029,已签收,2026-04-30 17:39:52,2026-04-30 10:29:45,2026-05-03,2026-04-30 08:52:54,2026-05-02,无线蓝牙耳机Pro版,PD00002,SP00002,SKU005,白色降噪版,SKU005,白色降噪版,ST005,数码电器,影音设备,耳机,无线耳机,1,189.00,189.00,151.67,150.76,0.00,14.93,13.07,9.33,0.00,0.91,0.00,0.00,0.00,0.00,,,,江西省,南昌,南山区,南昌市南山区建设路213号,用户501,15571818663,,,网页,否,否,否,,多多支付,否,,,否,否,否,否,否,否,极兔速递,YT89286402591,运输中,
2705000375,已签收,2026-04-30 18:58:57,2026-05-02 02:53:10,2026-05-05,2026-04-30 00:16:53,2026-05-02,男士运动休闲鞋透气款,PD00005,SP00005,SKU012,41码-白色,SKU012,41码-白色,ST012,运动户外,运动鞋服,运动鞋,跑步鞋,2,119.00,238.00,196.43,195.25,0.00,16.63,14.55,10.39,0.00,1.18,0.00,0.00,0.00,0.00,,,,陕西省,西安,南山区,西安市南山区长安街61号,用户894,16635553461,到货前短信通知,,APP-Android,否,否,否,,多多支付,否,,,否,否,否,否,否,否,极兔速递,YT35024954614,派送中,
2705000213,已完成,2026-04-30 19:22:35,2026-05-03 01:02:48,2026-05-10,2026-04-30 15:24:53,2026-05-02,夏季冰丝凉席三件套,PD00001,SP00001,SKU002,1.8m床-灰色,SKU002,1.8m床-灰色,ST002,家居生活,床上用品,凉席,冰丝凉席,2,109.00,218.00,182.93,181.83,0.00,9.67,8.46,6.04,10.90,1.10,71.02,0.00,0.00,109.48,商品与描述不符,仅退款,退款成功,辽宁省,沈阳,浦东新区,沈阳市浦东新区解放路17号,用户415,17343300876,,,网页,否,否,否,,花呗分期,否,,,否,否,否,否,否,否,申通快递,YT55987727318,已签收,
2705000336,已完成,2026-04-30 19:43:18,2026-05-02 01:04:04,2026-05-07,2026-04-30 05:13:27,2026-05-02,男士运动休闲鞋透气款,PD00005,SP00005,SKU012,41码-白色,SKU012,41码-白色,ST012,运动户外,运动鞋服,运动鞋,跑步鞋,2,119.00,238.00,180.45,179.37,0.00,23.02,20.14,14.39,0.00,1.08,0.00,0.00,0.00,0.00,,,,辽宁省,沈阳,锦江区,沈阳市锦江区建设路268号,用户768,14319524620,到货前短信通知,,APP-Android,是,否,否,,多多支付,否,,,否,否,否,否,否,否,极兔速递,YT64866181301,已签收,
2705000502,待发货,2026-04-30 22:29:34,2026-05-01 10:01:38,2026-05-07,2026-04-30 07:47:44,2026-05-02,无线蓝牙耳机Pro版,PD00002,SP00002,SKU004,黑色标准版,SKU004,黑色标准版,ST004,数码电器,影音设备,耳机,无线耳机,5,129.00,645.00,500.43,497.43,0.00,57.83,50.60,36.14,0.00,3.00,0.00,0.00,0.00,0.00,,,,安徽省,合肥,浦东新区,合肥市浦东新区长安街114号,用户389,14147700239,,要赠品,APP-iOS,否,否,否,,多多支付,否,,,否,否,否,否,否,否,极兔速递,YT10740698280,派送中,
2705000200,已取消,2026-04-30 23:04:47,,,2026-04-30 03:08:41,2026-05-02,儿童益智积木拼装玩具,PD00003,SP00003,SKU007,大颗粒200粒,SKU007,大颗粒200粒,ST007,母婴玩具,益智玩具,积木,大颗粒积木,5,99.00,495.00,494.93,491.96,0.00,0.03,0.02,0.02,0.00,2.97,0.00,0.00,0.00,0.00,,,,重庆市,重庆,南山区,重庆市南山区长安街50号,用户471,13742510294,,,H5,否,否,否,,多多支付,否,,买家,否,否,否,否,否,否,申通快递,YT19032953869,,
2705000253,待发货,2026-04-30 23:22:12,2026-05-02 16:14:47,2026-05-07,2026-04-30 00:28:54,2026-05-02,无线蓝牙耳机Pro版,PD00002,SP00002,SKU004,黑色标准版,SKU004,黑色标准版,ST004,数码电器,影音设备,耳机,无线耳机,3,129.00,387.00,322.36,320.43,0.00,25.86,22.62,16.16,0.00,1.93,0.00,0.00,0.00,0.00,,,,河北省,石家庄,西城区,石家庄市西城区解放路128号,用户933,19170449410,,,小程序,否,否,否,,多多支付,否,,,否,否,否,否,否,否,邮政快递,YT85248199836,已签收,
2705000114,已退款,2026-04-30 23:32:57,2026-05-02 13:58:40,2026-05-03,2026-04-30 09:36:37,2026-05-02,有机红枣夹核桃500g,PD00007,SP00007,SKU016,1000g礼盒,SKU016,1000g礼盒,ST016,食品生鲜,坚果零食,红枣,夹心红枣,1,69.00,69.00,67.97,67.56,0.00,0.41,0.36,0.26,0.00,0.41,0.00,0.00,0.00,29.83,收到商品破损,仅退款,退货退款,广东省,广州,海淀区,广州市海淀区南京路83号,用户907,17331772367,,,小程序,否,否,否,,支付宝,否,,,否,否,否,否,否,否,极兔速递,YT47058855873,已签收,
2705000306,已完成,2026-05-01 03:41:07,2026-05-04 18:44:24,2026-05-05,2026-05-01 19:58:43,2026-05-03,男士运动休闲鞋透气款,PD00005,SP00005,SKU010,39码-黑色,SKU010,39码-黑色,ST010,运动户外,运动鞋服,运动鞋,跑步鞋,1,119.00,119.00,97.48,96.90,0.00,8.61,7.53,5.38,0.00,0.58,0.00,0.00,0.00,0.00,,,,四川省,成都,锦江区,成都市锦江区长安街5号,用户263,19203455246,,,APP-Android,否,否,否,,花呗分期,否,,,否,否,否,否,否,否,圆通速递,YT92665723311,运输中,
2705000261,已取消,2026-05-01 04:01:44,,,2026-05-01 20:56:08,2026-05-03,有机红枣夹核桃500g,PD00007,SP00007,SKU015,500g袋装,SKU015,500g袋装,ST015,食品生鲜,坚果零食,红枣,夹心红枣,1,39.00,39.00,29.63,29.45,0.00,3.75,3.28,2.34,0.00,0.18,0.00,0.00,0.00,0.00,,,,江苏省,南京,福田区,南京市福田区长安街163号,用户849,16929172223,,,H5,否,否,否,,微信支付,否,,,否,是,否,否,否,否,邮政快递,YT25706438888,,
2705000170,已发货,2026-05-01 04:54:21,2026-05-02 22:13:30,2026-05-07,2026-05-01 16:39:11,2026-05-03,有机红枣夹核桃500g,PD00007,SP00007,SKU016,1000g礼盒,SKU016,1000g礼盒,ST016,食品生鲜,坚果零食,红枣,夹心红枣,1,69.00,69.00,61.72,61.35,0.00,1.53,1.34,0.96,3.45,0.37,0.00,0.00,0.00,0.00,,,,湖南省,长沙,南山区,长沙市南山区中山路61号,用户209,15271795914,,,APP-iOS,是,否,否,,微信支付,否,,,否,否,否,否,否,否,顺丰速运,YT40898998844,运输中,
2705000291,已退款,2026-05-01 05:59:23,2026-05-01 00:52:22,2026-05-07,2026-05-01 12:30:01,2026-05-03,夏季冰丝凉席三件套,PD00001,SP00001,SKU001,1.5m床-灰色,SKU001,1.5m床-灰色,ST001,家居生活,床上用品,凉席,冰丝凉席,1,89.00,89.00,86.55,86.03,0.00,0.98,0.86,0.61,0.00,0.52,0.00,0.00,0.00,71.76,物流太慢,仅退款,退款成功,重庆市,重庆,武侯区,重庆市武侯区中山路40号,用户454,14430161371,,,APP-Android,否,否,否,,多多支付,否,,,否,否,否,否,否,否,申通快递,YT51590230051,运输中,
2705000392,已完成,2026-05-01 06:23:14,2026-05-04 23:34:38,2026-05-08,2026-05-01 09:24:36,2026-05-03,儿童益智积木拼装玩具,PD00003,SP00003,SKU006,大颗粒100粒,SKU006,大颗粒100粒,ST006,母婴玩具,益智玩具,积木,大颗粒积木,3,59.00,177.00,159.68,158.72,0.00,6.93,6.06,4.33,0.00,0.96,0.00,0.00,0.00,0.00,,,,云南省,昆明,西城区,昆明市西城区长安街152号,用户477,16289286689,,,APP-iOS,是,否,否,,多多支付,否,,,否,否,否,否,否,否,韵达快递,YT69325662760,运输中,
2705000180,已签收,2026-05-01 06:33:21,2026-05-04 12:19:13,2026-05-06,2026-05-01 18:57:02,2026-05-03,有机红枣夹核桃500g,PD00007,SP00007,SKU015,500g袋装,SKU015,500g袋装,ST015,食品生鲜,坚果零食,红枣,夹心红枣,2,39.00,78.00,61.92,61.30,0.00,4.87,4.26,3.05,3.90,0.62,0.00,0.00,0.00,0.00,,,,福建省,厦门,浦东新区,厦门市浦东新区南京路36号,用户192,13621821786,,,H5,否,否,否,,微信支付,否,,买家,否,否,否,否,否,否,申通快递,YT96582172767,派送中,
2705000386,已发货,2026-05-01 07:33:47,2026-05-03 16:43:27,2026-05-06,2026-05-01 03:21:39,2026-05-03,桌面手机支架可折叠,PD00008,SP00008,SKU018,升级款-银色,SKU018,升级款-银色,ST018,数码电器,手机配件,支架,桌面支架,1,29.90,29.90,25.07,24.92,0.00,1.93,1.69,1.21,0.00,0.15,0.00,0.00,0.00,0.00,,,,福建省,厦门,浦东新区,厦门市浦东新区长安街117号,用户262,15132906353,,,APP-Android,否,否,否,,多多支付,否,,,否,否,否,否,否,否,中通快递,YT74799551370,派送中,
2705000146,待发货,2026-05-01 09:03:44,2026-05-04 06:24:54,2026-05-11,2026-05-01 21:02:56,2026-05-03,男士运动休闲鞋透气款,PD00005,SP00005,SKU012,41码-白色,SKU012,41码-白色,ST012,运动户外,运动鞋服,运动鞋,跑步鞋,1,119.00,119.00,110.52,109.86,0.00,3.39,2.97,2.12,0.00,0.66,0.00,0.00,0.00,0.00,,,,广西,南宁,武侯区,南宁市武侯区人民路108号,用户665,17228003500,,,H5,否,否,否,,支付宝,否,,,否,否,否,否,否,否,圆通速递,YT98249335011,运输中,
2705000129,待发货,2026-05-01 09:35:44,2026-05-04 17:01:26,2026-05-07,2026-05-01 21:11:26,2026-05-03,不锈钢保温杯大容量,PD00004,SP00004,SKU008,500ml-黑色,SKU008,500ml-黑色,ST008,家居生活,餐饮用具,保温杯,不锈钢保温杯,2,45.00,90.00,80.30,79.82,0.00,2.08,1.82,1.30,4.50,0.48,0.00,43.66,0.00,0.00,,,,北京市,北京,东城区,北京市东城区人民路80号,用户735,17753675229,,,小程序,否,否,否,,微信支付,否,3,,否,否,否,否,是,否,邮政快递,YT54276811578,运输中,
2705000086,已退款,2026-05-01 14:03:44,2026-05-02 14:58:29,2026-05-03,2026-05-01 21:04:26,2026-05-03,桌面手机支架可折叠,PD00008,SP00008,SKU017,基础款-黑色,SKU017,基础款-黑色,ST017,数码电器,手机配件,支架,桌面支架,1,19.90,19.90,16.38,16.28,0.00,1.41,1.23,0.88,0.00,0.10,0.00,0.00,0.00,15.81,七天无理由退货,仅退款,退款成功,天津市,天津,武侯区,天津市武侯区长安街163号,用户152,13655435234,,,网页,是,否,否,,微信支付,否,,,是,否,否,否,否,否,圆通速递,YT80064820397,运输中,转运
2705000078,已付款,2026-05-01 20:50:03,2026-05-04 16:55:44,2026-05-10,2026-05-01 16:09:24,2026-05-03,有机红枣夹核桃500g,PD00007,SP00007,SKU015,500g袋装,SKU015,500g袋装,ST015,食品生鲜,坚果零食,红枣,夹心红枣,2,39.00,78.00,76.40,75.94,0.00,0.64,0.56,0.40,0.00,0.46,0.00,0.00,0.00,0.00,,,,四川省,成都,西城区,成都市西城区建设路21号,用户816,16978123931,,,APP-Android,否,否,否,,花呗分期,否,12,,否,否,否,否,否,否,韵达快递,YT52757037954,运输中,
2705000395,已付款,2026-05-01 21:20:00,2026-05-04 20:36:39,2026-05-08,2026-05-01 03:11:55,2026-05-03,夏季冰丝凉席三件套,PD00001,SP00001,SKU003,1.5m床-蓝色,SKU003,1.5m床-蓝色,ST003,家居生活,床上用品,凉席,冰丝凉席,1,89.00,89.00,75.57,75.12,0.00,5.37,4.70,3.36,0.00,0.45,0.00,0.00,0.00,0.00,,,,重庆市,重庆,海淀区,重庆市海淀区解放路44号,用户681,15940760641,,,网页,否,否,否,,支付宝,否,,,是,否,否,否,否,否,中通快递,YT98753591655,运输中,
2705000259,已取消,2026-05-01 21:42:25,,,2026-05-01 04:26:57,2026-05-03,夏季冰丝凉席三件套,PD00001,SP00001,SKU001,1.5m床-灰色,SKU001,1.5m床-灰色,ST001,家居生活,床上用品,凉席,冰丝凉席,2,89.00,178.00,141.55,140.13,0.00,14.58,12.76,9.11,0.00,1.42,0.00,0.00,0.00,0.00,,,,安徽省,合肥,福田区,合肥市福田区中山路99号,用户597,16311038051,,,小程序,否,否,否,,多多支付,否,,,是,否,否,否,否,否,中通快递,YT62384050663,,
2705000138,已付款,2026-05-02 06:09:48,2026-05-03 13:52:40,2026-05-07,2026-05-02 05:21:57,2026-05-04,不锈钢保温杯大容量,PD00004,SP00004,SKU009,800ml-银色,SKU009,800ml-银色,ST009,家居生活,餐饮用具,保温杯,不锈钢保温杯,1,65.00,65.00,51.92,51.61,0.00,5.23,4.58,3.27,0.00,0.31,0.00,0.00,0.00,0.00,,,,云南省,昆明,锦江区,昆明市锦江区南京路119号,用户916,14134089134,,,APP-Android,否,否,否,,微信支付,否,,,否,否,否,否,否,否,韵达快递,YT51978497952,运输中,
2705000075,已发货,2026-05-02 16:12:02,2026-05-03 13:10:43,2026-05-04,2026-05-02 11:33:52,2026-05-04,男士运动休闲鞋透气款,PD00005,SP00005,SKU011,40码-黑色,SKU011,40码-黑色,ST011,运动户外,运动鞋服,运动鞋,跑步鞋,2,119.00,238.00,185.83,184.72,0.00,20.87,18.26,13.04,0.00,1.11,0.00,0.00,0.00,0.00,,,,重庆市,重庆,南山区,重庆市南山区中山路293号,用户955,13324812325,,,网页,否,否,否,,花呗分期,否,3,,否,否,否,否,否,否,圆通速递,YT90870316812,派送中,
2705000288,已退款,2026-05-02 16:13:43,2026-05-04 12:01:08,2026-05-06,2026-05-02 19:15:12,2026-05-04,男士运动休闲鞋透气款,PD00005,SP00005,SKU010,39码-黑色,SKU010,39码-黑色,ST010,运动户外,运动鞋服,运动鞋,跑步鞋,3,119.00,357.00,334.87,332.86,0.00,1.71,1.50,1.07,17.85,2.01,0.00,0.00,0.00,122.44,商品与描述不符,仅退款,退款成功,山东省,青岛,朝阳区,青岛市朝阳区解放路221号,用户272,14676933046,,,APP-iOS,否,否,否,,支付宝,否,,,否,是,否,否,否,否,极兔速递,YT16467749360,运输中,
2705000475,已签收,2026-05-02 17:51:12,2026-05-04 19:46:42,2026-05-08,2026-05-02 22:56:09,2026-05-04,男士运动休闲鞋透气款,PD00005,SP00005,SKU012,41码-白色,SKU012,41码-白色,ST012,运动户外,运动鞋服,运动鞋,跑步鞋,1,119.00,119.00,105.20,104.57,0.00,5.52,4.83,3.45,0.00,0.63,0.00,0.00,0.00,0.00,,,,北京市,北京,浦东新区,北京市浦东新区长安街87号,用户997,16471233706,,,网页,否,否,否,,微信支付,否,,,否,否,否,否,否,否,韵达快递,YT68208071472,运输中,
2705000488,待发货,2026-05-02 18:28:14,2026-05-04 17:02:10,2026-05-09,2026-05-02 17:57:02,2026-05-04,不锈钢保温杯大容量,PD00004,SP00004,SKU009,800ml-银色,SKU009,800ml-银色,ST009,家居生活,餐饮用具,保温杯,不锈钢保温杯,5,65.00,325.00,250.28,248.78,0.00,29.89,26.15,18.68,0.00,1.50,0.00,0.00,0.00,0.00,,,,浙江省,杭州,天河区,杭州市天河区长安街40号,用户290,15562830816,,,网页,否,否,否,,多多支付,否,,,否,否,否,否,否,否,圆通速递,YT47859507174,运输中,
2705000089,已发货,2026-05-03 00:52:45,2026-05-05 00:32:57,2026-05-07,2026-05-03 20:01:57,2026-05-05,桌面手机支架可折叠,PD00008,SP00008,SKU018,升级款-银色,SKU018,升级款-银色,ST018,数码电器,手机配件,支架,桌面支架,2,29.90,59.80,44.56,44.29,0.00,4.90,4.29,3.06,2.99,0.27,0.00,0.00,0.00,0.00,,,,广东省,广州,朝阳区,广州市朝阳区中山路67号,用户546,17487399708,,,小程序,否,否,否,,支付宝,否,,,否,否,否,否,否,否,中通快递,YT68499650025,运输中,
2705000072,已退款,2026-05-03 03:35:08,2026-05-06 03:41:15,2026-05-11,2026-05-03 11:23:38,2026-05-05,夏季冰丝凉席三件套,PD00001,SP00001,SKU002,1.8m床-灰色,SKU002,1.8m床-灰色,ST002,家居生活,床上用品,凉席,冰丝凉席,2,109.00,218.00,166.33,165.33,0.00,20.67,18.08,12.92,0.00,1.00,0.00,0.00,0.00,87.74,发错货/漏发,退货退款,退款成功,河北省,石家庄,东城区,石家庄市东城区解放路190号,用户685,18954998917,,,小程序,否,否,否,,多多支付,否,12,,否,否,否,否,否,否,邮政快递,YT69332586532,运输中,
2705000363,已付款,2026-05-03 06:49:07,2026-05-05 00:59:17,2026-05-11,2026-05-03 01:23:50,2026-05-05,男士运动休闲鞋透气款,PD00005,SP00005,SKU010,39码-黑色,SKU010,39码-黑色,ST010,运动户外,运动鞋服,运动鞋,跑步鞋,1,119.00,119.00,102.48,101.87,0.00,6.61,5.78,4.13,0.00,0.61,0.00,0.00,0.00,0.00,,,,广西,南宁,武侯区,南宁市武侯区南京路29号,用户830,17737505706,,,H5,否,否,否,,支付宝,否,,,否,否,否,否,否,否,极兔速递,YT61975123432,运输中,
2705000255,已付款,2026-05-03 06:56:09,2026-05-05 17:33:53,2026-05-08,2026-05-03 07:00:20,2026-05-05,无线蓝牙耳机Pro版,PD00002,SP00002,SKU004,黑色标准版,SKU004,黑色标准版,ST004,数码电器,影音设备,耳机,无线耳机,1,129.00,129.00,110.37,109.71,0.00,7.45,6.52,4.66,0.00,0.66,0.00,0.00,0.00,0.00,,,,河南省,郑州,武侯区,郑州市武侯区人民路283号,用户960,17730592363,,,网页,否,否,否,,微信支付,否,,,否,否,否,否,否,否,申通快递,YT68561757702,派送中,
2705000236,已退款,2026-05-03 07:01:00,2026-05-06 02:53:42,2026-05-09,2026-05-03 04:48:07,2026-05-05,桌面手机支架可折叠,PD00008,SP00008,SKU018,升级款-银色,SKU018,升级款-银色,ST018,数码电器,手机配件,支架,桌面支架,1,29.90,29.90,29.04,21.87,7.00,0.34,0.30,0.22,0.00,0.17,0.00,0.00,0.00,17.15,收到商品破损,仅退款,退款成功,广西,南宁,海淀区,南宁市海淀区人民路164号,用户234,17957180496,,VIP客户,网页,否,否,否,,支付宝,否,,,否,否,否,否,否,否,极兔速递,YT18992006674,已签收,
2705000188,已签收,2026-05-03 07:16:41,2026-05-03 16:40:59,2026-05-07,2026-05-03 19:38:57,2026-05-05,有机红枣夹核桃500g,PD00007,SP00007,SKU015,500g袋装,SKU015,500g袋装,ST015,食品生鲜,坚果零食,红枣,夹心红枣,1,39.00,39.00,30.77,30.59,0.00,3.29,2.88,2.06,0.00,0.18,0.00,0.00,0.00,0.00,,,,安徽省,合肥,东城区,合肥市东城区中山路252号,用户329,19434497207,,,H5,否,否,否,,微信支付,否,,,否,否,否,否,否,否,圆通速递,YT55788127311,运输中,
2705000458,已取消,2026-05-03 10:05:25,,,2026-05-03 03:14:57,2026-05-05,无线蓝牙耳机Pro版,PD00002,SP00002,SKU004,黑色标准版,SKU004,黑色标准版,ST004,数码电器,影音设备,耳机,无线耳机,2,129.00,258.00,231.72,230.33,0.00,10.51,9.20,6.57,0.00,1.39,0.00,0.00,0.00,0.00,,,,重庆市,重庆,福田区,重庆市福田区建设路272号,用户759,14216888488,请尽快发货,,APP-iOS,是,否,否,,花呗分期,否,3,买家,否,否,否,否,否,否,韵达快递,YT27979882773,,
2705000409,已退款,2026-05-03 15:38:22,2026-05-04 04:34:46,2026-05-07,2026-05-03 15:27:59,2026-05-05,儿童益智积木拼装玩具,PD00003,SP00003,SKU007,大颗粒200粒,SKU007,大颗粒200粒,ST007,母婴玩具,益智玩具,积木,大颗粒积木,2,99.00,198.00,176.03,174.97,0.00,8.79,7.69,5.49,0.00,1.06,0.00,0.00,0.00,113.17,质量问题,退货退款,退款成功,四川省,成都,武侯区,成都市武侯区建设路182号,用户843,15851885446,,,网页,否,否,否,,花呗分期,否,,,否,否,否,否,否,否,韵达快递,YT66911621989,运输中,
2705000383,待发货,2026-05-03 18:20:30,2026-05-04 02:32:03,2026-05-07,2026-05-03 17:46:08,2026-05-05,有机红枣夹核桃500g,PD00007,SP00007,SKU016,1000g礼盒,SKU016,1000g礼盒,ST016,食品生鲜,坚果零食,红枣,夹心红枣,1,69.00,69.00,53.35,52.82,0.00,4.88,4.27,3.05,3.45,0.53,0.00,0.00,0.00,0.00,,,,安徽省,合肥,锦江区,合肥市锦江区南京路66号,用户571,18341761779,,,网页,否,否,否,,微信支付,否,,,是,否,否,否,否,否,顺丰速运,YT29075883053,已签收,
2705000378,已发货,2026-05-03 19:28:18,2026-05-06 15:31:16,2026-05-11,2026-05-03 04:16:58,2026-05-05,男士运动休闲鞋透气款,PD00005,SP00005,SKU011,40码-黑色,SKU011,40码-黑色,ST011,运动户外,运动鞋服,运动鞋,跑步鞋,1,119.00,119.00,93.89,92.95,0.00,10.04,8.79,6.28,0.00,0.94,0.00,0.00,0.00,0.00,,,,北京市,北京,锦江区,北京市锦江区南京路220号,用户628,17912359990,,,小程序,是,否,否,,多多支付,否,12,,否,否,否,否,否,否,申通快递,YT83704731773,派送中,转运
2705000337,已签收,2026-05-03 19:35:22,2026-05-05 03:23:20,2026-05-10,2026-05-03 22:46:15,2026-05-05,桌面手机支架可折叠,PD00008,SP00008,SKU017,基础款-黑色,SKU017,基础款-黑色,ST017,数码电器,手机配件,支架,桌面支架,3,19.90,59.70,57.17,56.83,0.00,1.01,0.89,0.63,0.00,0.34,0.00,0.00,0.00,0.00,,,,河北省,石家庄,南山区,石家庄市南山区解放路112号,用户841,13880571865,请尽快发货,,APP-Android,否,否,否,,花呗分期,否,,,否,否,否,否,否,否,顺丰速运,YT30398897955,已签收,
2705000081,已取消,2026-05-03 21:27:10,,,2026-05-03 11:46:42,2026-05-05,不锈钢保温杯大容量,PD00004,SP00004,SKU009,800ml-银色,SKU009,800ml-银色,ST009,家居生活,餐饮用具,保温杯,不锈钢保温杯,1,65.00,65.00,59.57,59.21,0.00,0.87,0.76,0.55,3.25,0.36,0.00,0.00,0.00,0.00,,,,浙江省,杭州,西城区,杭州市西城区建设路144号,用户494,19296909832,,,H5,否,否,否,,微信支付,否,,,否,否,否,否,否,否,圆通速递,YT45059032366,,
2705000442,已发货,2026-05-04 00:43:00,2026-05-05 05:42:54,2026-05-12,2026-05-04 11:23:43,2026-05-06,无线蓝牙耳机Pro版,PD00002,SP00002,SKU005,白色降噪版,SKU005,白色降噪版,ST005,数码电器,影音设备,耳机,无线耳机,5,189.00,945.00,709.25,704.99,0.00,94.30,82.51,58.94,0.00,4.26,0.00,0.00,0.00,0.00,,,,广西,南宁,西城区,南宁市西城区建设路194号,用户183,17792365634,,,APP-Android,否,否,否,,微信支付,否,,,否,否,否,否,否,否,中通快递,YT33018790183,运输中,
2705000028,已完成,2026-05-04 01:24:27,2026-05-05 03:03:31,2026-05-07,2026-05-04 02:54:49,2026-05-06,男士运动休闲鞋透气款,PD00005,SP00005,SKU010,39码-黑色,SKU010,39码-黑色,ST010,运动户外,运动鞋服,运动鞋,跑步鞋,1,119.00,119.00,106.67,106.03,0.00,4.93,4.32,3.08,0.00,0.64,0.00,0.00,0.00,0.00,,,,辽宁省,沈阳,南山区,沈阳市南山区建设路177号,用户673,19869152140,,,APP-Android,否,否,否,,花呗分期,否,,,否,否,否,否,否,否,申通快递,YT87635747402,运输中,
2705000307,已发货,2026-05-04 04:06:15,2026-05-06 21:32:26,2026-05-08,2026-05-04 15:13:23,2026-05-06,女士防晒衣轻薄透气,PD00006,SP00006,SKU014,L码-粉色,SKU014,L码-粉色,ST014,服饰内衣,女装,外套,防晒衣,1,69.00,69.00,61.04,60.67,0.00,3.18,2.79,1.99,0.00,0.37,0.00,0.00,0.00,0.00,,,,湖北省,武汉,浦东新区,武汉市浦东新区解放路296号,用户285,18194696565,,,H5,否,否,否,,微信支付,否,,,否,否,否,否,否,否,圆通速递,YT64747175230,运输中,
2705000332,已签收,2026-05-04 06:48:29,2026-05-05 06:21:59,2026-05-06,2026-05-04 19:10:45,2026-05-06,不锈钢保温杯大容量,PD00004,SP00004,SKU008,500ml-黑色,SKU008,500ml-黑色,ST008,家居生活,餐饮用具,保温杯,不锈钢保温杯,2,45.00,90.00,88.48,87.95,0.00,0.61,0.53,0.38,0.00,0.53,0.00,0.00,0.00,0.00,,,换货,辽宁省,沈阳,海淀区,沈阳市海淀区人民路83号,用户415,15310930870,,,网页,否,否,否,,支付宝,否,,,否,否,否,否,否,否,极兔速递,YT76191772709,运输中,
2705000050,已签收,2026-05-04 07:06:39,2026-05-05 22:04:33,2026-05-08,2026-05-04 16:03:25,2026-05-06,桌面手机支架可折叠,PD00008,SP00008,SKU018,升级款-银色,SKU018,升级款-银色,ST018,数码电器,手机配件,支架,桌面支架,1,29.90,29.90,26.13,25.97,0.00,0.91,0.79,0.57,1.50,0.16,0.00,0.00,0.00,0.00,,,,福建省,厦门,海淀区,厦门市海淀区建设路175号,用户470,15621813105,,,APP-Android,否,否,否,,支付宝,否,,,否,否,否,否,否,否,顺丰速运,YT38140103075,派送中,
2705000111,已完成,2026-05-04 09:55:35,2026-05-05 11:46:38,2026-05-12,2026-05-04 06:33:52,2026-05-06,男士运动休闲鞋透气款,PD00005,SP00005,SKU010,39码-黑色,SKU010,39码-黑色,ST010,运动户外,运动鞋服,运动鞋,跑步鞋,5,119.00,595.00,435.02,432.41,0.00,52.09,45.58,32.56,29.75,2.61,0.00,0.00,0.00,0.00,,,,安徽省,合肥,海淀区,合肥市海淀区中山路171号,用户983,14617217049,,,APP-Android,是,否,否,,花呗分期,否,,,否,否,否,否,否,否,申通快递,YT36237006226,运输中,
2705000025,已签收,2026-05-04 09:56:27,2026-05-07 05:25:47,2026-05-13,2026-05-04 13:23:23,2026-05-06,男士运动休闲鞋透气款,PD00005,SP00005,SKU010,39码-黑色,SKU010,39码-黑色,ST010,运动户外,运动鞋服,运动鞋,跑步鞋,1,119.00,119.00,106.95,106.31,0.00,4.82,4.22,3.01,0.00,0.64,0.00,0.00,0.00,0.00,,,,河北省,石家庄,福田区,石家庄市福田区解放路101号,用户150,13782852523,,加急发货,APP-iOS,否,否,否,,多多支付,否,6,,否,否,否,否,否,是,中通快递,YT30890567074,运输中,
2705000314,已取消,2026-05-04 13:12:13,,,2026-05-04 09:29:41,2026-05-06,无线蓝牙耳机Pro版,PD00002,SP00002,SKU004,黑色标准版,SKU004,黑色标准版,ST004,数码电器,影音设备,耳机,无线耳机,3,129.00,387.00,331.73,329.74,0.00,22.11,19.34,13.82,0.00,1.99,0.00,0.00,0.00,0.00,,,,上海市,上海,福田区,上海市福田区解放路83号,用户440,17350143105,,,H5,否,否,否,,花呗分期,否,,,否,否,否,否,否,是,韵达快递,YT51684691500,,
2705000108,待发货,2026-05-04 14:00:15,2026-05-06 10:05:17,2026-05-07,2026-05-04 05:07:16,2026-05-06,无线蓝牙耳机Pro版,PD00002,SP00002,SKU005,白色降噪版,SKU005,白色降噪版,ST005,数码电器,影音设备,耳机,无线耳机,2,189.00,378.00,300.46,298.66,0.00,31.02,27.14,19.38,0.00,1.80,0.00,0.00,0.00,0.00,,,,广西,南宁,南山区,南宁市南山区长安街141号,用户638,17739802477,,老客户,网页,是,否,否,,多多支付,否,,,否,否,否,否,否,否,韵达快递,YT22139048910,运输中,
2705000234,已发货,2026-05-04 14:41:10,2026-05-06 23:43:10,2026-05-12,2026-05-04 00:38:26,2026-05-06,无线蓝牙耳机Pro版,PD00002,SP00002,SKU004,黑色标准版,SKU004,黑色标准版,ST004,数码电器,影音设备,耳机,无线耳机,2,129.00,258.00,209.97,208.71,0.00,19.21,16.81,12.01,0.00,1.26,0.00,0.00,0.00,0.00,,,,四川省,成都,武侯区,成都市武侯区中山路69号,用户367,19892021589,,,H5,否,否,否,,多多支付,否,,,否,否,否,否,否,否,极兔速递,YT70868933210,运输中,
2705000487,已付款,2026-05-04 15:28:26,2026-05-06 12:13:09,2026-05-11,2026-05-04 09:11:27,2026-05-06,夏季冰丝凉席三件套,PD00001,SP00001,SKU002,1.8m床-灰色,SKU002,1.8m床-灰色,ST002,家居生活,床上用品,凉席,冰丝凉席,2,109.00,218.00,173.60,172.56,0.00,17.76,15.54,11.10,0.00,1.04,0.00,0.00,0.00,0.00,,,,江苏省,南京,浦东新区,南京市浦东新区长安街5号,用户229,18200034697,,,APP-Android,否,否,否,,多多支付,否,3,,否,否,否,否,否,否,顺丰速运,YT20233895449,运输中,
2705000416,已退款,2026-05-04 18:28:55,2026-05-07 17:36:20,2026-05-11,2026-05-04 03:44:13,2026-05-06,无线蓝牙耳机Pro版,PD00002,SP00002,SKU004,黑色标准版,SKU004,黑色标准版,ST004,数码电器,影音设备,耳机,无线耳机,1,129.00,129.00,100.51,99.91,0.00,11.40,9.97,7.12,0.00,0.60,0.00,0.00,0.00,94.47,卖家发错尺码,仅退款,退款成功,河南省,郑州,西城区,郑州市西城区长安街191号,用户956,16223158527,,,小程序,否,否,否,,花呗分期,否,,,否,否,否,否,否,否,韵达快递,YT73960778784,已签收,转运
2705000370,待发货,2026-05-04 18:48:39,2026-05-06 09:33:20,2026-05-12,2026-05-04 13:11:56,2026-05-06,女士防晒衣轻薄透气,PD00006,SP00006,SKU013,M码-浅蓝,SKU013,M码-浅蓝,ST013,服饰内衣,女装,外套,防晒衣,2,69.00,138.00,102.50,101.89,0.00,11.44,10.01,7.15,6.90,0.61,0.00,0.00,0.00,0.00,,,,湖北省,武汉,武侯区,武汉市武侯区解放路39号,用户880,15275067514,送人用请精美包装,,H5,否,否,否,,多多支付,否,,,否,否,否,否,否,否,韵达快递,YT18772043471,已签收,
2705000155,已退款,2026-05-04 18:51:44,2026-05-05 01:02:49,2026-05-12,2026-05-04 23:07:53,2026-05-06,夏季冰丝凉席三件套,PD00001,SP00001,SKU002,1.8m床-灰色,SKU002,1.8m床-灰色,ST002,家居生活,床上用品,凉席,冰丝凉席,1,109.00,109.00,96.70,96.12,0.00,2.74,2.40,1.71,5.45,0.58,0.00,0.00,0.00,34.82,物流太慢,退货退款,退款成功,广东省,广州,东城区,广州市东城区人民路291号,用户112,17363360731,送人用请精美包装,,APP-iOS,否,否,否,,支付宝,否,,,否,否,否,否,否,是,顺丰速运,YT50688950142,运输中,
2705000009,已发货,2026-05-04 18:54:56,2026-05-04 03:13:01,2026-05-11,2026-05-04 10:18:58,2026-05-06,有机红枣夹核桃500g,PD00007,SP00007,SKU015,500g袋装,SKU015,500g袋装,ST015,食品生鲜,坚果零食,红枣,夹心红枣,1,39.00,39.00,36.60,36.38,0.00,0.96,0.84,0.60,0.00,0.22,0.00,0.00,0.00,0.00,,,,辽宁省,沈阳,福田区,沈阳市福田区建设路215号,用户628,13606500841,发之前检查一下质量,,APP-iOS,否,否,否,,多多支付,否,,,是,否,否,否,否,否,圆通速递,YT27183850119,运输中,
2705000018,已取消,2026-05-05 01:07:46,,,2026-05-05 20:58:56,2026-05-07,不锈钢保温杯大容量,PD00004,SP00004,SKU008,500ml-黑色,SKU008,500ml-黑色,ST008,家居生活,餐饮用具,保温杯,不锈钢保温杯,2,45.00,90.00,65.70,65.31,0.00,7.92,6.93,4.95,4.50,0.39,0.00,0.00,0.00,0.00,,,,江西省,南昌,南山区,南昌市南山区南京路66号,用户574,16443042903,,,APP-Android,否,否,否,,支付宝,否,,,否,是,否,否,否,否,顺丰速运,YT59290161078,,
2705000287,待发货,2026-05-05 01:26:37,2026-05-06 22:57:16,2026-05-11,2026-05-05 00:12:48,2026-05-07,夏季冰丝凉席三件套,PD00001,SP00001,SKU003,1.5m床-蓝色,SKU003,1.5m床-蓝色,ST003,家居生活,床上用品,凉席,冰丝凉席,5,89.00,445.00,387.80,385.47,0.00,22.88,20.02,14.30,0.00,2.33,0.00,0.00,0.00,120.69,七天无理由退货,仅退款,退款成功,云南省,昆明,浦东新区,昆明市浦东新区中山路112号,用户904,13369115869,,,H5,是,否,否,,微信支付,否,,,否,否,否,否,否,否,韵达快递,YT71723609805,运输中,
2705000328,待发货,2026-05-05 07:01:45,2026-05-06 23:59:29,2026-05-11,2026-05-05 17:42:35,2026-05-07,儿童益智积木拼装玩具,PD00003,SP00003,SKU007,大颗粒200粒,SKU007,大颗粒200粒,ST007,母婴玩具,益智玩具,积木,大颗粒积木,1,99.00,99.00,81.68,81.19,0.00,6.93,6.06,4.33,0.00,0.49,0.00,0.00,0.00,0.00,,,,福建省,厦门,西城区,厦门市西城区人民路214号,用户718,17538714920,,,网页,否,否,否,,支付宝,否,,,否,否,否,否,否,否,圆通速递,YT51868155498,运输中,
2705000149,已退款,2026-05-05 11:29:11,2026-05-06 17:20:13,2026-05-07,2026-05-05 15:06:30,2026-05-07,桌面手机支架可折叠,PD00008,SP00008,SKU017,基础款-黑色,SKU017,基础款-黑色,ST017,数码电器,手机配件,支架,桌面支架,1,19.90,19.90,16.55,16.45,0.00,1.34,1.17,0.84,0.00,0.10,0.00,0.00,0.00,15.26,收到商品破损,退货退款,退货退款,湖北省,武汉,天河区,武汉市天河区长安街279号,用户626,14908984623,到货前短信通知,VIP客户,小程序,否,否,否,,支付宝,否,,,否,否,否,否,否,否,圆通速递,YT52889480731,运输中,
2705000503,已退款,2026-05-05 12:30:07,2026-05-07 15:25:04,2026-05-11,2026-05-05 18:12:50,2026-05-07,儿童益智积木拼装玩具,PD00003,SP00003,SKU007,大颗粒200粒,SKU007,大颗粒200粒,ST007,母婴玩具,益智玩具,积木,大颗粒积木,1,99.00,99.00,90.49,89.95,0.00,3.40,2.98,2.13,0.00,0.54,0.00,0.00,0.00,82.41,发错货/漏发,仅退款,退款成功,天津市,天津,天河区,天津市天河区建设路149号,用户107,18301888680,,,H5,是,否,否,,微信支付,否,,,否,否,否,否,否,否,申通快递,YT23479461768,运输中,
2705000435,已完成,2026-05-06 00:29:45,2026-05-07 09:35:06,2026-05-11,2026-05-06 17:23:37,2026-05-08,女士防晒衣轻薄透气,PD00006,SP00006,SKU014,L码-粉色,SKU014,L码-粉色,ST014,服饰内衣,女装,外套,防晒衣,1,69.00,69.00,59.85,59.49,0.00,3.66,3.20,2.29,0.00,0.36,0.00,0.00,0.00,0.00,,,,山东省,青岛,朝阳区,青岛市朝阳区南京路74号,用户324,17152077725,,,APP-iOS,否,否,否,,支付宝,否,,买家,否,否,否,否,否,否,韵达快递,YT49049501806,运输中,
2705000064,已完成,2026-05-06 02:31:41,2026-05-08 11:24:27,2026-05-14,2026-05-06 16:32:46,2026-05-08,夏季冰丝凉席三件套,PD00001,SP00001,SKU001,1.5m床-灰色,SKU001,1.5m床-灰色,ST001,家居生活,床上用品,凉席,冰丝凉席,1,89.00,89.00,70.37,69.67,0.00,7.45,6.52,4.66,0.00,0.70,0.00,0.00,0.00,0.00,,,,浙江省,杭州,南山区,杭州市南山区长安街248号,用户430,17128710569,,VIP客户,APP-iOS,否,否,否,,花呗分期,否,,,否,否,否,否,否,否,申通快递,YT13114296665,运输中,
2705000061,待发货,2026-05-06 05:21:54,2026-05-08 03:23:36,2026-05-14,2026-05-06 07:02:37,2026-05-08,不锈钢保温杯大容量,PD00004,SP00004,SKU009,800ml-银色,SKU009,800ml-银色,ST009,家居生活,餐饮用具,保温杯,不锈钢保温杯,1,65.00,65.00,61.83,61.46,0.00,1.27,1.11,0.79,0.00,0.37,0.00,33.30,0.00,0.00,,,,江苏省,南京,朝阳区,南京市朝阳区中山路118号,用户330,15926279051,,,网页,否,否,否,,花呗分期,否,,,否,否,否,否,否,否,圆通速递,YT50039185790,运输中,
2705000278,已付款,2026-05-06 06:22:29,2026-05-07 11:20:06,2026-05-14,2026-05-06 18:51:46,2026-05-08,无线蓝牙耳机Pro版,PD00002,SP00002,SKU004,黑色标准版,SKU004,黑色标准版,ST004,数码电器,影音设备,耳机,无线耳机,5,129.00,645.00,587.63,584.10,0.00,22.95,20.08,14.34,0.00,3.53,0.00,0.00,0.00,0.00,,,,安徽省,合肥,浦东新区,合肥市浦东新区南京路245号,用户791,13863962654,,,H5,否,否,否,,花呗分期,否,,,否,否,否,否,否,否,申通快递,YT13875120343,已签收,
2705000444,已付款,2026-05-06 10:55:29,2026-05-06 03:58:55,2026-05-09,2026-05-06 17:30:36,2026-05-08,无线蓝牙耳机Pro版,PD00002,SP00002,SKU005,白色降噪版,SKU005,白色降噪版,ST005,数码电器,影音设备,耳机,无线耳机,3,189.00,567.00,459.29,456.53,0.00,43.08,37.70,26.93,0.00,2.76,0.00,0.00,0.00,0.00,,,,江苏省,南京,天河区,南京市天河区中山路109号,用户454,14271366915,,,APP-Android,否,否,否,,多多支付,否,,,否,否,否,否,否,否,邮政快递,YT84902279305,派送中,
2705000060,已签收,2026-05-06 14:05:14,2026-05-08 18:38:19,2026-05-15,2026-05-06 20:37:34,2026-05-08,无线蓝牙耳机Pro版,PD00002,SP00002,SKU004,黑色标准版,SKU004,黑色标准版,ST004,数码电器,影音设备,耳机,无线耳机,3,129.00,387.00,338.62,335.23,0.00,19.35,16.93,12.10,0.00,3.39,0.00,0.00,0.00,0.00,,,补发,辽宁省,沈阳,南山区,沈阳市南山区解放路15号,用户420,18859428252,,,小程序,否,否,否,,微信支付,否,,买家,否,否,否,否,否,否,圆通速递,YT62185434718,运输中,
2705000439,已发货,2026-05-06 16:46:06,2026-05-08 08:44:43,2026-05-14,2026-05-06 15:24:09,2026-05-08,有机红枣夹核桃500g,PD00007,SP00007,SKU016,1000g礼盒,SKU016,1000g礼盒,ST016,食品生鲜,坚果零食,红枣,夹心红枣,1,69.00,69.00,57.81,57.46,0.00,4.47,3.92,2.80,0.00,0.35,0.00,0.00,0.00,0.00,,,,河南省,郑州,东城区,郑州市东城区中山路15号,用户913,13881604102,,,小程序,否,否,否,,微信支付,否,,,否,否,否,否,否,否,中通快递,YT11385335525,运输中,
2705000240,待发货,2026-05-06 20:40:19,2026-05-07 03:06:46,2026-05-09,2026-05-06 20:02:22,2026-05-08,有机红枣夹核桃500g,PD00007,SP00007,SKU016,1000g礼盒,SKU016,1000g礼盒,ST016,食品生鲜,坚果零食,红枣,夹心红枣,1,69.00,69.00,56.00,55.66,0.00,3.82,3.34,2.39,3.45,0.34,0.00,0.00,0.00,0.00,,,,上海市,上海,东城区,上海市东城区南京路28号,用户393,13188278078,,,APP-iOS,否,否,否,,微信支付,否,,,否,否,否,否,否,是,申通快递,YT26305046957,已签收,
2705000043,已签收,2026-05-06 21:31:40,2026-05-08 22:56:23,2026-05-09,2026-05-06 08:29:29,2026-05-08,无线蓝牙耳机Pro版,PD00002,SP00002,SKU004,黑色标准版,SKU004,黑色标准版,ST004,数码电器,影音设备,耳机,无线耳机,2,129.00,258.00,216.12,214.82,0.00,16.75,14.66,10.47,0.00,1.30,0.00,0.00,0.00,0.00,,,,广东省,广州,武侯区,广州市武侯区南京路24号,用户975,17205097885,,VIP客户,小程序,否,否,否,,微信支付,否,,,否,否,否,否,否,否,中通快递,YT36450339250,派送中,
2705000462,待发货,2026-05-07 04:45:33,2026-05-08 19:15:33,2026-05-09,2026-05-07 03:35:31,2026-05-09,无线蓝牙耳机Pro版,PD00002,SP00002,SKU004,黑色标准版,SKU004,黑色标准版,ST004,数码电器,影音设备,耳机,无线耳机,2,129.00,258.00,207.86,205.78,0.00,20.06,17.55,12.53,0.00,2.08,0.00,0.00,0.00,0.00,,,,上海市,上海,西城区,上海市西城区中山路132号,用户790,18557780928,,,网页,否,否,否,,花呗分期,否,,,否,否,否,否,否,否,中通快递,YT84277040140,已签收,
2705000124,已付款,2026-05-07 04:59:21,2026-05-08 16:22:10,2026-05-11,2026-05-07 10:42:25,2026-05-09,夏季冰丝凉席三件套,PD00001,SP00001,SKU001,1.5m床-灰色,SKU001,1.5m床-灰色,ST001,家居生活,床上用品,凉席,冰丝凉席,1,89.00,89.00,67.43,67.03,0.00,6.85,5.99,4.28,4.45,0.40,0.00,0.00,0.00,0.00,,,,湖南省,长沙,福田区,长沙市福田区解放路293号,用户699,19704362307,,,H5,否,否,否,,多多支付,否,,,否,否,否,否,否,否,邮政快递,YT28424421495,运输中,
2705000136,已完成,2026-05-07 08:16:51,2026-05-07 22:28:11,2026-05-12,2026-05-07 20:14:56,2026-05-09,桌面手机支架可折叠,PD00008,SP00008,SKU018,升级款-银色,SKU018,升级款-银色,ST018,数码电器,手机配件,支架,桌面支架,1,29.90,29.90,26.53,26.37,0.00,1.35,1.18,0.84,0.00,0.16,0.00,0.00,0.00,0.00,,,,天津市,天津,浦东新区,天津市浦东新区南京路282号,用户899,15360771848,,要赠品,H5,否,否,否,,花呗分期,否,6,,否,否,否,否,否,否,顺丰速运,YT99218520006,已签收,
2705000130,已付款,2026-05-07 12:01:01,2026-05-07 18:04:22,2026-05-10,2026-05-07 18:49:53,2026-05-09,儿童益智积木拼装玩具,PD00003,SP00003,SKU007,大颗粒200粒,SKU007,大颗粒200粒,ST007,母婴玩具,益智玩具,积木,大颗粒积木,2,99.00,198.00,193.02,191.86,0.00,1.99,1.74,1.25,0.00,1.16,0.00,0.00,0.00,0.00,,,,山东省,青岛,武侯区,青岛市武侯区人民路39号,用户179,19472937092,请尽快发货,,网页,是,否,否,,多多支付,否,,,否,否,否,否,否,否,申通快递,YT52887873380,运输中,
2705000227,已发货,2026-05-07 14:11:43,2026-05-09 19:09:12,2026-05-11,2026-05-07 11:27:52,2026-05-09,男士运动休闲鞋透气款,PD00005,SP00005,SKU011,40码-黑色,SKU011,40码-黑色,ST011,运动户外,运动鞋服,运动鞋,跑步鞋,3,119.00,357.00,298.85,297.06,0.00,23.26,20.35,14.54,0.00,1.79,0.00,0.00,0.00,0.00,,,,安徽省,合肥,浦东新区,合肥市浦东新区长安街274号,用户803,18679847634,,,网页,否,否,否,,支付宝,否,,,否,否,否,否,否,否,顺丰速运,YT55352869106,派送中,
2705000023,已付款,2026-05-07 15:23:44,2026-05-08 16:06:45,2026-05-14,2026-05-07 15:18:33,2026-05-09,女士防晒衣轻薄透气,PD00006,SP00006,SKU014,L码-粉色,SKU014,L码-粉色,ST014,服饰内衣,女装,外套,防晒衣,1,69.00,69.00,57.40,57.06,0.00,4.64,4.06,2.90,0.00,0.34,0.00,0.00,0.00,0.00,,,,天津市,天津,福田区,天津市福田区建设路75号,用户923,14861465845,,,网页,是,否,否,,支付宝,否,,,否,否,否,否,否,否,韵达快递,YT47745213090,运输中,
2705000433,已签收,2026-05-08 04:25:44,2026-05-11 03:30:31,2026-05-13,2026-05-08 10:36:50,2026-05-10,有机红枣夹核桃500g,PD00007,SP00007,SKU016,1000g礼盒,SKU016,1000g礼盒,ST016,食品生鲜,坚果零食,红枣,夹心红枣,1,69.00,69.00,57.43,57.09,0.00,3.25,2.84,2.03,3.45,0.34,0.00,0.00,0.00,0.00,,,,江苏省,南京,福田区,南京市福田区长安街156号,用户896,19646393718,,,APP-iOS,否,否,否,,微信支付,否,,,否,否,否,否,否,否,邮政快递,YT34145316114,运输中,
2705000015,已退款,2026-05-08 06:34:09,2026-05-09 12:57:11,2026-05-12,2026-05-08 07:53:39,2026-05-10,儿童益智积木拼装玩具,PD00003,SP00003,SKU007,大颗粒200粒,SKU007,大颗粒200粒,ST007,母婴玩具,益智玩具,积木,大颗粒积木,2,99.00,198.00,153.47,152.55,0.00,17.81,15.59,11.13,0.00,0.92,0.00,0.00,0.00,145.47,收到商品破损,退货退款,退款成功,广东省,广州,南山区,广州市南山区南京路116号,用户652,13668153042,,VIP客户,APP-Android,否,否,否,,多多支付,否,,,是,否,否,否,否,否,申通快递,YT33046856324,已签收,
2705000290,待发货,2026-05-08 07:57:17,2026-05-10 11:27:28,2026-05-14,2026-05-08 13:37:41,2026-05-10,有机红枣夹核桃500g,PD00007,SP00007,SKU016,1000g礼盒,SKU016,1000g礼盒,ST016,食品生鲜,坚果零食,红枣,夹心红枣,1,69.00,69.00,62.00,61.63,0.00,2.80,2.45,1.75,0.00,0.37,0.00,0.00,0.00,0.00,,,换货,福建省,厦门,浦东新区,厦门市浦东新区建设路234号,用户673,13417639730,,,APP-Android,否,否,否,,花呗分期,否,,,否,否,否,否,否,否,顺丰速运,YT63199905202,派送中,
2705000044,待发货,2026-05-08 14:16:13,2026-05-09 18:01:36,2026-05-13,2026-05-08 17:31:20,2026-05-10,不锈钢保温杯大容量,PD00004,SP00004,SKU008,500ml-黑色,SKU008,500ml-黑色,ST008,家居生活,餐饮用具,保温杯,不锈钢保温杯,5,45.00,225.00,197.35,195.38,0.00,6.56,5.74,4.10,11.25,1.97,0.00,0.00,0.00,0.00,,,,广西,南宁,天河区,南宁市天河区长安街183号,用户729,14945842712,,,网页,否,否,否,,微信支付,否,,,否,否,否,否,否,否,圆通速递,YT21066325951,已签收,
2705000489,已签收,2026-05-08 15:34:02,2026-05-09 10:53:18,2026-05-14,2026-05-08 05:02:02,2026-05-10,男士运动休闲鞋透气款,PD00005,SP00005,SKU011,40码-黑色,SKU011,40码-黑色,ST011,运动户外,运动鞋服,运动鞋,跑步鞋,1,119.00,119.00,110.88,110.21,0.00,0.87,0.76,0.54,5.95,0.67,0.00,0.00,0.00,0.00,,,,浙江省,杭州,浦东新区,杭州市浦东新区人民路38号,用户524,18855905945,,加急发货,网页,否,否,否,,支付宝,否,,,否,否,否,否,否,否,顺丰速运,YT62784076524,运输中,
2705000470,待发货,2026-05-08 16:37:53,2026-05-09 11:02:34,2026-05-10,2026-05-08 09:34:45,2026-05-10,儿童益智积木拼装玩具,PD00003,SP00003,SKU006,大颗粒100粒,SKU006,大颗粒100粒,ST006,母婴玩具,益智玩具,积木,大颗粒积木,3,59.00,177.00,141.92,141.07,0.00,14.03,12.28,8.77,0.00,0.85,0.00,0.00,0.00,0.00,,,,湖北省,武汉,天河区,武汉市天河区解放路143号,用户450,17323579389,,,APP-iOS,否,否,否,,微信支付,否,,,否,否,否,否,否,否,极兔速递,YT72833528975,运输中,集运
2705000199,已取消,2026-05-08 18:13:40,,,2026-05-08 06:55:26,2026-05-10,夏季冰丝凉席三件套,PD00001,SP00001,SKU002,1.8m床-灰色,SKU002,1.8m床-灰色,ST002,家居生活,床上用品,凉席,冰丝凉席,5,109.00,545.00,439.41,436.77,0.00,42.23,36.96,26.40,0.00,2.64,79.74,0.00,0.00,0.00,,,,上海市,上海,南山区,上海市南山区建设路95号,用户300,13870144709,,,小程序,否,否,否,,多多支付,否,,,是,否,否,否,是,否,圆通速递,YT64637416470,,
2705000381,已完成,2026-05-08 19:08:20,2026-05-10 18:17:54,2026-05-17,2026-05-08 06:13:03,2026-05-10,儿童益智积木拼装玩具,PD00003,SP00003,SKU006,大颗粒100粒,SKU006,大颗粒100粒,ST006,母婴玩具,益智玩具,积木,大颗粒积木,2,59.00,118.00,106.47,105.83,0.00,2.25,1.97,1.41,5.90,0.64,0.00,0.00,0.00,0.00,,,,浙江省,杭州,朝阳区,杭州市朝阳区解放路50号,用户928,19653101276,,,APP-iOS,是,否,否,,多多支付,否,,,否,否,否,否,否,否,圆通速递,YT91874077659,已签收,
2705000301,已发货,2026-05-08 20:10:04,2026-05-09 21:01:42,2026-05-11,2026-05-08 02:11:59,2026-05-10,女士防晒衣轻薄透气,PD00006,SP00006,SKU013,M码-浅蓝,SKU013,M码-浅蓝,ST013,服饰内衣,女装,外套,防晒衣,5,69.00,345.00,344.80,341.35,0.00,0.08,0.07,0.05,0.00,3.45,0.00,0.00,0.00,160.53,不喜欢/效果不好,仅退款,退货退款,北京市,北京,海淀区,北京市海淀区中山路190号,用户394,13469551120,,,网页,否,否,否,,微信支付,否,,,否,否,否,否,否,否,中通快递,YT40951828241,运输中,
2705000385,待发货,2026-05-08 21:41:34,2026-05-09 11:01:54,2026-05-15,2026-05-08 08:23:38,2026-05-10,有机红枣夹核桃500g,PD00007,SP00007,SKU015,500g袋装,SKU015,500g袋装,ST015,食品生鲜,坚果零食,红枣,夹心红枣,2,39.00,78.00,66.02,65.62,0.00,4.79,4.19,3.00,0.00,0.40,0.00,0.00,0.00,0.00,,,,四川省,成都,西城区,成都市西城区解放路217号,用户236,16644507723,,,网页,否,否,否,,支付宝,否,,,否,否,否,否,否,否,申通快递,YT90584561572,运输中,集运
2705000038,已付款,2026-05-08 22:48:44,2026-05-11 17:43:44,2026-05-13,2026-05-08 16:34:49,2026-05-10,桌面手机支架可折叠,PD00008,SP00008,SKU018,升级款-银色,SKU018,升级款-银色,ST018,数码电器,手机配件,支架,桌面支架,2,29.90,59.80,50.00,49.70,0.00,3.92,3.43,2.45,0.00,0.30,0.00,0.00,0.00,0.00,,,,上海市,上海,西城区,上海市西城区解放路100号,用户903,18845633506,,老客户,网页,否,否,否,,支付宝,否,6,,否,否,否,否,是,否,极兔速递,YT68534977383,已签收,
2705000329,已退款,2026-05-09 01:50:04,2026-05-11 00:27:19,2026-05-12,2026-05-09 07:37:52,2026-05-11,有机红枣夹核桃500g,PD00007,SP00007,SKU016,1000g礼盒,SKU016,1000g礼盒,ST016,食品生鲜,坚果零食,红枣,夹心红枣,3,69.00,207.00,158.71,157.76,0.00,19.32,16.90,12.07,0.00,0.95,0.00,0.00,0.00,134.83,发错货/漏发,退货退款,退货退款,陕西省,西安,锦江区,西安市锦江区人民路117号,用户821,15814324328,,,H5,否,否,否,,微信支付,否,3,,否,是,否,否,否,否,极兔速递,YT92675383184,运输中,
2705000322,已付款,2026-05-09 02:48:58,2026-05-10 14:00:03,2026-05-16,2026-05-09 14:06:37,2026-05-11,不锈钢保温杯大容量,PD00004,SP00004,SKU008,500ml-黑色,SKU008,500ml-黑色,ST008,家居生活,餐饮用具,保温杯,不锈钢保温杯,2,45.00,90.00,77.00,76.54,0.00,5.20,4.55,3.25,0.00,0.46,61.73,0.00,0.00,0.00,,,,重庆市,重庆,西城区,重庆市西城区中山路67号,用户414,15472968284,请尽快发货,,H5,否,否,否,,多多支付,否,,,否,否,否,否,否,是,圆通速递,YT67072337066,运输中,
2705000446,已发货,2026-05-09 09:47:49,2026-05-10 03:26:28,2026-05-13,2026-05-09 11:25:34,2026-05-11,有机红枣夹核桃500g,PD00007,SP00007,SKU016,1000g礼盒,SKU016,1000g礼盒,ST016,食品生鲜,坚果零食,红枣,夹心红枣,1,69.00,69.00,58.35,58.00,0.00,2.88,2.52,1.80,3.45,0.35,0.00,0.00,0.00,0.00,,,,陕西省,西安,天河区,西安市天河区人民路281号,用户802,14978497922,,老客户,网页,否,否,否,,支付宝,否,,,否,否,否,否,否,否,申通快递,YT32409136551,运输中,
2705000246,已签收,2026-05-09 13:28:08,2026-05-10 20:55:36,2026-05-13,2026-05-09 21:57:56,2026-05-11,夏季冰丝凉席三件套,PD00001,SP00001,SKU001,1.5m床-灰色,SKU001,1.5m床-灰色,ST001,家居生活,床上用品,凉席,冰丝凉席,5,89.00,445.00,420.00,417.48,0.00,10.00,8.75,6.25,0.00,2.52,0.00,0.00,0.00,0.00,,,,湖北省,武汉,南山区,武汉市南山区建设路88号,用户819,18838864002,,,APP-iOS,否,否,否,,花呗分期,否,,商家,否,否,否,否,否,否,圆通速递,YT94153567016,运输中,
2705000160,已退款,2026-05-09 13:53:04,2026-05-10 16:01:41,2026-05-15,2026-05-09 03:07:51,2026-05-11,夏季冰丝凉席三件套,PD00001,SP00001,SKU003,1.5m床-蓝色,SKU003,1.5m床-蓝色,ST003,家居生活,床上用品,凉席,冰丝凉席,2,89.00,178.00,143.00,141.57,0.00,14.00,12.25,8.75,0.00,1.43,0.00,0.00,0.00,116.35,七天无理由退货,退货退款,退款成功,河南省,郑州,海淀区,郑州市海淀区建设路50号,用户990,14260165491,,,网页,否,否,否,,花呗分期,否,,买家,否,否,否,否,否,否,圆通速递,YT12113641720,已签收,
2705000308,待发货,2026-05-09 19:47:23,2026-05-12 22:20:46,2026-05-15,2026-05-09 12:50:22,2026-05-11,夏季冰丝凉席三件套,PD00001,SP00001,SKU002,1.8m床-灰色,SKU002,1.8m床-灰色,ST002,家居生活,床上用品,凉席,冰丝凉席,1,109.00,109.00,78.83,78.36,0.00,9.89,8.65,6.18,5.45,0.47,0.00,0.00,0.00,0.00,,,,浙江省,杭州,南山区,杭州市南山区解放路176号,用户530,16160672200,,,APP-Android,否,否,否,,多多支付,否,,,否,否,否,否,否,是,顺丰速运,YT52099380515,运输中,
2705000002,已发货,2026-05-09 21:48:52,2026-05-11 12:14:58,2026-05-12,2026-05-09 06:17:55,2026-05-11,儿童益智积木拼装玩具,PD00003,SP00003,SKU006,大颗粒100粒,SKU006,大颗粒100粒,ST006,母婴玩具,益智玩具,积木,大颗粒积木,1,59.00,59.00,45.03,44.76,0.00,5.59,4.89,3.49,0.00,0.27,0.00,0.00,0.00,0.00,,,,陕西省,西安,海淀区,西安市海淀区中山路117号,用户487,18925208993,,,小程序,否,否,否,,多多支付,否,,,否,否,否,否,否,否,韵达快递,YT30933669052,派送中,
2705000463,已完成,2026-05-09 22:27:11,2026-05-10 02:14:13,2026-05-14,2026-05-09 02:23:30,2026-05-11,有机红枣夹核桃500g,PD00007,SP00007,SKU015,500g袋装,SKU015,500g袋装,ST015,食品生鲜,坚果零食,红枣,夹心红枣,5,39.00,195.00,158.86,157.27,0.00,14.46,12.65,9.03,0.00,1.59,0.00,0.00,0.00,0.00,,,,河北省,石家庄,福田区,石家庄市福田区长安街277号,用户795,19696018336,,,小程序,否,否,否,,微信支付,否,,,否,否,否,否,否,否,中通快递,YT40381351793,运输中,
2705000245,已退款,2026-05-09 22:56:36,2026-05-10 02:21:23,2026-05-14,2026-05-09 13:15:59,2026-05-11,夏季冰丝凉席三件套,PD00001,SP00001,SKU001,1.5m床-灰色,SKU001,1.5m床-灰色,ST001,家居生活,床上用品,凉席,冰丝凉席,1,89.00,89.00,75.47,75.02,0.00,3.63,3.18,2.27,4.45,0.45,47.91,0.00,0.00,73.15,卖家发错尺码,仅退款,退款成功,辽宁省,沈阳,南山区,沈阳市南山区解放路116号,用户286,16850381830,,,H5,否,否,否,,微信支付,否,,,否,否,否,否,否,否,韵达快递,YT29014757121,派送中,
2705000418,已发货,2026-05-10 07:12:39,2026-05-11 07:57:10,2026-05-13,2026-05-10 00:11:28,2026-05-12,有机红枣夹核桃500g,PD00007,SP00007,SKU016,1000g礼盒,SKU016,1000g礼盒,ST016,食品生鲜,坚果零食,红枣,夹心红枣,1,69.00,69.00,54.21,53.88,0.00,5.91,5.18,3.70,0.00,0.33,0.00,0.00,0.00,0.00,,,,北京市,北京,南山区,北京市南山区解放路182号,用户667,17897111948,到货前短信通知,,APP-Android,否,否,否,,微信支付,否,,,否,否,否,否,否,否,申通快递,YT75986483685,已签收,
2705000326,已签收,2026-05-10 09:30:31,2026-05-10 20:45:12,2026-05-11,2026-05-10 15:47:57,2026-05-12,夏季冰丝凉席三件套,PD00001,SP00001,SKU003,1.5m床-蓝色,SKU003,1.5m床-蓝色,ST003,家居生活,床上用品,凉席,冰丝凉席,2,89.00,178.00,153.22,151.69,0.00,9.91,8.67,6.20,0.00,1.53,0.00,0.00,0.00,0.00,,,换货,云南省,昆明,海淀区,昆明市海淀区解放路170号,用户966,17276582409,,,网页,否,否,否,,花呗分期,否,,,否,否,否,否,否,否,邮政快递,YT73636067030,已签收,
2705000321,待发货,2026-05-10 10:00:52,2026-05-12 09:21:17,2026-05-17,2026-05-10 07:45:12,2026-05-12,男士运动休闲鞋透气款,PD00005,SP00005,SKU010,39码-黑色,SKU010,39码-黑色,ST010,运动户外,运动鞋服,运动鞋,跑步鞋,1,119.00,119.00,99.85,99.25,0.00,5.28,4.62,3.30,5.95,0.60,0.00,0.00,0.00,56.23,卖家发错尺码,退货退款,退款成功,广东省,广州,锦江区,广州市锦江区解放路70号,用户314,13125971534,,,APP-Android,否,否,否,,多多支付,否,,,否,否,否,否,否,否,中通快递,YT17989180351,运输中,
2705000243,已发货,2026-05-10 10:37:42,2026-05-11 12:21:54,2026-05-13,2026-05-10 04:45:47,2026-05-12,女士防晒衣轻薄透气,PD00006,SP00006,SKU013,M码-浅蓝,SKU013,M码-浅蓝,ST013,服饰内衣,女装,外套,防晒衣,2,69.00,138.00,122.91,122.17,0.00,6.04,5.28,3.77,0.00,0.74,0.00,0.00,0.00,91.58,收到商品破损,仅退款,退货退款,湖北省,武汉,福田区,武汉市福田区长安街253号,用户659,19608686193,,,APP-iOS,否,否,否,,微信支付,否,,,否,否,否,否,否,否,中通快递,YT78223316455,派送中,
2705000373,已完成,2026-05-10 10:55:26,2026-05-10 19:20:20,2026-05-17,2026-05-10 19:57:09,2026-05-12,不锈钢保温杯大容量,PD00004,SP00004,SKU008,500ml-黑色,SKU008,500ml-黑色,ST008,家居生活,餐饮用具,保温杯,不锈钢保温杯,2,45.00,90.00,82.33,81.84,0.00,3.07,2.68,1.92,0.00,0.49,0.00,0.00,0.00,0.00,,,,广东省,广州,南山区,广州市南山区南京路267号,用户320,18218090563,,,H5,否,否,否,,微信支付,否,,,否,否,否,否,否,否,韵达快递,YT28070768954,运输中,
2705000480,待发货,2026-05-11 03:58:21,2026-05-12 07:47:48,2026-05-14,2026-05-11 05:23:15,2026-05-13,男士运动休闲鞋透气款,PD00005,SP00005,SKU012,41码-白色,SKU012,41码-白色,ST012,运动户外,运动鞋服,运动鞋,跑步鞋,1,119.00,119.00,93.15,92.59,0.00,10.34,9.05,6.46,0.00,0.56,0.00,0.00,0.00,0.00,,,,山东省,青岛,武侯区,青岛市武侯区解放路187号,用户171,17381391830,,,APP-Android,否,否,否,,多多支付,否,,,是,否,否,否,否,否,中通快递,YT60278884138,运输中,
2705000310,已完成,2026-05-11 06:50:34,2026-05-12 14:18:49,2026-05-17,2026-05-11 16:51:13,2026-05-13,男士运动休闲鞋透气款,PD00005,SP00005,SKU010,39码-黑色,SKU010,39码-黑色,ST010,运动户外,运动鞋服,运动鞋,跑步鞋,1,119.00,119.00,93.15,92.59,0.00,10.34,9.05,6.46,0.00,0.56,0.00,0.00,0.00,0.00,,,,江西省,南昌,锦江区,南昌市锦江区建设路203号,用户523,18387819800,,,小程序,否,否,否,,微信支付,否,,买家,否,否,是,否,否,是,申通快递,YT63163427626,运输中,
2705000404,已发货,2026-05-11 12:39:02,2026-05-13 16:38:19,2026-05-14,2026-05-11 05:08:26,2026-05-13,不锈钢保温杯大容量,PD00004,SP00004,SKU009,800ml-银色,SKU009,800ml-银色,ST009,家居生活,餐饮用具,保温杯,不锈钢保温杯,3,65.00,195.00,168.78,167.77,0.00,10.49,9.18,6.55,0.00,1.01,0.00,0.00,0.00,0.00,,,,广东省,广州,浦东新区,广州市浦东新区人民路144号,用户954,16639538250,,,H5,否,否,否,,多多支付,否,,,否,否,否,否,否,否,韵达快递,YT97464225944,派送中,
2705000109,待发货,2026-05-11 12:40:41,2026-05-14 23:20:45,2026-05-20,2026-05-11 18:41:49,2026-05-13,夏季冰丝凉席三件套,PD00001,SP00001,SKU001,1.5m床-灰色,SKU001,1.5m床-灰色,ST001,家居生活,床上用品,凉席,冰丝凉席,1,89.00,89.00,86.83,86.31,0.00,0.87,0.76,0.54,0.00,0.52,0.00,0.00,0.00,0.00,,,,广西,南宁,福田区,南宁市福田区中山路20号,用户333,14333526550,,,小程序,否,否,否,,多多支付,否,,,否,否,否,是,否,否,顺丰速运,YT39092763261,已签收,
2705000335,已发货,2026-05-11 14:06:32,2026-05-12 01:04:11,2026-05-13,2026-05-11 06:28:50,2026-05-13,有机红枣夹核桃500g,PD00007,SP00007,SKU016,1000g礼盒,SKU016,1000g礼盒,ST016,食品生鲜,坚果零食,红枣,夹心红枣,1,69.00,69.00,64.03,63.65,0.00,0.61,0.53,0.38,3.45,0.38,0.00,0.00,0.00,0.00,,,换货,河南省,郑州,福田区,郑州市福田区南京路233号,用户716,16356261079,,,APP-Android,否,否,否,,微信支付,否,,商家,否,否,否,否,否,否,中通快递,YT36512705807,运输中,
2705000135,已发货,2026-05-11 19:01:20,2026-05-12 11:37:50,2026-05-19,2026-05-11 16:48:54,2026-05-13,儿童益智积木拼装玩具,PD00003,SP00003,SKU007,大颗粒200粒,SKU007,大颗粒200粒,ST007,母婴玩具,益智玩具,积木,大颗粒积木,1,99.00,99.00,97.73,97.14,0.00,0.51,0.44,0.32,0.00,0.59,0.00,0.00,0.00,0.00,,,,云南省,昆明,朝阳区,昆明市朝阳区长安街52号,用户446,13447970491,送人用请精美包装,,网页,否,否,否,,微信支付,否,,,否,否,否,否,否,否,韵达快递,YT15866599673,已签收,
2705000031,待发货,2026-05-11 19:39:26,2026-05-14 04:48:25,2026-05-17,2026-05-11 16:18:28,2026-05-13,女士防晒衣轻薄透气,PD00006,SP00006,SKU014,L码-粉色,SKU014,L码-粉色,ST014,服饰内衣,女装,外套,防晒衣,1,69.00,69.00,63.92,63.54,0.00,2.03,1.78,1.27,0.00,0.38,0.00,0.00,0.00,0.00,,,,上海市,上海,朝阳区,上海市朝阳区人民路103号,用户995,14203285354,,,H5,否,否,否,,花呗分期,否,,,否,否,否,否,否,是,极兔速递,YT92677165905,运输中,
2705000250,已发货,2026-05-11 23:35:28,2026-05-13 00:12:04,2026-05-19,2026-05-11 21:16:48,2026-05-13,夏季冰丝凉席三件套,PD00001,SP00001,SKU003,1.5m床-蓝色,SKU003,1.5m床-蓝色,ST003,家居生活,床上用品,凉席,冰丝凉席,2,89.00,178.00,154.60,153.67,0.00,9.36,8.19,5.85,0.00,0.93,0.00,0.00,0.00,81.24,商品与描述不符,仅退款,退款成功,陕西省,西安,武侯区,西安市武侯区中山路6号,用户291,16794807189,,,网页,否,否,否,,微信支付,否,3,,否,否,否,否,否,否,圆通速递,YT81335378904,运输中,
2705000026,已退款,2026-05-12 01:28:15,2026-05-14 18:00:44,2026-05-17,2026-05-12 14:20:49,2026-05-14,儿童益智积木拼装玩具,PD00003,SP00003,SKU007,大颗粒200粒,SKU007,大颗粒200粒,ST007,母婴玩具,益智玩具,积木,大颗粒积木,1,99.00,99.00,85.63,84.77,0.00,5.35,4.68,3.34,0.00,0.86,0.00,0.00,0.00,67.79,收到商品破损,仅退款,退款成功,广东省,广州,武侯区,广州市武侯区中山路121号,用户947,16234337405,,,H5,否,否,否,,多多支付,否,,,是,否,否,否,否,否,邮政快递,YT53135594219,运输中,
2705000448,待发货,2026-05-12 02:28:16,2026-05-15 07:43:42,2026-05-19,2026-05-12 12:12:41,2026-05-14,无线蓝牙耳机Pro版,PD00002,SP00002,SKU005,白色降噪版,SKU005,白色降噪版,ST005,数码电器,影音设备,耳机,无线耳机,1,189.00,189.00,176.78,175.72,0.00,1.11,0.97,0.69,9.45,1.06,0.00,0.00,0.00,0.00,,,,广东省,广州,浦东新区,广州市浦东新区中山路274号,用户423,17105057549,,,H5,否,否,否,,花呗分期,否,,,否,否,否,否,否,否,中通快递,YT73963687122,已签收,
2705000380,已签收,2026-05-12 05:36:52,2026-05-14 22:07:35,2026-05-16,2026-05-12 06:03:39,2026-05-14,桌面手机支架可折叠,PD00008,SP00008,SKU017,基础款-黑色,SKU017,基础款-黑色,ST017,数码电器,手机配件,支架,桌面支架,3,19.90,59.70,43.20,42.94,0.00,5.40,4.73,3.38,2.99,0.26,0.00,0.00,0.00,0.00,,,,山东省,青岛,天河区,青岛市天河区南京路194号,用户700,13863048814,请尽快发货,,小程序,否,否,是,万象城店,花呗分期,否,,,是,否,否,否,否,否,韵达快递,YT94542955388,运输中,
2705000171,已退款,2026-05-12 06:10:55,2026-05-13 18:41:49,2026-05-17,2026-05-12 06:23:35,2026-05-14,桌面手机支架可折叠,PD00008,SP00008,SKU017,基础款-黑色,SKU017,基础款-黑色,ST017,数码电器,手机配件,支架,桌面支架,1,19.90,19.90,18.70,18.59,0.00,0.48,0.42,0.30,0.00,0.11,0.00,0.00,0.00,8.39,七天无理由退货,仅退款,退款成功,辽宁省,沈阳,南山区,沈阳市南山区中山路125号,用户895,19550744001,,,H5,否,否,否,,花呗分期,否,,,否,否,否,否,否,否,韵达快递,YT94342672429,运输中,
2705000461,已退款,2026-05-12 07:07:32,2026-05-14 18:27:35,2026-05-21,2026-05-12 18:40:03,2026-05-14,有机红枣夹核桃500g,PD00007,SP00007,SKU016,1000g礼盒,SKU016,1000g礼盒,ST016,食品生鲜,坚果零食,红枣,夹心红枣,3,69.00,207.00,177.20,176.14,0.00,7.78,6.81,4.86,10.35,1.06,0.00,0.00,0.00,83.71,卖家发错尺码,仅退款,退款成功,广东省,广州,福田区,广州市福田区中山路164号,用户918,19226573469,,,H5,否,否,否,,支付宝,否,6,,是,否,否,否,否,是,申通快递,YT22558934038,派送中,
2705000421,已取消,2026-05-12 07:44:37,,,2026-05-12 22:30:03,2026-05-14,无线蓝牙耳机Pro版,PD00002,SP00002,SKU004,黑色标准版,SKU004,黑色标准版,ST004,数码电器,影音设备,耳机,无线耳机,1,129.00,129.00,124.92,124.17,0.00,1.63,1.43,1.02,0.00,0.75,0.00,0.00,0.00,0.00,,,,江西省,南昌,福田区,南昌市福田区长安街160号,用户898,16699645293,,加急发货,H5,否,否,否,,微信支付,否,,,否,否,否,否,否,否,韵达快递,YT28943450386,,
2705000053,待发货,2026-05-12 08:19:43,2026-05-13 13:50:00,2026-05-17,2026-05-12 01:28:17,2026-05-14,儿童益智积木拼装玩具,PD00003,SP00003,SKU006,大颗粒100粒,SKU006,大颗粒100粒,ST006,母婴玩具,益智玩具,积木,大颗粒积木,1,59.00,59.00,55.71,55.38,0.00,1.32,1.15,0.82,0.00,0.33,0.00,0.00,0.00,0.00,,,,天津市,天津,天河区,天津市天河区中山路20号,用户230,13781170129,,,H5,否,否,否,,支付宝,否,,,否,否,否,否,否,否,申通快递,YT19389038988,运输中,
2705000167,已完成,2026-05-12 12:22:14,2026-05-14 20:01:57,2026-05-19,2026-05-12 10:46:10,2026-05-14,儿童益智积木拼装玩具,PD00003,SP00003,SKU007,大颗粒200粒,SKU007,大颗粒200粒,ST007,母婴玩具,益智玩具,积木,大颗粒积木,1,99.00,99.00,80.27,79.79,0.00,7.49,6.56,4.68,0.00,0.48,0.00,0.00,0.00,0.00,,,,广西,南宁,海淀区,南宁市海淀区南京路83号,用户211,15143283480,,,H5,否,否,否,,多多支付,否,,,否,否,否,否,否,否,顺丰速运,YT16520297413,运输中,
2705000330,已签收,2026-05-12 14:59:15,2026-05-14 19:53:57,2026-05-16,2026-05-12 22:31:42,2026-05-14,有机红枣夹核桃500g,PD00007,SP00007,SKU015,500g袋装,SKU015,500g袋装,ST015,食品生鲜,坚果零食,红枣,夹心红枣,2,39.00,78.00,73.00,72.56,0.00,2.00,1.75,1.25,0.00,0.44,0.00,0.00,0.00,0.00,,,,福建省,厦门,海淀区,厦门市海淀区长安街146号,用户629,16725914896,,,H5,否,否,否,,微信支付,否,,,是,否,否,否,否,是,顺丰速运,YT33408796089,派送中,
2705000103,已取消,2026-05-12 16:28:38,,,2026-05-12 09:03:39,2026-05-14,女士防晒衣轻薄透气,PD00006,SP00006,SKU013,M码-浅蓝,SKU013,M码-浅蓝,ST013,服饰内衣,女装,外套,防晒衣,1,69.00,69.00,68.17,67.76,0.00,0.33,0.29,0.21,0.00,0.41,0.00,0.00,0.00,0.00,,,,湖北省,武汉,浦东新区,武汉市浦东新区人民路152号,用户958,15277222198,,,APP-Android,是,否,否,,微信支付,否,,,否,否,否,否,否,否,韵达快递,YT77540892419,,
2705000517,已完成,2026-05-12 17:55:52,2026-05-13 23:03:33,2026-05-15,2026-05-12 15:50:31,2026-05-14,儿童益智积木拼装玩具,PD00003,SP00003,SKU006,大颗粒100粒,SKU006,大颗粒100粒,ST006,母婴玩具,益智玩具,积木,大颗粒积木,5,59.00,295.00,213.05,211.77,0.00,26.88,23.52,16.80,14.75,1.28,0.00,0.00,0.00,93.47,物流太慢,退货退款,退款成功,浙江省,杭州,浦东新区,杭州市浦东新区建设路44号,用户378,14730409752,,,网页,否,否,否,,微信支付,否,,商家,否,否,否,否,否,否,韵达快递,YT59043150399,运输中,
2705000456,已取消,2026-05-12 21:06:47,,,2026-05-12 07:06:34,2026-05-14,桌面手机支架可折叠,PD00008,SP00008,SKU018,升级款-银色,SKU018,升级款-银色,ST018,数码电器,手机配件,支架,桌面支架,5,29.90,149.50,142.88,142.02,0.00,2.65,2.32,1.65,0.00,0.86,0.00,0.00,0.00,0.00,,,,重庆市,重庆,东城区,重庆市东城区建设路64号,用户343,13950101972,,,小程序,否,否,否,,支付宝,否,,,否,否,否,否,否,否,申通快递,YT73835189205,,
2705000436,已取消,2026-05-12 23:22:48,,,2026-05-12 13:51:41,2026-05-14,不锈钢保温杯大容量,PD00004,SP00004,SKU009,800ml-银色,SKU009,800ml-银色,ST009,家居生活,餐饮用具,保温杯,不锈钢保温杯,1,65.00,65.00,58.48,58.13,0.00,2.61,2.28,1.63,0.00,0.35,0.00,0.00,0.00,0.00,,,,四川省,成都,武侯区,成都市武侯区中山路24号,用户867,15724552501,,,网页,否,否,否,,支付宝,否,,商家,否,否,否,否,否,否,中通快递,YT47061526772,,
2705000237,已完成,2026-05-13 01:55:27,2026-05-16 23:25:53,2026-05-17,2026-05-13 06:34:10,2026-05-15,男士运动休闲鞋透气款,PD00005,SP00005,SKU012,41码-白色,SKU012,41码-白色,ST012,运动户外,运动鞋服,运动鞋,跑步鞋,2,119.00,238.00,227.29,225.93,0.00,4.28,3.75,2.68,0.00,1.36,0.00,0.00,0.00,0.00,,,补发,广西,南宁,西城区,南宁市西城区南京路186号,用户334,18279304997,送人用请精美包装,,小程序,否,否,否,,支付宝,否,,商家,是,否,否,否,否,否,极兔速递,YT36935078947,派送中,转运
2705000241,已取消,2026-05-13 03:35:50,,,2026-05-13 21:24:07,2026-05-15,桌面手机支架可折叠,PD00008,SP00008,SKU017,基础款-黑色,SKU017,基础款-黑色,ST017,数码电器,手机配件,支架,桌面支架,3,19.90,59.70,50.63,50.33,0.00,2.43,2.13,1.52,2.99,0.30,0.00,0.00,0.00,0.00,,,,北京市,北京,海淀区,北京市海淀区中山路173号,用户401,15438446431,,,H5,否,否,否,,花呗分期,否,,,否,是,否,否,是,否,圆通速递,YT10710311850,,
2705000260,已发货,2026-05-13 03:56:50,2026-05-15 12:14:47,2026-05-16,2026-05-13 15:48:20,2026-05-15,无线蓝牙耳机Pro版,PD00002,SP00002,SKU004,黑色标准版,SKU004,黑色标准版,ST004,数码电器,影音设备,耳机,无线耳机,1,129.00,129.00,116.52,115.82,0.00,4.99,4.37,3.12,0.00,0.70,0.00,0.00,0.00,0.00,,,,天津市,天津,天河区,天津市天河区长安街6号,用户847,18544992036,,,网页,是,否,否,,多多支付,否,,,否,否,否,否,否,否,邮政快递,YT91692013474,派送中,
2705000313,已签收,2026-05-13 06:50:40,2026-05-16 23:20:53,2026-05-22,2026-05-13 19:47:12,2026-05-15,有机红枣夹核桃500g,PD00007,SP00007,SKU016,1000g礼盒,SKU016,1000g礼盒,ST016,食品生鲜,坚果零食,红枣,夹心红枣,2,69.00,138.00,117.95,117.24,0.00,8.02,7.02,5.01,0.00,0.71,0.00,0.00,0.00,0.00,,,,湖北省,武汉,朝阳区,武汉市朝阳区建设路192号,用户942,18906390442,,,网页,否,否,否,,花呗分期,否,,,否,否,是,否,否,否,顺丰速运,YT31146874145,运输中,
2705000020,已完成,2026-05-13 11:36:09,2026-05-15 13:27:28,2026-05-20,2026-05-13 20:54:17,2026-05-15,夏季冰丝凉席三件套,PD00001,SP00001,SKU002,1.8m床-灰色,SKU002,1.8m床-灰色,ST002,家居生活,床上用品,凉席,冰丝凉席,2,109.00,218.00,170.60,169.58,0.00,18.96,16.59,11.85,0.00,1.02,0.00,0.00,0.00,0.00,,,,山东省,青岛,武侯区,青岛市武侯区长安街224号,用户466,17812112337,,,H5,否,否,否,,支付宝,否,,,否,否,否,否,是,否,邮政快递,YT28225860236,派送中,
2705000175,待发货,2026-05-13 13:11:49,2026-05-15 23:10:34,2026-05-18,2026-05-13 05:27:13,2026-05-15,桌面手机支架可折叠,PD00008,SP00008,SKU018,升级款-银色,SKU018,升级款-银色,ST018,数码电器,手机配件,支架,桌面支架,5,29.90,149.50,120.47,119.75,0.00,8.62,7.54,5.39,7.48,0.72,0.00,0.00,0.00,0.00,,,,山东省,青岛,东城区,青岛市东城区南京路145号,用户984,14848908054,,,APP-Android,否,否,否,,多多支付,否,12,,否,否,否,否,是,否,韵达快递,YT66739178030,已签收,
2705000401,已完成,2026-05-13 15:40:09,2026-05-14 13:48:36,2026-05-20,2026-05-13 17:21:15,2026-05-15,夏季冰丝凉席三件套,PD00001,SP00001,SKU001,1.5m床-灰色,SKU001,1.5m床-灰色,ST001,家居生活,床上用品,凉席,冰丝凉席,2,89.00,178.00,149.00,148.11,0.00,11.60,10.15,7.25,0.00,0.89,0.00,0.00,0.00,0.00,,,,云南省,昆明,海淀区,昆明市海淀区建设路39号,用户180,19232036759,,,网页,否,否,否,,多多支付,否,3,,否,否,否,否,否,否,圆通速递,YT71065103679,运输中,
2705000371,待发货,2026-05-13 16:36:38,2026-05-14 23:33:46,2026-05-21,2026-05-13 21:32:42,2026-05-15,男士运动休闲鞋透气款,PD00005,SP00005,SKU012,41码-白色,SKU012,41码-白色,ST012,运动户外,运动鞋服,运动鞋,跑步鞋,3,119.00,357.00,320.62,318.70,0.00,7.41,6.49,4.63,17.85,1.92,0.00,0.00,0.00,0.00,,,,广西,南宁,西城区,南宁市西城区长安街186号,用户907,19316043701,,,H5,否,是,否,,支付宝,否,,,否,否,否,否,否,是,韵达快递,YT61839140762,运输中,
2705000356,已签收,2026-05-13 21:12:33,2026-05-13 02:32:40,2026-05-15,2026-05-13 05:06:22,2026-05-15,女士防晒衣轻薄透气,PD00006,SP00006,SKU014,L码-粉色,SKU014,L码-粉色,ST014,服饰内衣,女装,外套,防晒衣,1,69.00,69.00,62.52,62.14,0.00,2.59,2.27,1.62,0.00,0.38,0.00,0.00,0.00,0.00,,,,湖南省,长沙,武侯区,长沙市武侯区人民路168号,用户113,17362467550,,,APP-iOS,否,否,否,,多多支付,否,,,否,是,否,否,否,否,极兔速递,YT16077778171,运输中,
2705000206,已完成,2026-05-14 05:09:08,2026-05-16 07:11:13,2026-05-22,2026-05-14 00:31:18,2026-05-16,女士防晒衣轻薄透气,PD00006,SP00006,SKU014,L码-粉色,SKU014,L码-粉色,ST014,服饰内衣,女装,外套,防晒衣,1,69.00,69.00,66.32,65.92,0.00,1.07,0.94,0.67,0.00,0.40,0.00,0.00,0.00,0.00,,,,江西省,南昌,西城区,南昌市西城区人民路188号,用户734,19334565843,,,小程序,否,否,否,,支付宝,否,,买家,否,否,否,否,否,否,极兔速递,YT69021491332,运输中,
2705000048,已取消,2026-05-14 07:13:44,,,2026-05-14 07:03:09,2026-05-16,不锈钢保温杯大容量,PD00004,SP00004,SKU009,800ml-银色,SKU009,800ml-银色,ST009,家居生活,餐饮用具,保温杯,不锈钢保温杯,3,65.00,195.00,160.60,158.99,0.00,13.76,12.04,8.60,0.00,1.61,0.00,0.00,0.00,0.00,,,,云南省,昆明,天河区,昆明市天河区建设路116号,用户749,19942651440,,,APP-iOS,否,是,否,,微信支付,否,12,,否,否,否,否,否,否,邮政快递,YT50527657759,,
2705000294,已取消,2026-05-14 07:31:03,,,2026-05-14 09:09:34,2026-05-16,女士防晒衣轻薄透气,PD00006,SP00006,SKU013,M码-浅蓝,SKU013,M码-浅蓝,ST013,服饰内衣,女装,外套,防晒衣,2,69.00,138.00,132.08,131.29,0.00,2.37,2.07,1.48,0.00,0.79,0.00,0.00,0.00,0.00,,,,安徽省,合肥,东城区,合肥市东城区人民路184号,用户916,14764453596,,,网页,否,否,否,,花呗分期,否,,,否,否,否,否,否,否,邮政快递,YT13192354559,,
2705000070,已完成,2026-05-14 13:53:41,2026-05-16 06:14:06,2026-05-20,2026-05-14 01:32:28,2026-05-16,桌面手机支架可折叠,PD00008,SP00008,SKU018,升级款-银色,SKU018,升级款-银色,ST018,数码电器,手机配件,支架,桌面支架,2,29.90,59.80,53.47,53.15,0.00,2.53,2.22,1.58,0.00,0.32,0.00,0.00,0.00,0.00,,,,湖南省,长沙,东城区,长沙市东城区建设路291号,用户423,18466263148,,,APP-Android,否,否,否,,支付宝,否,,,否,否,否,否,是,否,中通快递,YT30995641932,运输中,
2705000071,已完成,2026-05-14 15:18:43,2026-05-15 09:14:39,2026-05-22,2026-05-14 21:04:28,2026-05-16,儿童益智积木拼装玩具,PD00003,SP00003,SKU007,大颗粒200粒,SKU007,大颗粒200粒,ST007,母婴玩具,益智玩具,积木,大颗粒积木,5,99.00,495.00,413.37,410.89,0.00,32.65,28.57,20.41,0.00,2.48,0.00,0.00,0.00,0.00,,,,重庆市,重庆,天河区,重庆市天河区南京路45号,用户680,14212007394,,VIP客户,APP-iOS,否,否,否,,多多支付,否,,,否,否,否,否,否,否,中通快递,YT60868678140,运输中,
2705000069,已发货,2026-05-14 20:27:39,2026-05-15 01:58:37,2026-05-19,2026-05-14 13:00:13,2026-05-16,女士防晒衣轻薄透气,PD00006,SP00006,SKU014,L码-粉色,SKU014,L码-粉色,ST014,服饰内衣,女装,外套,防晒衣,1,69.00,69.00,52.15,51.84,0.00,6.74,5.90,4.21,0.00,0.31,0.00,0.00,0.00,0.00,,,,重庆市,重庆,武侯区,重庆市武侯区建设路76号,用户773,13402663571,,,网页,否,否,否,,多多支付,否,,,是,否,否,否,否,是,顺丰速运,YT32751347603,运输中,
2705000302,已退款,2026-05-14 20:46:15,2026-05-15 01:58:41,2026-05-18,2026-05-14 09:22:49,2026-05-16,无线蓝牙耳机Pro版,PD00002,SP00002,SKU004,黑色标准版,SKU004,黑色标准版,ST004,数码电器,影音设备,耳机,无线耳机,2,129.00,258.00,208.28,206.20,0.00,19.89,17.40,12.43,0.00,2.08,0.00,0.00,0.00,113.01,不喜欢/效果不好,仅退款,退款成功,浙江省,杭州,西城区,杭州市西城区建设路258号,用户329,14467175855,,,H5,否,否,否,,多多支付,否,,,是,否,否,否,否,否,邮政快递,YT24636382647,派送中,
2705000182,已取消,2026-05-14 21:15:18,,,2026-05-14 18:01:49,2026-05-16,儿童益智积木拼装玩具,PD00003,SP00003,SKU006,大颗粒100粒,SKU006,大颗粒100粒,ST006,母婴玩具,益智玩具,积木,大颗粒积木,2,59.00,118.00,102.87,102.25,0.00,6.05,5.30,3.78,0.00,0.62,0.00,0.00,0.00,0.00,,,,湖北省,武汉,福田区,武汉市福田区长安街14号,用户375,14195006032,,,APP-Android,否,否,否,,多多支付,否,,,否,否,否,否,否,否,极兔速递,YT54136224586,,
2705000169,已完成,2026-05-15 00:19:35,2026-05-16 01:34:13,2026-05-20,2026-05-15 02:27:46,2026-05-17,男士运动休闲鞋透气款,PD00005,SP00005,SKU012,41码-白色,SKU012,41码-白色,ST012,运动户外,运动鞋服,运动鞋,跑步鞋,5,119.00,595.00,542.50,539.25,0.00,9.10,7.96,5.69,29.75,3.25,0.00,0.00,0.00,0.00,,,,江苏省,南京,浦东新区,南京市浦东新区南京路129号,用户531,19776569242,,,H5,否,否,否,,支付宝,否,,,否,否,否,否,否,否,顺丰速运,YT66074600316,已签收,
2705000434,已发货,2026-05-15 02:11:08,2026-05-17 15:00:32,2026-05-24,2026-05-15 12:45:23,2026-05-17,男士运动休闲鞋透气款,PD00005,SP00005,SKU012,41码-白色,SKU012,41码-白色,ST012,运动户外,运动鞋服,运动鞋,跑步鞋,1,119.00,119.00,99.63,99.03,0.00,7.75,6.78,4.84,0.00,0.60,0.00,0.00,0.00,0.00,,,,重庆市,重庆,天河区,重庆市天河区人民路281号,用户113,16216096376,,,小程序,否,否,否,,支付宝,否,,,否,否,否,否,否,是,邮政快递,YT56290547343,运输中,
2705000402,待发货,2026-05-15 03:53:15,2026-05-18 15:20:49,2026-05-24,2026-05-15 23:14:18,2026-05-17,不锈钢保温杯大容量,PD00004,SP00004,SKU008,500ml-黑色,SKU008,500ml-黑色,ST008,家居生活,餐饮用具,保温杯,不锈钢保温杯,2,45.00,90.00,75.87,75.11,0.00,3.85,3.37,2.41,4.50,0.76,0.00,0.00,0.00,0.00,,,,陕西省,西安,海淀区,西安市海淀区建设路184号,用户731,19274498879,,,APP-iOS,否,否,否,,支付宝,否,,,否,否,是,否,否,否,极兔速递,YT10590480584,运输中,
2705000052,待发货,2026-05-15 04:08:20,2026-05-17 08:05:51,2026-05-24,2026-05-15 07:10:18,2026-05-17,男士运动休闲鞋透气款,PD00005,SP00005,SKU011,40码-黑色,SKU011,40码-黑色,ST011,运动户外,运动鞋服,运动鞋,跑步鞋,2,119.00,238.00,208.42,207.17,0.00,7.07,6.19,4.42,11.90,1.25,0.00,0.00,0.00,0.00,,,,江苏省,南京,西城区,南京市西城区人民路230号,用户685,13632639091,,,网页,否,否,否,,花呗分期,否,,,否,否,否,否,是,是,韵达快递,YT44788517842,运输中,
2705000110,已付款,2026-05-15 08:35:18,2026-05-15 10:45:58,2026-05-22,2026-05-15 11:25:50,2026-05-17,不锈钢保温杯大容量,PD00004,SP00004,SKU008,500ml-黑色,SKU008,500ml-黑色,ST008,家居生活,餐饮用具,保温杯,不锈钢保温杯,2,45.00,90.00,81.40,80.91,0.00,3.44,3.01,2.15,0.00,0.49,0.00,0.00,0.00,0.00,,,,广西,南宁,海淀区,南宁市海淀区南京路188号,用户905,18979847238,,,H5,否,是,否,,多多支付,否,,,否,否,否,否,否,否,圆通速递,YT53244973749,派送中,
2705000074,已付款,2026-05-15 09:15:07,2026-05-16 18:13:47,2026-05-19,2026-05-15 20:18:04,2026-05-17,男士运动休闲鞋透气款,PD00005,SP00005,SKU012,41码-白色,SKU012,41码-白色,ST012,运动户外,运动鞋服,运动鞋,跑步鞋,5,119.00,595.00,534.00,530.80,0.00,12.50,10.94,7.81,29.75,3.20,0.00,0.00,0.00,0.00,,,,广东省,广州,海淀区,广州市海淀区中山路170号,用户479,16665210779,,老客户,APP-Android,否,否,否,,花呗分期,否,,商家,是,否,否,否,否,否,邮政快递,YT88630292008,已签收,
2705000012,已完成,2026-05-15 10:15:48,2026-05-17 04:40:31,2026-05-23,2026-05-15 18:11:06,2026-05-17,桌面手机支架可折叠,PD00008,SP00008,SKU017,基础款-黑色,SKU017,基础款-黑色,ST017,数码电器,手机配件,支架,桌面支架,3,19.90,59.70,57.53,57.18,0.00,0.87,0.76,0.54,0.00,0.35,0.00,0.00,0.00,0.00,,,,辽宁省,沈阳,朝阳区,沈阳市朝阳区中山路261号,用户430,17487614021,,,小程序,否,否,否,,多多支付,否,,,否,否,否,否,否,否,韵达快递,YT55906587129,运输中,
2705000165,已签收,2026-05-15 18:11:32,2026-05-17 11:05:09,2026-05-19,2026-05-15 01:42:08,2026-05-17,儿童益智积木拼装玩具,PD00003,SP00003,SKU006,大颗粒100粒,SKU006,大颗粒100粒,ST006,母婴玩具,益智玩具,积木,大颗粒积木,3,59.00,177.00,158.75,157.80,0.00,3.76,3.29,2.35,8.85,0.95,0.00,0.00,0.00,0.00,,,,安徽省,合肥,锦江区,合肥市锦江区南京路26号,用户551,13400365133,,,APP-Android,否,否,否,,花呗分期,否,12,,否,否,否,否,否,是,韵达快递,YT36202951040,运输中,
2705000274,已签收,2026-05-15 19:48:28,2026-05-17 23:56:05,2026-05-21,2026-05-15 17:09:54,2026-05-17,有机红枣夹核桃500g,PD00007,SP00007,SKU016,1000g礼盒,SKU016,1000g礼盒,ST016,食品生鲜,坚果零食,红枣,夹心红枣,1,69.00,69.00,54.05,53.73,0.00,5.98,5.23,3.74,0.00,0.32,0.00,0.00,0.00,0.00,,,,河北省,石家庄,福田区,石家庄市福田区人民路48号,用户597,18433910455,,,小程序,是,否,否,,花呗分期,否,,买家,否,否,否,否,是,否,申通快递,YT30576908049,派送中,
2705000338,待发货,2026-05-16 00:37:32,2026-05-17 01:38:24,2026-05-21,2026-05-16 00:06:34,2026-05-18,不锈钢保温杯大容量,PD00004,SP00004,SKU009,800ml-银色,SKU009,800ml-银色,ST009,家居生活,餐饮用具,保温杯,不锈钢保温杯,2,65.00,130.00,100.28,99.68,0.00,11.89,10.40,7.43,0.00,0.60,0.00,0.00,0.00,0.00,,,,江苏省,南京,东城区,南京市东城区解放路1号,用户807,15751920260,,,小程序,否,是,否,,花呗分期,否,,,否,否,否,否,否,否,韵达快递,YT26387911184,已签收,
2705000059,已退款,2026-05-16 04:08:28,2026-05-17 01:29:22,2026-05-23,2026-05-16 10:03:08,2026-05-18,男士运动休闲鞋透气款,PD00005,SP00005,SKU012,41码-白色,SKU012,41码-白色,ST012,运动户外,运动鞋服,运动鞋,跑步鞋,3,119.00,357.00,304.80,302.97,0.00,20.88,18.27,13.05,0.00,1.83,0.00,0.00,0.00,135.65,七天无理由退货,退货退款,退款成功,四川省,成都,朝阳区,成都市朝阳区长安街226号,用户426,19632341477,,,H5,是,否,否,,支付宝,否,,商家,否,否,否,否,否,否,顺丰速运,YT16708426287,运输中,
2705000054,已签收,2026-05-16 07:56:02,2026-05-18 04:35:34,2026-05-21,2026-05-16 19:21:24,2026-05-18,桌面手机支架可折叠,PD00008,SP00008,SKU017,基础款-黑色,SKU017,基础款-黑色,ST017,数码电器,手机配件,支架,桌面支架,2,19.90,39.80,38.69,38.30,0.00,0.44,0.39,0.28,0.00,0.39,0.00,0.00,0.00,0.00,,,,江苏省,南京,锦江区,南京市锦江区长安街13号,用户761,13877647868,,,APP-Android,否,否,否,,微信支付,否,,,否,否,否,否,否,是,圆通速递,YT68342957682,派送中,
2705000353,待发货,2026-05-16 12:57:57,2026-05-17 15:17:21,2026-05-24,2026-05-16 21:00:10,2026-05-18,儿童益智积木拼装玩具,PD00003,SP00003,SKU007,大颗粒200粒,SKU007,大颗粒200粒,ST007,母婴玩具,益智玩具,积木,大颗粒积木,2,99.00,198.00,177.07,176.01,0.00,4.41,3.86,2.76,9.90,1.06,0.00,0.00,0.00,0.00,,,,云南省,昆明,天河区,昆明市天河区中山路69号,用户129,17707205028,,,APP-iOS,否,否,否,,支付宝,否,,,否,否,否,否,否,否,韵达快递,YT92560006900,运输中,
2705000350,已付款,2026-05-16 16:54:20,2026-05-18 00:28:49,2026-05-23,2026-05-16 15:23:05,2026-05-18,男士运动休闲鞋透气款,PD00005,SP00005,SKU011,40码-黑色,SKU011,40码-黑色,ST011,运动户外,运动鞋服,运动鞋,跑步鞋,2,119.00,238.00,208.49,207.24,0.00,11.80,10.33,7.38,0.00,1.25,0.00,0.00,0.00,0.00,,,,四川省,成都,福田区,成都市福田区建设路277号,用户703,19501988890,,,APP-iOS,是,否,否,,花呗分期,否,,,否,否,否,否,否,否,申通快递,YT81580401239,派送中,
2705000080,已完成,2026-05-16 22:02:34,2026-05-16 23:26:10,2026-05-23,2026-05-16 09:45:21,2026-05-18,有机红枣夹核桃500g,PD00007,SP00007,SKU016,1000g礼盒,SKU016,1000g礼盒,ST016,食品生鲜,坚果零食,红枣,夹心红枣,5,69.00,345.00,322.35,320.42,0.00,9.06,7.93,5.66,0.00,1.93,0.00,0.00,0.00,0.00,,,,江苏省,南京,南山区,南京市南山区中山路42号,用户704,13807977276,到货前短信通知,,H5,否,否,否,,多多支付,否,,,是,否,否,否,否,否,顺丰速运,YT40029057548,已签收,
2705000413,已付款,2026-05-17 01:51:12,2026-05-19 05:36:48,2026-05-21,2026-05-17 21:45:34,2026-05-19,有机红枣夹核桃500g,PD00007,SP00007,SKU016,1000g礼盒,SKU016,1000g礼盒,ST016,食品生鲜,坚果零食,红枣,夹心红枣,2,69.00,138.00,103.64,103.02,0.00,13.74,12.03,8.59,0.00,0.62,0.00,0.00,0.00,0.00,,,补发,江西省,南昌,福田区,南昌市福田区长安街28号,用户271,14668620782,,,H5,否,否,否,,多多支付,否,,,否,否,否,否,是,否,顺丰速运,YT56432211759,运输中,
2705000477,已退款,2026-05-17 02:11:14,2026-05-19 13:00:31,2026-05-23,2026-05-17 14:16:38,2026-05-19,儿童益智积木拼装玩具,PD00003,SP00003,SKU006,大颗粒100粒,SKU006,大颗粒100粒,ST006,母婴玩具,益智玩具,积木,大颗粒积木,5,59.00,295.00,233.68,232.28,0.00,18.63,16.30,11.64,14.75,1.40,0.00,0.00,0.00,161.34,发错货/漏发,退货退款,退货退款,江苏省,南京,武侯区,南京市武侯区南京路242号,用户158,14222797968,,,APP-iOS,否,否,否,,多多支付,否,,商家,否,否,否,否,否,否,顺丰速运,YT79983122448,运输中,
2705000121,已发货,2026-05-17 02:14:16,2026-05-20 05:09:31,2026-05-27,2026-05-17 06:23:54,2026-05-19,有机红枣夹核桃500g,PD00007,SP00007,SKU016,1000g礼盒,SKU016,1000g礼盒,ST016,食品生鲜,坚果零食,红枣,夹心红枣,1,69.00,69.00,66.55,66.15,0.00,0.98,0.86,0.61,0.00,0.40,0.00,0.00,0.00,0.00,,,,湖北省,武汉,福田区,武汉市福田区长安街107号,用户978,17786558354,,,小程序,否,否,否,,花呗分期,否,,,否,否,否,否,否,否,韵达快递,YT48364813748,运输中,
2705000427,已取消,2026-05-17 02:15:46,,,2026-05-17 23:52:11,2026-05-19,无线蓝牙耳机Pro版,PD00002,SP00002,SKU004,黑色标准版,SKU004,黑色标准版,ST004,数码电器,影音设备,耳机,无线耳机,1,129.00,129.00,112.40,111.73,0.00,4.06,3.55,2.54,6.45,0.67,0.00,0.00,0.00,0.00,,,,广西,南宁,武侯区,南宁市武侯区解放路264号,用户196,15223120094,请尽快发货,,网页,否,否,否,,花呗分期,否,,,否,否,否,否,否,否,邮政快递,YT13551835521,,
2705000508,已付款,2026-05-17 03:15:06,2026-05-20 15:56:21,2026-05-22,2026-05-17 15:40:48,2026-05-19,无线蓝牙耳机Pro版,PD00002,SP00002,SKU004,黑色标准版,SKU004,黑色标准版,ST004,数码电器,影音设备,耳机,无线耳机,1,129.00,129.00,100.51,99.91,0.00,11.40,9.97,7.12,0.00,0.60,0.00,0.00,0.00,0.00,,,补发,湖南省,长沙,西城区,长沙市西城区建设路285号,用户199,17956644377,,,网页,是,否,否,,多多支付,否,,,否,否,否,否,否,否,圆通速递,YT47149757750,运输中,
2705000102,已完成,2026-05-17 07:22:02,2026-05-19 12:26:17,2026-05-21,2026-05-17 00:12:05,2026-05-19,桌面手机支架可折叠,PD00008,SP00008,SKU017,基础款-黑色,SKU017,基础款-黑色,ST017,数码电器,手机配件,支架,桌面支架,2,19.90,39.80,33.27,33.07,0.00,2.61,2.29,1.63,0.00,0.20,0.00,0.00,0.00,0.00,,,,重庆市,重庆,朝阳区,重庆市朝阳区解放路94号,用户676,14979556643,,老客户,网页,否,否,否,,花呗分期,否,,,否,否,否,否,否,否,极兔速递,YT73280630521,派送中,
2705000257,已完成,2026-05-17 08:17:19,2026-05-19 22:45:25,2026-05-24,2026-05-17 16:08:28,2026-05-19,无线蓝牙耳机Pro版,PD00002,SP00002,SKU004,黑色标准版,SKU004,黑色标准版,ST004,数码电器,影音设备,耳机,无线耳机,1,129.00,129.00,108.71,108.06,0.00,8.12,7.10,5.07,0.00,0.65,0.00,0.00,0.00,0.00,,,,浙江省,杭州,东城区,杭州市东城区人民路201号,用户715,13947624639,,,H5,否,否,否,,多多支付,否,,,否,否,否,否,否,否,中通快递,YT96902857871,运输中,
2705000099,待发货,2026-05-17 08:20:41,2026-05-20 09:00:26,2026-05-24,2026-05-17 10:17:41,2026-05-19,有机红枣夹核桃500g,PD00007,SP00007,SKU016,1000g礼盒,SKU016,1000g礼盒,ST016,食品生鲜,坚果零食,红枣,夹心红枣,1,69.00,69.00,65.68,65.02,0.00,1.33,1.16,0.83,0.00,0.66,0.00,0.00,0.00,0.00,,,,广东省,广州,天河区,广州市天河区解放路164号,用户548,14937443249,,,APP-iOS,否,否,否,,微信支付,否,,,否,否,否,否,否,是,圆通速递,YT51985987985,运输中,
2705000226,待发货,2026-05-17 09:20:03,2026-05-19 02:43:45,2026-05-20,2026-05-17 21:34:05,2026-05-19,儿童益智积木拼装玩具,PD00003,SP00003,SKU006,大颗粒100粒,SKU006,大颗粒100粒,ST006,母婴玩具,益智玩具,积木,大颗粒积木,2,59.00,118.00,105.95,105.31,0.00,2.46,2.15,1.54,5.90,0.64,0.00,0.00,0.00,0.00,,,,浙江省,杭州,武侯区,杭州市武侯区长安街97号,用户134,18929994153,,,小程序,否,否,否,,支付宝,否,,,否,否,否,否,否,是,申通快递,YT66187205693,运输中,
2705000143,已退款,2026-05-17 09:31:37,2026-05-19 11:02:10,2026-05-25,2026-05-17 00:11:34,2026-05-19,夏季冰丝凉席三件套,PD00001,SP00001,SKU002,1.8m床-灰色,SKU002,1.8m床-灰色,ST002,家居生活,床上用品,凉席,冰丝凉席,1,109.00,109.00,98.32,97.73,0.00,4.27,3.74,2.67,0.00,0.59,0.00,0.00,0.00,92.51,收到商品破损,退货退款,退款成功,云南省,昆明,朝阳区,昆明市朝阳区南京路14号,用户979,19547573726,,,网页,否,否,否,,支付宝,否,,,否,否,否,否,是,否,邮政快递,YT82764763927,运输中,
2705000516,已完成,2026-05-17 13:27:20,2026-05-18 12:19:44,2026-05-20,2026-05-17 16:40:13,2026-05-19,桌面手机支架可折叠,PD00008,SP00008,SKU018,升级款-银色,SKU018,升级款-银色,ST018,数码电器,手机配件,支架,桌面支架,1,29.90,29.90,23.97,23.83,0.00,1.77,1.55,1.11,1.50,0.14,0.00,0.00,0.00,0.00,,,,福建省,厦门,福田区,厦门市福田区南京路218号,用户991,16126647258,,,小程序,否,否,否,,花呗分期,否,,,否,否,否,否,否,否,申通快递,YT90108844169,派送中,
2705000318,已退款,2026-05-17 15:05:37,2026-05-18 05:30:11,2026-05-19,2026-05-17 22:57:19,2026-05-19,有机红枣夹核桃500g,PD00007,SP00007,SKU015,500g袋装,SKU015,500g袋装,ST015,食品生鲜,坚果零食,红枣,夹心红枣,1,39.00,39.00,31.80,31.61,0.00,2.88,2.52,1.80,0.00,0.19,0.00,0.00,0.00,29.84,卖家发错尺码,退货退款,退款成功,江苏省,南京,东城区,南京市东城区建设路148号,用户282,19681888989,,,H5,否,否,否,,多多支付,否,,,否,否,是,否,否,否,圆通速递,YT81379127578,运输中,
2705000194,已付款,2026-05-17 18:44:40,2026-05-20 16:09:15,2026-05-26,2026-05-17 04:12:44,2026-05-19,男士运动休闲鞋透气款,PD00005,SP00005,SKU010,39码-黑色,SKU010,39码-黑色,ST010,运动户外,运动鞋服,运动鞋,跑步鞋,1,119.00,119.00,114.93,114.24,0.00,1.63,1.42,1.02,0.00,0.69,0.00,0.00,0.00,0.00,,,,江苏省,南京,锦江区,南京市锦江区解放路45号,用户471,16524920638,,,APP-iOS,否,否,否,,多多支付,否,,,否,否,否,否,否,否,申通快递,YT76704603715,运输中,
2705000152,已发货,2026-05-17 19:42:24,2026-05-20 09:20:00,2026-05-22,2026-05-17 03:50:04,2026-05-19,男士运动休闲鞋透气款,PD00005,SP00005,SKU011,40码-黑色,SKU011,40码-黑色,ST011,运动户外,运动鞋服,运动鞋,跑步鞋,2,119.00,238.00,222.32,220.99,0.00,6.27,5.49,3.92,0.00,1.33,0.00,0.00,0.00,0.00,,,,重庆市,重庆,福田区,重庆市福田区南京路278号,用户402,14798319429,,,小程序,否,否,否,,支付宝,否,,买家,否,否,否,否,否,否,顺丰速运,YT54598658081,运输中,
2705000271,待发货,2026-05-17 21:46:38,2026-05-17 05:30:06,2026-05-18,2026-05-17 18:55:26,2026-05-19,夏季冰丝凉席三件套,PD00001,SP00001,SKU002,1.8m床-灰色,SKU002,1.8m床-灰色,ST002,家居生活,床上用品,凉席,冰丝凉席,1,109.00,109.00,85.63,85.12,0.00,7.17,6.27,4.48,5.45,0.51,0.00,0.00,0.00,0.00,,,,重庆市,重庆,南山区,重庆市南山区解放路274号,用户737,14235947832,,,APP-Android,否,否,否,,支付宝,否,,,否,否,否,否,否,否,顺丰速运,YT21991988653,已签收,
2705000459,已签收,2026-05-17 22:15:12,2026-05-18 11:14:19,2026-05-24,2026-05-17 17:47:05,2026-05-19,不锈钢保温杯大容量,PD00004,SP00004,SKU008,500ml-黑色,SKU008,500ml-黑色,ST008,家居生活,餐饮用具,保温杯,不锈钢保温杯,1,45.00,45.00,34.85,34.64,0.00,4.06,3.55,2.54,0.00,0.21,0.00,43.82,0.00,0.00,,,,河北省,石家庄,西城区,石家庄市西城区建设路236号,用户302,13261833227,,,网页,否,否,否,,多多支付,否,,,否,否,否,否,否,否,申通快递,YT51044386276,派送中,
2705000205,已退款,2026-05-17 23:02:19,2026-05-19 01:01:29,2026-05-20,2026-05-17 11:49:24,2026-05-19,桌面手机支架可折叠,PD00008,SP00008,SKU018,升级款-银色,SKU018,升级款-银色,ST018,数码电器,手机配件,支架,桌面支架,2,29.90,59.80,51.35,50.84,0.00,3.38,2.96,2.11,0.00,0.51,0.00,0.00,0.00,37.40,不喜欢/效果不好,仅退款,退款成功,河南省,郑州,浦东新区,郑州市浦东新区建设路178号,用户927,16161996742,,,APP-iOS,否,否,否,,微信支付,否,6,,否,否,否,否,否,是,极兔速递,YT30649306631,已签收,
2705000151,已发货,2026-05-17 23:50:55,2026-05-19 04:52:42,2026-05-24,2026-05-17 03:03:22,2026-05-19,桌面手机支架可折叠,PD00008,SP00008,SKU018,升级款-银色,SKU018,升级款-银色,ST018,数码电器,手机配件,支架,桌面支架,2,29.90,59.80,44.61,44.34,0.00,4.88,4.27,3.05,2.99,0.27,0.00,0.00,0.00,37.56,七天无理由退货,仅退款,退款成功,重庆市,重庆,西城区,重庆市西城区建设路254号,用户119,13434439525,,,小程序,是,否,否,,花呗分期,否,12,,否,否,否,否,否,否,圆通速递,YT58489309420,运输中,
2705000033,已完成,2026-05-18 03:55:20,2026-05-20 04:57:23,2026-05-27,2026-05-18 04:37:51,2026-05-20,女士防晒衣轻薄透气,PD00006,SP00006,SKU013,M码-浅蓝,SKU013,M码-浅蓝,ST013,服饰内衣,女装,外套,防晒衣,3,69.00,207.00,161.62,160.65,0.00,18.15,15.88,11.35,0.00,0.97,0.00,0.00,0.00,0.00,,,,河北省,石家庄,海淀区,石家庄市海淀区建设路136号,用户136,17714411496,,,H5,否,否,否,,多多支付,否,,,是,否,否,否,否,否,中通快递,YT82534174088,派送中,
2705000340,已完成,2026-05-18 05:34:30,2026-05-21 18:22:56,2026-05-23,2026-05-18 22:47:08,2026-05-20,夏季冰丝凉席三件套,PD00001,SP00001,SKU003,1.5m床-蓝色,SKU003,1.5m床-蓝色,ST003,家居生活,床上用品,凉席,冰丝凉席,1,89.00,89.00,81.40,80.59,0.00,3.04,2.66,1.90,0.00,0.81,0.00,0.00,0.00,0.00,,,,湖北省,武汉,武侯区,武汉市武侯区长安街155号,用户936,16572247433,,,APP-Android,否,否,否,,微信支付,否,,,是,否,否,否,否,是,韵达快递,YT80193276826,运输中,
2705000510,已签收,2026-05-18 07:39:39,2026-05-21 11:30:00,2026-05-26,2026-05-18 07:53:21,2026-05-20,儿童益智积木拼装玩具,PD00003,SP00003,SKU006,大颗粒100粒,SKU006,大颗粒100粒,ST006,母婴玩具,益智玩具,积木,大颗粒积木,1,59.00,59.00,53.12,52.80,0.00,1.17,1.03,0.73,2.95,0.32,0.00,0.00,0.00,0.00,,,,重庆市,重庆,东城区,重庆市东城区人民路162号,用户214,18561721189,,,网页,否,否,否,,花呗分期,否,,,否,否,否,否,否,否,邮政快递,YT73230993881,运输中,转运
2705000210,已发货,2026-05-18 11:33:29,2026-05-18 18:13:33,2026-05-22,2026-05-18 19:57:18,2026-05-20,男士运动休闲鞋透气款,PD00005,SP00005,SKU010,39码-黑色,SKU010,39码-黑色,ST010,运动户外,运动鞋服,运动鞋,跑步鞋,2,119.00,238.00,211.49,210.22,0.00,10.60,9.28,6.63,0.00,1.27,0.00,0.00,0.00,0.00,,,,广西,南宁,浦东新区,南宁市浦东新区长安街57号,用户995,14256787088,,,APP-iOS,否,否,否,,多多支付,否,,,否,否,否,否,是,是,申通快递,YT39199244656,运输中,
2705000123,待发货,2026-05-18 16:52:59,2026-05-18 17:13:15,2026-05-25,2026-05-18 04:01:41,2026-05-20,桌面手机支架可折叠,PD00008,SP00008,SKU018,升级款-银色,SKU018,升级款-银色,ST018,数码电器,手机配件,支架,桌面支架,1,29.90,29.90,25.33,25.18,0.00,1.83,1.60,1.14,0.00,0.15,0.00,0.00,0.00,0.00,,,,重庆市,重庆,朝阳区,重庆市朝阳区解放路245号,用户143,13166084703,发之前检查一下质量,,H5,是,是,否,,微信支付,否,,,否,否,否,否,否,否,顺丰速运,YT90762530243,运输中,
2705000382,待发货,2026-05-18 18:52:40,2026-05-21 02:25:03,2026-05-23,2026-05-18 07:01:13,2026-05-20,无线蓝牙耳机Pro版,PD00002,SP00002,SKU004,黑色标准版,SKU004,黑色标准版,ST004,数码电器,影音设备,耳机,无线耳机,1,129.00,129.00,105.11,104.48,0.00,9.56,8.36,5.97,0.00,0.63,0.00,0.00,0.00,0.00,,,换货,河北省,石家庄,朝阳区,石家庄市朝阳区中山路113号,用户630,19546987128,,老客户,网页,否,否,否,,花呗分期,否,3,,否,否,否,否,否,否,中通快递,YT40287429699,运输中,集运
2705000345,已取消,2026-05-18 20:27:26,,,2026-05-18 19:36:11,2026-05-20,儿童益智积木拼装玩具,PD00003,SP00003,SKU007,大颗粒200粒,SKU007,大颗粒200粒,ST007,母婴玩具,益智玩具,积木,大颗粒积木,2,99.00,198.00,159.24,157.65,0.00,15.50,13.57,9.69,0.00,1.59,0.00,0.00,0.00,0.00,,,,北京市,北京,天河区,北京市天河区南京路132号,用户103,16105056011,,,小程序,否,否,否,,支付宝,否,,,否,否,否,否,否,否,韵达快递,YT52007298147,,转运
2705000098,已完成,2026-05-18 21:40:19,2026-05-19 08:26:07,2026-05-25,2026-05-18 08:20:42,2026-05-20,儿童益智积木拼装玩具,PD00003,SP00003,SKU007,大颗粒200粒,SKU007,大颗粒200粒,ST007,母婴玩具,益智玩具,积木,大颗粒积木,1,99.00,99.00,82.17,81.68,0.00,6.73,5.89,4.21,0.00,0.49,0.00,0.00,0.00,0.00,,,,重庆市,重庆,锦江区,重庆市锦江区人民路31号,用户729,16351860871,,,小程序,否,否,否,,多多支付,否,,,否,否,否,否,否,否,顺丰速运,YT11686816717,派送中,
2705000176,已取消,2026-05-19 00:34:36,,,2026-05-19 06:19:21,2026-05-21,有机红枣夹核桃500g,PD00007,SP00007,SKU016,1000g礼盒,SKU016,1000g礼盒,ST016,食品生鲜,坚果零食,红枣,夹心红枣,2,69.00,138.00,127.12,126.36,0.00,1.59,1.39,1.00,6.90,0.76,0.00,0.00,0.00,0.00,,,,四川省,成都,海淀区,成都市海淀区人民路90号,用户338,19741329804,,,小程序,否,否,否,,多多支付,否,,,否,否,否,否,是,否,申通快递,YT54294644410,,
2705000101,已签收,2026-05-19 05:28:55,2026-05-20 09:54:44,2026-05-23,2026-05-19 04:52:27,2026-05-21,夏季冰丝凉席三件套,PD00001,SP00001,SKU001,1.5m床-灰色,SKU001,1.5m床-灰色,ST001,家居生活,床上用品,凉席,冰丝凉席,2,89.00,178.00,125.30,124.55,0.00,17.52,15.33,10.95,8.90,0.75,0.00,46.60,0.00,0.00,,,,陕西省,西安,天河区,西安市天河区人民路7号,用户922,14849607948,,,APP-iOS,否,否,否,,微信支付,否,,,否,否,否,否,否,否,邮政快递,YT44882651515,运输中,
2705000183,已付款,2026-05-19 06:17:22,2026-05-19 20:36:25,2026-05-26,2026-05-19 11:22:32,2026-05-21,桌面手机支架可折叠,PD00008,SP00008,SKU018,升级款-银色,SKU018,升级款-银色,ST018,数码电器,手机配件,支架,桌面支架,2,29.90,59.80,47.63,47.34,0.00,4.87,4.26,3.04,0.00,0.29,0.00,0.00,0.00,0.00,,,,湖北省,武汉,武侯区,武汉市武侯区南京路165号,用户574,17365103997,麻烦包装好一点,要赠品,APP-iOS,否,否,否,,花呗分期,否,,,否,否,否,否,否,是,邮政快递,YT18226948092,运输中,
2705000295,已发货,2026-05-19 08:21:09,2026-05-21 14:28:19,2026-05-25,2026-05-19 10:10:32,2026-05-21,不锈钢保温杯大容量,PD00004,SP00004,SKU008,500ml-黑色,SKU008,500ml-黑色,ST008,家居生活,餐饮用具,保温杯,不锈钢保温杯,1,45.00,45.00,34.75,34.54,0.00,4.10,3.59,2.56,0.00,0.21,71.25,0.00,0.00,0.00,,,,上海市,上海,西城区,上海市西城区建设路216号,用户760,14481673575,,,H5,否,否,否,,微信支付,否,3,,否,否,否,否,否,否,邮政快递,YT25807005775,运输中,
2705000034,待发货,2026-05-19 10:25:31,2026-05-19 23:32:13,2026-05-25,2026-05-19 06:25:01,2026-05-21,无线蓝牙耳机Pro版,PD00002,SP00002,SKU004,黑色标准版,SKU004,黑色标准版,ST004,数码电器,影音设备,耳机,无线耳机,1,129.00,129.00,106.03,105.39,0.00,9.19,8.04,5.74,0.00,0.64,0.00,0.00,0.00,0.00,,,,福建省,厦门,朝阳区,厦门市朝阳区长安街297号,用户789,16395265519,,,APP-Android,否,否,否,,微信支付,否,,,否,否,否,否,否,否,邮政快递,YT68837555184,派送中,
2705000218,已取消,2026-05-19 10:35:53,,,2026-05-19 13:55:28,2026-05-21,男士运动休闲鞋透气款,PD00005,SP00005,SKU011,40码-黑色,SKU011,40码-黑色,ST011,运动户外,运动鞋服,运动鞋,跑步鞋,1,119.00,119.00,109.48,108.82,0.00,3.81,3.33,2.38,0.00,0.66,0.00,0.00,0.00,0.00,,,,陕西省,西安,朝阳区,西安市朝阳区解放路50号,用户682,16103663453,,,网页,否,否,否,,多多支付,否,,,否,否,否,否,否,否,顺丰速运,YT46291406390,,
2705000084,已完成,2026-05-19 15:42:38,2026-05-20 16:04:43,2026-05-26,2026-05-19 16:09:31,2026-05-21,女士防晒衣轻薄透气,PD00006,SP00006,SKU014,L码-粉色,SKU014,L码-粉色,ST014,服饰内衣,女装,外套,防晒衣,1,69.00,69.00,52.35,52.04,0.00,5.28,4.62,3.30,3.45,0.31,0.00,0.00,0.00,0.00,,,补发,湖北省,武汉,南山区,武汉市南山区南京路107号,用户516,19337687697,发之前检查一下质量,,H5,否,否,否,,微信支付,否,,,否,否,否,否,否,否,顺丰速运,YT22470660004,运输中,
2705000220,已付款,2026-05-19 18:33:34,2026-05-21 00:30:34,2026-05-27,2026-05-19 08:48:57,2026-05-21,儿童益智积木拼装玩具,PD00003,SP00003,SKU006,大颗粒100粒,SKU006,大颗粒100粒,ST006,母婴玩具,益智玩具,积木,大颗粒积木,5,59.00,295.00,235.32,233.91,0.00,17.97,15.73,11.23,14.75,1.41,0.00,0.00,0.00,0.00,,,,湖北省,武汉,南山区,武汉市南山区长安街141号,用户512,13400194253,送人用请精美包装,,APP-iOS,否,否,否,,微信支付,否,,,否,否,否,否,否,否,申通快递,YT99919047201,运输中,
2705000041,已退款,2026-05-19 23:34:06,2026-05-21 04:13:45,2026-05-26,2026-05-19 03:57:47,2026-05-21,桌面手机支架可折叠,PD00008,SP00008,SKU018,升级款-银色,SKU018,升级款-银色,ST018,数码电器,手机配件,支架,桌面支架,1,29.90,29.90,23.57,23.43,0.00,2.53,2.22,1.58,0.00,0.14,0.00,0.00,0.00,14.75,七天无理由退货,退货退款,退款成功,陕西省,西安,天河区,西安市天河区解放路5号,用户349,14293639644,,,小程序,否,否,否,,支付宝,否,,,否,否,否,否,否,否,圆通速递,YT82230217461,运输中,
2705000211,已发货,2026-05-20 04:07:39,2026-05-21 22:26:14,2026-05-23,2026-05-20 22:16:37,2026-05-22,女士防晒衣轻薄透气,PD00006,SP00006,SKU014,L码-粉色,SKU014,L码-粉色,ST014,服饰内衣,女装,外套,防晒衣,2,69.00,138.00,108.45,107.80,0.00,11.82,10.34,7.39,0.00,0.65,0.00,0.00,0.00,0.00,,,,湖北省,武汉,朝阳区,武汉市朝阳区南京路247号,用户889,14283761849,,,小程序,是,否,否,,多多支付,否,,,是,否,否,否,否,否,申通快递,YT99299412284,已签收,
2705000242,已签收,2026-05-20 06:32:01,2026-05-22 19:54:48,2026-05-26,2026-05-20 21:10:07,2026-05-22,不锈钢保温杯大容量,PD00004,SP00004,SKU009,800ml-银色,SKU009,800ml-银色,ST009,家居生活,餐饮用具,保温杯,不锈钢保温杯,1,65.00,65.00,50.90,50.59,0.00,4.34,3.80,2.71,3.25,0.31,0.00,0.00,0.00,0.00,,,,福建省,厦门,海淀区,厦门市海淀区解放路54号,用户673,19397034700,,,H5,否,否,否,,支付宝,否,3,,否,否,否,否,是,否,韵达快递,YT17695989571,已签收,
2705000230,已取消,2026-05-20 12:35:36,,,2026-05-20 21:07:49,2026-05-22,无线蓝牙耳机Pro版,PD00002,SP00002,SKU005,白色降噪版,SKU005,白色降噪版,ST005,数码电器,影音设备,耳机,无线耳机,5,189.00,945.00,944.35,938.68,0.00,0.26,0.23,0.16,0.00,5.67,0.00,0.00,0.00,0.00,,,,江西省,南昌,朝阳区,南昌市朝阳区南京路8号,用户874,13140239332,,,APP-Android,否,否,否,,微信支付,否,12,,否,否,否,否,否,否,韵达快递,YT35980647616,,
2705000424,已取消,2026-05-20 13:58:07,,,2026-05-20 03:02:35,2026-05-22,女士防晒衣轻薄透气,PD00006,SP00006,SKU014,L码-粉色,SKU014,L码-粉色,ST014,服饰内衣,女装,外套,防晒衣,3,69.00,207.00,195.10,193.93,0.00,0.62,0.54,0.39,10.35,1.17,0.00,0.00,0.00,0.00,,,,四川省,成都,武侯区,成都市武侯区解放路21号,用户595,16714326534,,,APP-iOS,否,否,否,,多多支付,否,,,是,否,否,否,否,否,邮政快递,YT72320414554,,
2705000407,已退款,2026-05-20 16:23:59,2026-05-21 14:02:30,2026-05-25,2026-05-20 01:22:13,2026-05-22,无线蓝牙耳机Pro版,PD00002,SP00002,SKU004,黑色标准版,SKU004,黑色标准版,ST004,数码电器,影音设备,耳机,无线耳机,2,129.00,258.00,203.60,202.38,0.00,21.76,19.04,13.60,0.00,1.22,0.00,0.00,0.00,87.97,收到商品破损,退货退款,退款成功,浙江省,杭州,福田区,杭州市福田区中山路35号,用户313,14952821657,,,APP-iOS,否,否,否,,微信支付,否,,,否,否,否,否,否,否,极兔速递,YT28777217418,运输中,
2705000266,待发货,2026-05-20 19:47:06,2026-05-21 14:57:22,2026-05-27,2026-05-20 18:51:10,2026-05-22,儿童益智积木拼装玩具,PD00003,SP00003,SKU006,大颗粒100粒,SKU006,大颗粒100粒,ST006,母婴玩具,益智玩具,积木,大颗粒积木,3,59.00,177.00,164.78,163.79,0.00,1.35,1.18,0.84,8.85,0.99,0.00,0.00,0.00,0.00,,,,北京市,北京,浦东新区,北京市浦东新区南京路158号,用户970,19623246139,,,小程序,否,否,否,,多多支付,否,,,否,否,否,否,否,否,中通快递,YT13299587619,运输中,
2705000051,已取消,2026-05-21 06:50:01,,,2026-05-21 04:44:23,2026-05-23,无线蓝牙耳机Pro版,PD00002,SP00002,SKU004,黑色标准版,SKU004,黑色标准版,ST004,数码电器,影音设备,耳机,无线耳机,5,129.00,645.00,634.18,630.37,0.00,4.33,3.79,2.70,0.00,3.81,0.00,0.00,0.00,0.00,,,,重庆市,重庆,海淀区,重庆市海淀区解放路164号,用户683,14700882639,,,网页,否,否,否,,支付宝,否,,,否,否,否,否,否,否,韵达快递,YT60485987597,,
2705000357,已付款,2026-05-21 12:15:13,2026-05-22 15:58:43,2026-05-26,2026-05-21 15:07:59,2026-05-23,儿童益智积木拼装玩具,PD00003,SP00003,SKU006,大颗粒100粒,SKU006,大颗粒100粒,ST006,母婴玩具,益智玩具,积木,大颗粒积木,1,59.00,59.00,53.22,52.90,0.00,2.31,2.02,1.45,0.00,0.32,0.00,0.00,0.00,0.00,,,,湖南省,长沙,天河区,长沙市天河区长安街214号,用户190,19613258755,,,网页,否,否,否,,支付宝,否,,,否,否,否,否,否,否,申通快递,YT86788905748,运输中,
2705000312,已退款,2026-05-21 15:50:08,2026-05-24 14:45:57,2026-05-27,2026-05-21 08:55:23,2026-05-23,夏季冰丝凉席三件套,PD00001,SP00001,SKU003,1.5m床-蓝色,SKU003,1.5m床-蓝色,ST003,家居生活,床上用品,凉席,冰丝凉席,2,89.00,178.00,136.72,135.90,0.00,16.51,14.45,10.32,0.00,0.82,0.00,0.00,0.00,126.36,七天无理由退货,仅退款,退款成功,广东省,广州,西城区,广州市西城区中山路255号,用户321,19183020792,,老客户,APP-iOS,否,否,否,,花呗分期,否,,,否,否,否,否,否,否,邮政快递,YT97020316991,运输中,
2705000068,已付款,2026-05-21 17:04:54,2026-05-22 15:00:29,2026-05-28,2026-05-21 14:39:14,2026-05-23,男士运动休闲鞋透气款,PD00005,SP00005,SKU010,39码-黑色,SKU010,39码-黑色,ST010,运动户外,运动鞋服,运动鞋,跑步鞋,2,119.00,238.00,207.63,206.38,0.00,12.15,10.63,7.59,0.00,1.25,0.00,0.00,0.00,0.00,,,,云南省,昆明,福田区,昆明市福田区建设路209号,用户168,16888915724,,,APP-iOS,否,否,否,,多多支付,否,,买家,是,否,否,否,否,否,申通快递,YT19401178321,已签收,集运
2705000405,已退款,2026-05-22 03:23:13,2026-05-23 03:28:23,2026-05-24,2026-05-22 08:24:21,2026-05-24,男士运动休闲鞋透气款,PD00005,SP00005,SKU010,39码-黑色,SKU010,39码-黑色,ST010,运动户外,运动鞋服,运动鞋,跑步鞋,5,119.00,595.00,508.17,505.12,0.00,34.73,30.39,21.71,0.00,3.05,0.00,0.00,0.00,235.59,发错货/漏发,仅退款,退款成功,山东省,青岛,浦东新区,青岛市浦东新区中山路113号,用户664,17917963026,,,H5,否,否,否,,花呗分期,否,,,是,否,否,否,否,否,申通快递,YT57579085598,运输中,
2705000504,已完成,2026-05-22 06:23:11,2026-05-24 12:49:44,2026-05-30,2026-05-22 10:00:42,2026-05-24,桌面手机支架可折叠,PD00008,SP00008,SKU018,升级款-银色,SKU018,升级款-银色,ST018,数码电器,手机配件,支架,桌面支架,5,29.90,149.50,114.30,113.61,0.00,14.08,12.32,8.80,0.00,0.69,0.00,0.00,0.00,0.00,,,,广西,南宁,东城区,南宁市东城区建设路252号,用户801,18550204987,,,H5,否,否,否,,支付宝,否,,,否,否,否,否,否,否,顺丰速运,YT52228728124,运输中,
2705000166,已退款,2026-05-22 07:50:41,2026-05-24 12:04:17,2026-05-31,2026-05-22 02:36:34,2026-05-24,无线蓝牙耳机Pro版,PD00002,SP00002,SKU005,白色降噪版,SKU005,白色降噪版,ST005,数码电器,影音设备,耳机,无线耳机,2,189.00,378.00,318.47,316.56,0.00,23.81,20.84,14.88,0.00,1.91,0.00,0.00,0.00,284.37,商品与描述不符,仅退款,退货退款,河北省,石家庄,武侯区,石家庄市武侯区人民路152号,用户238,16637358713,请尽快发货,,H5,是,否,否,,支付宝,否,,,否,否,否,否,否,否,邮政快递,YT61905556357,派送中,
2705000006,已付款,2026-05-22 14:26:08,2026-05-22 21:52:52,2026-05-28,2026-05-22 16:59:07,2026-05-24,不锈钢保温杯大容量,PD00004,SP00004,SKU009,800ml-银色,SKU009,800ml-银色,ST009,家居生活,餐饮用具,保温杯,不锈钢保温杯,2,65.00,130.00,123.04,122.30,0.00,2.78,2.44,1.74,0.00,0.74,0.00,0.00,0.00,0.00,,,,重庆市,重庆,福田区,重庆市福田区长安街180号,用户268,19666766472,,,网页,否,否,否,,多多支付,否,,,否,否,否,否,否,否,邮政快递,YT25284378153,运输中,
2705000281,已完成,2026-05-22 14:44:29,2026-05-24 21:46:28,2026-05-26,2026-05-22 14:18:15,2026-05-24,男士运动休闲鞋透气款,PD00005,SP00005,SKU011,40码-黑色,SKU011,40码-黑色,ST011,运动户外,运动鞋服,运动鞋,跑步鞋,1,119.00,119.00,115.75,115.06,0.00,1.30,1.14,0.81,0.00,0.69,0.00,0.00,0.00,0.00,,,,北京市,北京,南山区,北京市南山区中山路232号,用户322,19350284813,,,H5,否,否,否,,微信支付,否,,,是,否,否,否,否,否,顺丰速运,YT40136468258,派送中,
2705000342,已退款,2026-05-22 16:50:50,2026-05-22 13:00:35,2026-05-29,2026-05-22 09:18:33,2026-05-24,有机红枣夹核桃500g,PD00007,SP00007,SKU016,1000g礼盒,SKU016,1000g礼盒,ST016,食品生鲜,坚果零食,红枣,夹心红枣,5,69.00,345.00,292.20,290.45,0.00,21.12,18.48,13.20,0.00,1.75,0.00,0.00,0.00,144.03,发错货/漏发,仅退款,退货退款,河北省,石家庄,海淀区,石家庄市海淀区南京路146号,用户550,14914450658,,,小程序,否,否,否,,支付宝,否,,,否,否,否,否,否,否,极兔速递,YT15472094009,运输中,集运
2705000283,已退款,2026-05-22 16:57:54,2026-05-22 03:35:06,2026-05-23,2026-05-22 20:48:21,2026-05-24,女士防晒衣轻薄透气,PD00006,SP00006,SKU014,L码-粉色,SKU014,L码-粉色,ST014,服饰内衣,女装,外套,防晒衣,5,69.00,345.00,281.15,279.46,0.00,25.54,22.35,15.96,0.00,1.69,0.00,0.00,0.00,105.04,七天无理由退货,仅退款,退货退款,江苏省,南京,南山区,南京市南山区南京路11号,用户575,19485442566,,要赠品,网页,否,否,否,,支付宝,否,,商家,否,否,否,否,否,否,极兔速递,YT74760599835,运输中,
2705000325,已付款,2026-05-22 17:06:46,2026-05-24 04:20:36,2026-05-27,2026-05-22 06:17:23,2026-05-24,男士运动休闲鞋透气款,PD00005,SP00005,SKU011,40码-黑色,SKU011,40码-黑色,ST011,运动户外,运动鞋服,运动鞋,跑步鞋,2,119.00,238.00,223.40,222.06,0.00,5.84,5.11,3.65,0.00,1.34,0.00,0.00,0.00,0.00,,,,河南省,郑州,南山区,郑州市南山区长安街269号,用户168,13996544662,,,APP-iOS,否,否,否,,花呗分期,否,,,否,否,否,否,否,否,圆通速递,YT26303413045,运输中,
2705000296,已取消,2026-05-23 00:28:20,,,2026-05-23 00:27:22,2026-05-25,男士运动休闲鞋透气款,PD00005,SP00005,SKU012,41码-白色,SKU012,41码-白色,ST012,运动户外,运动鞋服,运动鞋,跑步鞋,1,119.00,119.00,110.85,110.18,0.00,3.26,2.85,2.04,0.00,0.67,0.00,0.00,0.00,0.00,,,,北京市,北京,浦东新区,北京市浦东新区中山路249号,用户131,17198785942,,老客户,网页,否,否,否,,微信支付,否,,,否,否,否,否,否,否,顺丰速运,YT92342417778,,
2705000474,已付款,2026-05-23 01:47:26,2026-05-24 21:51:30,2026-05-27,2026-05-23 16:09:07,2026-05-25,桌面手机支架可折叠,PD00008,SP00008,SKU018,升级款-银色,SKU018,升级款-银色,ST018,数码电器,手机配件,支架,桌面支架,1,29.90,29.90,26.18,26.02,0.00,0.89,0.78,0.55,1.50,0.16,0.00,0.00,0.00,9.96,七天无理由退货,仅退款,退款成功,山东省,青岛,海淀区,青岛市海淀区长安街131号,用户419,13414918379,,,网页,否,否,否,,多多支付,否,6,,否,否,否,否,否,否,圆通速递,YT83181975780,已签收,
2705000107,已退款,2026-05-23 02:00:47,2026-05-24 12:29:28,2026-05-29,2026-05-23 18:43:02,2026-05-25,男士运动休闲鞋透气款,PD00005,SP00005,SKU010,39码-黑色,SKU010,39码-黑色,ST010,运动户外,运动鞋服,运动鞋,跑步鞋,2,119.00,238.00,210.38,209.12,0.00,11.05,9.67,6.90,0.00,1.26,0.00,0.00,0.00,179.83,卖家发错尺码,退货退款,退款成功,辽宁省,沈阳,西城区,沈阳市西城区解放路176号,用户534,15198264893,,,APP-Android,否,否,否,,花呗分期,否,,,否,否,否,是,否,是,中通快递,YT83753392793,已签收,
2705000016,已付款,2026-05-23 09:01:05,2026-05-26 09:57:43,2026-06-02,2026-05-23 23:04:20,2026-05-25,男士运动休闲鞋透气款,PD00005,SP00005,SKU011,40码-黑色,SKU011,40码-黑色,ST011,运动户外,运动鞋服,运动鞋,跑步鞋,1,119.00,119.00,95.85,95.27,0.00,6.88,6.02,4.30,5.95,0.58,0.00,0.00,0.00,0.00,,,,四川省,成都,南山区,成都市南山区长安街165号,用户502,17228420302,,,APP-iOS,否,否,否,,多多支付,否,,,否,否,否,否,否,否,圆通速递,YT39637656463,运输中,转运
2705000229,已付款,2026-05-23 11:33:14,2026-05-26 09:40:51,2026-05-28,2026-05-23 21:15:01,2026-05-25,女士防晒衣轻薄透气,PD00006,SP00006,SKU013,M码-浅蓝,SKU013,M码-浅蓝,ST013,服饰内衣,女装,外套,防晒衣,1,69.00,69.00,58.78,58.43,0.00,2.71,2.37,1.69,3.45,0.35,0.00,0.00,0.00,0.00,,,,云南省,昆明,朝阳区,昆明市朝阳区中山路134号,用户922,15253780987,,要赠品,小程序,否,否,否,,花呗分期,否,,,否,否,否,否,否,否,圆通速递,YT47355783688,已签收,
2705000354,已付款,2026-05-23 14:21:50,2026-05-24 19:47:43,2026-05-28,2026-05-23 13:54:03,2026-05-25,儿童益智积木拼装玩具,PD00003,SP00003,SKU007,大颗粒200粒,SKU007,大颗粒200粒,ST007,母婴玩具,益智玩具,积木,大颗粒积木,3,99.00,297.00,212.60,211.32,0.00,27.82,24.34,17.39,14.85,1.28,0.00,0.00,0.00,0.00,,,,陕西省,西安,南山区,西安市南山区人民路249号,用户300,14364206835,,,APP-iOS,是,否,否,,多多支付,否,,,否,否,否,否,否,否,韵达快递,YT86129792733,运输中,
2705000472,已退款,2026-05-23 14:31:50,2026-05-25 11:12:57,2026-05-29,2026-05-23 11:50:04,2026-05-25,无线蓝牙耳机Pro版,PD00002,SP00002,SKU005,白色降噪版,SKU005,白色降噪版,ST005,数码电器,影音设备,耳机,无线耳机,1,189.00,189.00,171.00,169.97,0.00,7.20,6.30,4.50,0.00,1.03,0.00,0.00,0.00,151.75,卖家发错尺码,退货退款,退货退款,辽宁省,沈阳,天河区,沈阳市天河区解放路83号,用户725,19233965338,,,H5,否,否,否,,支付宝,否,,,否,否,否,否,否,否,申通快递,YT91877056230,运输中,
2705000376,已签收,2026-05-23 15:24:38,2026-05-25 03:38:47,2026-05-29,2026-05-23 14:39:37,2026-05-25,夏季冰丝凉席三件套,PD00001,SP00001,SKU001,1.5m床-灰色,SKU001,1.5m床-灰色,ST001,家居生活,床上用品,凉席,冰丝凉席,3,89.00,267.00,233.83,231.49,0.00,13.27,11.61,8.29,0.00,2.34,76.71,0.00,0.00,70.72,收到商品破损,仅退款,退货退款,福建省,厦门,西城区,厦门市西城区南京路177号,用户990,16729958329,,,APP-iOS,否,否,否,,微信支付,否,,,否,否,否,否,否,否,圆通速递,YT12742797425,运输中,
2705000347,待发货,2026-05-23 17:27:04,2026-05-23 18:38:54,2026-05-24,2026-05-23 07:49:17,2026-05-25,儿童益智积木拼装玩具,PD00003,SP00003,SKU006,大颗粒100粒,SKU006,大颗粒100粒,ST006,母婴玩具,益智玩具,积木,大颗粒积木,5,59.00,295.00,265.77,264.18,0.00,11.69,10.23,7.31,0.00,1.59,0.00,0.00,0.00,254.40,卖家发错尺码,退货退款,退款成功,江苏省,南京,锦江区,南京市锦江区建设路30号,用户907,18538420827,请尽快发货,,H5,否,否,否,,微信支付,否,,,否,否,否,否,否,否,中通快递,YT16998485931,派送中,
2705000224,已退款,2026-05-23 17:51:14,2026-05-24 18:41:15,2026-05-27,2026-05-23 18:41:53,2026-05-25,桌面手机支架可折叠,PD00008,SP00008,SKU017,基础款-黑色,SKU017,基础款-黑色,ST017,数码电器,手机配件,支架,桌面支架,1,19.90,19.90,18.47,18.36,0.00,0.18,0.15,0.11,0.99,0.11,0.00,0.00,0.00,6.92,卖家发错尺码,退货退款,退货退款,重庆市,重庆,西城区,重庆市西城区南京路236号,用户901,13732525746,,,网页,否,否,否,,微信支付,否,,,否,否,否,否,否,否,圆通速递,YT34907800184,已签收,
2705000198,待发货,2026-05-23 19:16:23,2026-05-24 14:34:00,2026-05-30,2026-05-23 19:29:25,2026-05-25,儿童益智积木拼装玩具,PD00003,SP00003,SKU006,大颗粒100粒,SKU006,大颗粒100粒,ST006,母婴玩具,益智玩具,积木,大颗粒积木,2,59.00,118.00,85.95,85.43,0.00,10.46,9.15,6.54,5.90,0.52,0.00,0.00,0.00,0.00,,,,江苏省,南京,浦东新区,南京市浦东新区长安街261号,用户996,14316639657,,,H5,否,否,否,,微信支付,否,,,否,否,否,否,否,否,邮政快递,YT79766723334,运输中,
2705000076,待发货,2026-05-24 01:13:20,2026-05-26 23:10:51,2026-06-01,2026-05-24 23:46:11,2026-05-26,儿童益智积木拼装玩具,PD00003,SP00003,SKU007,大颗粒200粒,SKU007,大颗粒200粒,ST007,母婴玩具,益智玩具,积木,大颗粒积木,1,99.00,99.00,71.73,71.30,0.00,8.93,7.81,5.58,4.95,0.43,0.00,0.00,0.00,0.00,,,,湖北省,武汉,锦江区,武汉市锦江区建设路69号,用户322,15998447284,,,小程序,否,否,否,,支付宝,否,,,否,否,否,否,否,否,圆通速递,YT13616818889,运输中,
2705000495,已退款,2026-05-24 01:45:34,2026-05-24 13:49:09,2026-05-28,2026-05-24 00:15:03,2026-05-26,女士防晒衣轻薄透气,PD00006,SP00006,SKU013,M码-浅蓝,SKU013,M码-浅蓝,ST013,服饰内衣,女装,外套,防晒衣,1,69.00,69.00,64.93,64.28,0.00,0.25,0.22,0.15,3.45,0.65,0.00,0.00,0.00,48.66,卖家发错尺码,退货退款,退款成功,湖北省,武汉,东城区,武汉市东城区人民路116号,用户236,14500634102,,,网页,否,否,否,,花呗分期,否,,,否,否,否,否,否,否,圆通速递,YT88882569427,已签收,
2705000425,已发货,2026-05-24 03:33:57,2026-05-27 08:31:35,2026-05-28,2026-05-24 00:24:11,2026-05-26,不锈钢保温杯大容量,PD00004,SP00004,SKU008,500ml-黑色,SKU008,500ml-黑色,ST008,家居生活,餐饮用具,保温杯,不锈钢保温杯,2,45.00,90.00,87.29,86.42,0.00,1.08,0.95,0.68,0.00,0.87,0.00,0.00,0.00,0.00,,,,安徽省,合肥,锦江区,合肥市锦江区建设路70号,用户319,13267120835,,,H5,否,否,否,,微信支付,否,,,否,是,否,否,否,否,邮政快递,YT15218471457,运输中,
2705000268,已付款,2026-05-24 08:11:00,2026-05-24 17:36:14,2026-05-31,2026-05-24 04:04:44,2026-05-26,无线蓝牙耳机Pro版,PD00002,SP00002,SKU004,黑色标准版,SKU004,黑色标准版,ST004,数码电器,影音设备,耳机,无线耳机,1,129.00,129.00,95.90,95.32,0.00,10.66,9.33,6.66,6.45,0.58,0.00,0.00,0.00,0.00,,,,四川省,成都,浦东新区,成都市浦东新区人民路90号,用户598,14336014432,到货前短信通知,,H5,否,否,否,,支付宝,否,,,否,否,否,否,否,否,顺丰速运,YT81227275899,运输中,
2705000184,已退款,2026-05-24 08:31:05,2026-05-24 03:51:50,2026-05-30,2026-05-24 06:44:49,2026-05-26,夏季冰丝凉席三件套,PD00001,SP00001,SKU003,1.5m床-蓝色,SKU003,1.5m床-蓝色,ST003,家居生活,床上用品,凉席,冰丝凉席,2,89.00,178.00,169.08,168.07,0.00,3.57,3.12,2.23,0.00,1.01,0.00,0.00,0.00,137.43,物流太慢,仅退款,退款成功,北京市,北京,浦东新区,北京市浦东新区长安街112号,用户883,16303703626,请尽快发货,,H5,否,否,否,,花呗分期,否,,,否,否,否,否,否,是,圆通速递,YT56278110035,派送中,
2705000365,已取消,2026-05-24 10:51:53,,,2026-05-24 18:14:02,2026-05-26,夏季冰丝凉席三件套,PD00001,SP00001,SKU002,1.8m床-灰色,SKU002,1.8m床-灰色,ST002,家居生活,床上用品,凉席,冰丝凉席,1,109.00,109.00,82.80,82.30,0.00,8.30,7.26,5.19,5.45,0.50,0.00,0.00,0.00,0.00,,,,河北省,石家庄,海淀区,石家庄市海淀区南京路72号,用户711,13862047061,,,H5,否,否,否,,微信支付,否,,买家,否,否,否,否,否,否,韵达快递,YT54955496628,,
2705000284,待发货,2026-05-24 10:57:28,2026-05-27 14:37:24,2026-05-29,2026-05-24 18:45:10,2026-05-26,女士防晒衣轻薄透气,PD00006,SP00006,SKU013,M码-浅蓝,SKU013,M码-浅蓝,ST013,服饰内衣,女装,外套,防晒衣,2,69.00,138.00,120.81,119.60,0.00,6.87,6.02,4.30,0.00,1.21,0.00,0.00,0.00,87.18,商品与描述不符,仅退款,退款成功,四川省,成都,东城区,成都市东城区解放路59号,用户518,19410450009,,,APP-Android,否,否,否,,微信支付,否,,,否,否,否,否,否,否,顺丰速运,YT55530739257,运输中,
2705000208,已发货,2026-05-24 11:52:52,2026-05-27 18:03:00,2026-05-29,2026-05-24 11:43:17,2026-05-26,女士防晒衣轻薄透气,PD00006,SP00006,SKU014,L码-粉色,SKU014,L码-粉色,ST014,服饰内衣,女装,外套,防晒衣,3,69.00,207.00,175.15,174.10,0.00,12.74,11.15,7.96,0.00,1.05,0.00,0.00,0.00,0.00,,,,天津市,天津,海淀区,天津市海淀区解放路261号,用户530,15627102410,,,H5,否,否,否,,微信支付,否,12,,否,否,否,否,否,否,顺丰速运,YT26622980529,运输中,
2705000316,已签收,2026-05-24 13:33:48,2026-05-24 12:11:07,2026-05-25,2026-05-24 20:31:55,2026-05-26,夏季冰丝凉席三件套,PD00001,SP00001,SKU002,1.8m床-灰色,SKU002,1.8m床-灰色,ST002,家居生活,床上用品,凉席,冰丝凉席,1,109.00,109.00,108.45,107.80,0.00,0.22,0.19,0.14,0.00,0.65,0.00,0.00,0.00,0.00,,,,江苏省,南京,锦江区,南京市锦江区解放路177号,用户668,19759027114,,,小程序,否,否,否,,微信支付,否,,,否,否,否,是,否,否,极兔速递,YT28535501235,已签收,
2705000145,已退款,2026-05-24 15:16:11,2026-05-27 23:33:00,2026-06-03,2026-05-24 16:34:30,2026-05-26,女士防晒衣轻薄透气,PD00006,SP00006,SKU013,M码-浅蓝,SKU013,M码-浅蓝,ST013,服饰内衣,女装,外套,防晒衣,3,69.00,207.00,174.85,173.80,0.00,8.72,7.63,5.45,10.35,1.05,0.00,0.00,0.00,119.91,收到商品破损,退货退款,退货退款,天津市,天津,朝阳区,天津市朝阳区中山路91号,用户896,16587336552,,,APP-Android,是,否,否,,多多支付,否,6,,否,否,否,否,否,否,邮政快递,YT80094766844,派送中,
2705000055,待发货,2026-05-24 19:10:32,2026-05-24 05:20:46,2026-05-27,2026-05-24 18:15:13,2026-05-26,女士防晒衣轻薄透气,PD00006,SP00006,SKU014,L码-粉色,SKU014,L码-粉色,ST014,服饰内衣,女装,外套,防晒衣,2,69.00,138.00,117.17,116.47,0.00,5.57,4.88,3.48,6.90,0.70,0.00,0.00,0.00,0.00,,,换货,上海市,上海,朝阳区,上海市朝阳区中山路262号,用户508,14331905508,麻烦包装好一点,,网页,否,否,否,,微信支付,否,,,否,否,否,否,否,否,圆通速递,YT92905841769,派送中,
2705000277,已签收,2026-05-25 01:12:22,2026-05-27 22:18:41,2026-05-29,2026-05-25 01:47:12,2026-05-27,不锈钢保温杯大容量,PD00004,SP00004,SKU008,500ml-黑色,SKU008,500ml-黑色,ST008,家居生活,餐饮用具,保温杯,不锈钢保温杯,1,45.00,45.00,42.47,42.22,0.00,0.11,0.10,0.07,2.25,0.25,0.00,0.00,0.00,0.00,,,,湖北省,武汉,武侯区,武汉市武侯区南京路176号,用户196,19376678714,,,小程序,否,否,否,,支付宝,否,,买家,否,否,否,否,否,否,中通快递,YT70163810671,运输中,
2705000286,已取消,2026-05-25 03:25:07,,,2026-05-25 23:13:20,2026-05-27,无线蓝牙耳机Pro版,PD00002,SP00002,SKU005,白色降噪版,SKU005,白色降噪版,ST005,数码电器,影音设备,耳机,无线耳机,2,189.00,378.00,332.69,330.69,0.00,18.12,15.86,11.33,0.00,2.00,0.00,0.00,0.00,0.00,,,,陕西省,西安,南山区,西安市南山区建设路62号,用户125,17773719634,,,网页,否,否,否,,多多支付,否,12,,否,否,否,否,否,是,申通快递,YT68639437861,,
2705000181,已取消,2026-05-25 06:23:45,,,2026-05-25 00:31:13,2026-05-27,桌面手机支架可折叠,PD00008,SP00008,SKU017,基础款-黑色,SKU017,基础款-黑色,ST017,数码电器,手机配件,支架,桌面支架,3,19.90,59.70,57.25,56.91,0.00,0.98,0.86,0.61,0.00,0.34,0.00,0.00,0.00,0.00,,,,湖南省,长沙,朝阳区,长沙市朝阳区解放路31号,用户971,18143030804,,,APP-Android,否,否,否,,支付宝,否,,,否,否,否,否,否,否,韵达快递,YT63193742348,,
2705000115,已退款,2026-05-25 06:24:33,2026-05-27 22:44:09,2026-05-28,2026-05-25 21:06:58,2026-05-27,夏季冰丝凉席三件套,PD00001,SP00001,SKU001,1.5m床-灰色,SKU001,1.5m床-灰色,ST001,家居生活,床上用品,凉席,冰丝凉席,1,89.00,89.00,86.69,86.17,0.00,0.92,0.81,0.58,0.00,0.52,0.00,0.00,0.00,48.20,不喜欢/效果不好,退货退款,退货退款,四川省,成都,浦东新区,成都市浦东新区中山路196号,用户910,18261947214,,,APP-Android,否,否,否,,花呗分期,否,,,是,否,否,否,否,否,申通快递,YT44219931965,运输中,
2705000512,已发货,2026-05-25 08:11:56,2026-05-27 02:21:47,2026-05-31,2026-05-25 14:33:22,2026-05-27,不锈钢保温杯大容量,PD00004,SP00004,SKU009,800ml-银色,SKU009,800ml-银色,ST009,家居生活,餐饮用具,保温杯,不锈钢保温杯,5,65.00,325.00,321.85,319.92,0.00,1.26,1.10,0.79,0.00,1.93,0.00,0.00,0.00,0.00,,,,陕西省,西安,东城区,西安市东城区中山路90号,用户746,17495101662,,老客户,APP-Android,否,否,否,,微信支付,否,,,否,否,否,否,否,否,圆通速递,YT38570240329,派送中,
2705000453,已取消,2026-05-25 14:14:04,,,2026-05-25 12:53:26,2026-05-27,不锈钢保温杯大容量,PD00004,SP00004,SKU009,800ml-银色,SKU009,800ml-银色,ST009,家居生活,餐饮用具,保温杯,不锈钢保温杯,1,65.00,65.00,61.50,61.13,0.00,0.10,0.09,0.06,3.25,0.37,0.00,0.00,0.00,0.00,,,,江西省,南昌,西城区,南昌市西城区长安街262号,用户469,19512423964,,,APP-Android,否,否,否,,微信支付,否,,,否,否,否,否,否,否,中通快递,YT99494017865,,
2705000049,待发货,2026-05-25 17:05:57,2026-05-27 18:24:52,2026-05-31,2026-05-25 08:26:34,2026-05-27,无线蓝牙耳机Pro版,PD00002,SP00002,SKU005,白色降噪版,SKU005,白色降噪版,ST005,数码电器,影音设备,耳机,无线耳机,1,189.00,189.00,150.87,149.36,0.00,11.47,10.04,7.17,9.45,1.51,0.00,0.00,0.00,0.00,,,换货,广东省,广州,西城区,广州市西城区建设路137号,用户147,18772456670,,,H5,否,否,否,,微信支付,否,,,否,否,否,否,否,是,申通快递,YT96303142814,已签收,
2705000450,已签收,2026-05-25 18:10:37,2026-05-28 15:06:30,2026-05-30,2026-05-25 05:20:23,2026-05-27,不锈钢保温杯大容量,PD00004,SP00004,SKU009,800ml-银色,SKU009,800ml-银色,ST009,家居生活,餐饮用具,保温杯,不锈钢保温杯,2,65.00,130.00,103.65,103.03,0.00,7.94,6.95,4.96,6.50,0.62,0.00,0.00,0.00,0.00,,,,陕西省,西安,东城区,西安市东城区人民路145号,用户687,16300471533,,,APP-Android,否,否,否,,微信支付,否,,,否,否,否,否,否,否,极兔速递,YT79204537084,运输中,
2705000466,已退款,2026-05-25 19:34:42,2026-05-27 13:46:34,2026-06-02,2026-05-25 13:42:20,2026-05-27,桌面手机支架可折叠,PD00008,SP00008,SKU017,基础款-黑色,SKU017,基础款-黑色,ST017,数码电器,手机配件,支架,桌面支架,1,19.90,19.90,19.45,19.33,0.00,0.18,0.16,0.11,0.00,0.12,0.00,0.00,0.00,13.90,质量问题,仅退款,退款成功,重庆市,重庆,西城区,重庆市西城区解放路11号,用户610,15165909905,,,APP-Android,否,否,否,,微信支付,否,,,否,否,否,否,否,否,邮政快递,YT89751706029,运输中,
2705000154,已完成,2026-05-25 19:49:15,2026-05-26 02:52:58,2026-06-01,2026-05-25 05:21:40,2026-05-27,儿童益智积木拼装玩具,PD00003,SP00003,SKU006,大颗粒100粒,SKU006,大颗粒100粒,ST006,母婴玩具,益智玩具,积木,大颗粒积木,1,59.00,59.00,51.25,50.94,0.00,3.10,2.71,1.94,0.00,0.31,0.00,0.00,0.00,0.00,,,,安徽省,合肥,海淀区,合肥市海淀区人民路156号,用户772,19667924491,,,H5,否,否,否,,多多支付,否,,,否,否,否,否,否,否,极兔速递,YT68893474488,已签收,
2705000195,已签收,2026-05-25 21:45:56,2026-05-26 03:36:37,2026-05-27,2026-05-25 14:46:29,2026-05-27,不锈钢保温杯大容量,PD00004,SP00004,SKU008,500ml-黑色,SKU008,500ml-黑色,ST008,家居生活,餐饮用具,保温杯,不锈钢保温杯,1,45.00,45.00,32.10,31.78,0.00,4.26,3.73,2.66,2.25,0.32,0.00,0.00,0.00,0.00,,,,广东省,广州,福田区,广州市福田区解放路29号,用户185,18289569198,,,小程序,否,是,否,,多多支付,否,6,,是,否,否,否,否,否,圆通速递,YT17985431540,运输中,
2705000122,已退款,2026-05-26 02:49:31,2026-05-27 11:08:15,2026-05-31,2026-05-26 08:27:30,2026-05-28,女士防晒衣轻薄透气,PD00006,SP00006,SKU014,L码-粉色,SKU014,L码-粉色,ST014,服饰内衣,女装,外套,防晒衣,1,69.00,69.00,59.47,58.88,0.00,3.81,3.34,2.38,0.00,0.59,0.00,0.00,0.00,22.14,卖家发错尺码,仅退款,退款成功,广东省,广州,福田区,广州市福田区南京路293号,用户749,16879308863,,老客户,小程序,否,否,否,,花呗分期,否,,,否,否,否,否,否,否,极兔速递,YT40447235139,派送中,转运
2705000222,已取消,2026-05-26 03:03:22,,,2026-05-26 18:58:41,2026-05-28,儿童益智积木拼装玩具,PD00003,SP00003,SKU007,大颗粒200粒,SKU007,大颗粒200粒,ST007,母婴玩具,益智玩具,积木,大颗粒积木,1,99.00,99.00,89.40,88.86,0.00,3.84,3.36,2.40,0.00,0.54,0.00,0.00,0.00,0.00,,,,天津市,天津,天河区,天津市天河区建设路150号,用户302,16990302390,,,APP-iOS,否,否,否,,微信支付,否,,,否,否,否,否,否,否,中通快递,YT34576423463,,
2705000403,已退款,2026-05-26 04:05:55,2026-05-28 16:25:28,2026-06-02,2026-05-26 08:26:54,2026-05-28,夏季冰丝凉席三件套,PD00001,SP00001,SKU002,1.8m床-灰色,SKU002,1.8m床-灰色,ST002,家居生活,床上用品,凉席,冰丝凉席,1,109.00,109.00,84.82,84.31,0.00,9.67,8.46,6.05,0.00,0.51,0.00,0.00,0.00,50.88,卖家发错尺码,仅退款,退款成功,湖南省,长沙,南山区,长沙市南山区解放路5号,用户718,19819650472,,,APP-iOS,否,否,否,,多多支付,否,,,否,否,否,否,否,是,顺丰速运,YT65171115497,派送中,
2705000276,已发货,2026-05-26 05:21:46,2026-05-26 06:20:01,2026-05-27,2026-05-26 13:49:14,2026-05-28,女士防晒衣轻薄透气,PD00006,SP00006,SKU013,M码-浅蓝,SKU013,M码-浅蓝,ST013,服饰内衣,女装,外套,防晒衣,1,69.00,69.00,53.71,53.39,0.00,6.12,5.35,3.82,0.00,0.32,0.00,0.00,0.00,0.00,,,,辽宁省,沈阳,海淀区,沈阳市海淀区中山路257号,用户137,18945635931,,,小程序,否,否,否,,支付宝,否,,,否,否,否,否,否,否,极兔速递,YT45359601179,已签收,
2705000267,已完成,2026-05-26 09:20:19,2026-05-27 11:59:47,2026-06-03,2026-05-26 11:17:36,2026-05-28,有机红枣夹核桃500g,PD00007,SP00007,SKU015,500g袋装,SKU015,500g袋装,ST015,食品生鲜,坚果零食,红枣,夹心红枣,1,39.00,39.00,28.60,28.43,0.00,3.38,2.96,2.11,1.95,0.17,0.00,0.00,0.00,0.00,,,,河北省,石家庄,南山区,石家庄市南山区长安街207号,用户876,17153772546,麻烦包装好一点,,网页,否,否,否,,多多支付,否,3,,否,否,否,否,否,否,中通快递,YT95959274049,已签收,
2705000106,已发货,2026-05-26 13:25:09,2026-05-28 07:55:34,2026-06-04,2026-05-26 19:48:57,2026-05-28,无线蓝牙耳机Pro版,PD00002,SP00002,SKU004,黑色标准版,SKU004,黑色标准版,ST004,数码电器,影音设备,耳机,无线耳机,1,129.00,129.00,121.15,120.42,0.00,3.14,2.75,1.96,0.00,0.73,0.00,0.00,0.00,0.00,,,,广东省,广州,朝阳区,广州市朝阳区南京路136号,用户175,14390869204,,,H5,否,否,否,,微信支付,否,,,否,否,否,否,否,否,极兔速递,YT80825348034,运输中,
2705000249,已退款,2026-05-26 14:16:27,2026-05-27 13:11:59,2026-05-29,2026-05-26 17:07:59,2026-05-28,有机红枣夹核桃500g,PD00007,SP00007,SKU015,500g袋装,SKU015,500g袋装,ST015,食品生鲜,坚果零食,红枣,夹心红枣,2,39.00,78.00,65.85,65.45,0.00,4.86,4.25,3.04,0.00,0.40,0.00,0.00,0.00,54.84,发错货/漏发,仅退款,退款成功,陕西省,西安,东城区,西安市东城区人民路141号,用户614,16108402724,,,小程序,否,否,否,,微信支付,否,,,否,否,否,否,否,否,极兔速递,YT26711966542,运输中,
2705000431,已取消,2026-05-26 16:30:13,,,2026-05-26 06:15:06,2026-05-28,桌面手机支架可折叠,PD00008,SP00008,SKU018,升级款-银色,SKU018,升级款-银色,ST018,数码电器,手机配件,支架,桌面支架,1,29.90,29.90,25.98,25.82,0.00,1.57,1.37,0.98,0.00,0.16,0.00,0.00,0.00,0.00,,,,广西,南宁,南山区,南宁市南山区解放路125号,用户258,14701287385,,,APP-Android,否,否,否,,支付宝,否,3,,是,否,否,否,否,否,顺丰速运,YT95511779736,,
2705000486,已发货,2026-05-26 17:05:26,2026-05-27 16:51:57,2026-05-29,2026-05-26 20:55:08,2026-05-28,无线蓝牙耳机Pro版,PD00002,SP00002,SKU004,黑色标准版,SKU004,黑色标准版,ST004,数码电器,影音设备,耳机,无线耳机,3,129.00,387.00,301.45,299.64,0.00,34.22,29.94,21.39,0.00,1.81,0.00,0.00,0.00,0.00,,,,浙江省,杭州,西城区,杭州市西城区中山路88号,用户363,19779241367,,,网页,否,否,否,,微信支付,否,,,否,否,否,否,否,否,极兔速递,YT99498967834,运输中,
2705000387,已发货,2026-05-26 17:09:22,2026-05-26 11:38:24,2026-06-01,2026-05-26 20:49:25,2026-05-28,男士运动休闲鞋透气款,PD00005,SP00005,SKU011,40码-黑色,SKU011,40码-黑色,ST011,运动户外,运动鞋服,运动鞋,跑步鞋,1,119.00,119.00,103.48,102.86,0.00,6.21,5.43,3.88,0.00,0.62,0.00,0.00,0.00,0.00,,,,云南省,昆明,浦东新区,昆明市浦东新区长安街140号,用户863,13780804947,,,H5,否,否,否,,支付宝,否,,,否,否,否,否,否,否,圆通速递,YT63753747802,运输中,
2705000066,已取消,2026-05-27 01:21:01,,,2026-05-27 17:29:51,2026-05-29,夏季冰丝凉席三件套,PD00001,SP00001,SKU002,1.8m床-灰色,SKU002,1.8m床-灰色,ST002,家居生活,床上用品,凉席,冰丝凉席,1,109.00,109.00,84.84,84.33,0.00,7.48,6.55,4.68,5.45,0.51,0.00,0.00,0.00,0.00,,,,安徽省,合肥,南山区,合肥市南山区解放路138号,用户367,13839928526,到货前短信通知,VIP客户,H5,否,否,否,,多多支付,否,,,是,否,否,否,否,否,极兔速递,YT93608487137,,
2705000367,已完成,2026-05-27 15:28:14,2026-05-28 05:39:22,2026-05-29,2026-05-27 17:57:43,2026-05-29,不锈钢保温杯大容量,PD00004,SP00004,SKU008,500ml-黑色,SKU008,500ml-黑色,ST008,家居生活,餐饮用具,保温杯,不锈钢保温杯,1,45.00,45.00,37.82,37.59,0.00,1.97,1.73,1.23,2.25,0.23,51.57,0.00,0.00,0.00,,,,北京市,北京,武侯区,北京市武侯区人民路69号,用户559,14548383569,,,H5,否,否,否,,花呗分期,否,,,否,否,否,否,否,否,圆通速递,YT25784330630,运输中,
2705000168,待发货,2026-05-27 18:48:38,2026-05-29 15:16:14,2026-06-01,2026-05-27 13:52:58,2026-05-29,桌面手机支架可折叠,PD00008,SP00008,SKU017,基础款-黑色,SKU017,基础款-黑色,ST017,数码电器,手机配件,支架,桌面支架,2,19.90,39.80,36.07,35.85,0.00,1.49,1.31,0.93,0.00,0.22,0.00,0.00,0.00,0.00,,,,湖北省,武汉,浦东新区,武汉市浦东新区人民路219号,用户580,16146579566,,,小程序,否,否,否,,花呗分期,否,,,否,否,否,否,否,否,顺丰速运,YT49595094274,运输中,
2705000147,已签收,2026-05-27 19:27:54,2026-05-29 04:52:07,2026-06-05,2026-05-27 09:14:43,2026-05-29,男士运动休闲鞋透气款,PD00005,SP00005,SKU011,40码-黑色,SKU011,40码-黑色,ST011,运动户外,运动鞋服,运动鞋,跑步鞋,1,119.00,119.00,99.33,98.73,0.00,5.49,4.80,3.43,5.95,0.60,0.00,0.00,0.00,71.59,不喜欢/效果不好,退货退款,退款成功,天津市,天津,西城区,天津市西城区建设路4号,用户241,14715673359,,,H5,是,否,否,,多多支付,否,,,否,否,否,否,否,否,韵达快递,YT58311649419,已签收,
2705000280,待发货,2026-05-27 21:17:22,2026-05-29 17:51:05,2026-06-04,2026-05-27 17:53:09,2026-05-29,有机红枣夹核桃500g,PD00007,SP00007,SKU015,500g袋装,SKU015,500g袋装,ST015,食品生鲜,坚果零食,红枣,夹心红枣,3,39.00,117.00,105.80,105.17,0.00,2.14,1.87,1.34,5.85,0.63,0.00,0.00,0.00,0.00,,,换货,天津市,天津,朝阳区,天津市朝阳区长安街197号,用户509,15200476967,,,APP-iOS,否,否,否,,支付宝,否,,,否,是,否,否,否,否,极兔速递,YT46616531029,运输中,