商户订单号,业务描述,收入金额（+元）,收入金额(元),收入金额,支出金额（-元）,支出金额(元),支出金额,发生时间,账务类型,发生金额,金额(元),金额
2705000103,订单结算收入,193.56,193.56,193.56,0.00,0.00,0.00,2026-04-01 12:15:51,订单结算,193.56,193.56,193.56
2705000103,平台技术服务费,0.00,0.00,0.00,1.17,1.17,1.17,2026-04-02 04:11:31,费用扣除,-1.17,1.17,1.17
2705000050,订单结算收入,63.49,63.49,63.49,0.00,0.00,0.00,2026-04-01 15:31:58,订单结算,63.49,63.49,63.49
2705000050,平台技术服务费,0.00,0.00,0.00,0.38,0.38,0.38,2026-04-02 19:03:30,费用扣除,-0.38,0.38,0.38
2705000069,订单结算收入,63.30,63.30,63.30,0.00,0.00,0.00,2026-04-01 19:18:20,订单结算,63.30,63.30,63.30
2705000069,平台技术服务费,0.00,0.00,0.00,0.38,0.38,0.38,2026-04-02 09:40:34,费用扣除,-0.38,0.38,0.38
2705000201,订单结算收入,893.70,893.70,893.70,0.00,0.00,0.00,2026-04-01 03:38:29,订单结算,893.70,893.70,893.70
2705000201,平台技术服务费,0.00,0.00,0.00,5.39,5.39,5.39,2026-04-02 21:00:45,费用扣除,-5.39,5.39,5.39
2705000246,订单结算收入,139.46,139.46,139.46,0.00,0.00,0.00,2026-04-01 07:57:42,订单结算,139.46,139.46,139.46
2705000246,平台技术服务费,0.00,0.00,0.00,0.84,0.84,0.84,2026-04-02 17:28:20,费用扣除,-0.84,0.84,0.84
2705000309,订单结算收入,99.29,99.29,99.29,0.00,0.00,0.00,2026-04-01 18:20:36,订单结算,99.29,99.29,99.29
2705000309,平台技术服务费,0.00,0.00,0.00,0.60,0.60,0.60,2026-04-02 09:54:35,费用扣除,-0.60,0.60,0.60
2705000192,订单结算收入,34.16,34.16,34.16,0.00,0.00,0.00,2026-04-01 02:09:20,订单结算,34.16,34.16,34.16
2705000192,平台技术服务费,0.00,0.00,0.00,0.35,0.35,0.35,2026-04-02 16:33:02,费用扣除,-0.35,0.35,0.35
2705000486,订单结算收入,21.61,21.61,21.61,0.00,0.00,0.00,2026-04-01 02:15:14,订单结算,21.61,21.61,21.61
2705000486,平台技术服务费,0.00,0.00,0.00,0.13,0.13,0.13,2026-04-02 18:24:36,费用扣除,-0.13,0.13,0.13
2705000466,订单结算收入,145.30,145.30,145.30,0.00,0.00,0.00,2026-04-01 06:31:39,订单结算,145.30,145.30,145.30
2705000466,平台技术服务费,0.00,0.00,0.00,0.88,0.88,0.88,2026-04-02 11:51:50,费用扣除,-0.88,0.88,0.88
2705000095,订单结算收入,50.96,50.96,50.96,0.00,0.00,0.00,2026-04-01 15:32:19,订单结算,50.96,50.96,50.96
2705000095,平台技术服务费,0.00,0.00,0.00,0.31,0.31,0.31,2026-04-02 04:13:12,费用扣除,-0.31,0.31,0.31
2705000050,004延迟发货罚款,0.00,0.00,0.00,44.43,44.43,44.43,2026-04-01 14:08:03,罚款扣款,-44.43,44.43,44.43
2705000173,订单结算收入,42.43,42.43,42.43,0.00,0.00,0.00,2026-04-02 20:32:12,订单结算,42.43,42.43,42.43
2705000173,平台技术服务费,0.00,0.00,0.00,0.26,0.26,0.26,2026-04-03 03:13:21,费用扣除,-0.26,0.26,0.26
2705000467,订单结算收入,92.62,92.62,92.62,0.00,0.00,0.00,2026-04-02 02:45:55,订单结算,92.62,92.62,92.62
2705000467,平台技术服务费,0.00,0.00,0.00,0.56,0.56,0.56,2026-04-03 01:17:44,费用扣除,-0.56,0.56,0.56
2705000052,订单结算收入,155.15,155.15,155.15,0.00,0.00,0.00,2026-04-02 10:28:00,订单结算,155.15,155.15,155.15
2705000052,平台技术服务费,0.00,0.00,0.00,0.94,0.94,0.94,2026-04-03 00:30:05,费用扣除,-0.94,0.94,0.94
2705000151,订单结算收入,35.22,35.22,35.22,0.00,0.00,0.00,2026-04-02 14:08:42,订单结算,35.22,35.22,35.22
2705000151,平台技术服务费,0.00,0.00,0.00,0.21,0.21,0.21,2026-04-03 10:09:15,费用扣除,-0.21,0.21,0.21
2705000340,订单结算收入,166.15,166.15,166.15,0.00,0.00,0.00,2026-04-02 13:56:33,订单结算,166.15,166.15,166.15
2705000340,平台技术服务费,0.00,0.00,0.00,1.00,1.00,1.00,2026-04-03 08:51:54,费用扣除,-1.00,1.00,1.00
2705000350,订单结算收入,262.89,262.89,262.89,0.00,0.00,0.00,2026-04-02 06:10:23,订单结算,262.89,262.89,262.89
2705000350,平台技术服务费,0.00,0.00,0.00,1.59,1.59,1.59,2026-04-03 12:53:15,费用扣除,-1.59,1.59,1.59
2705000225,订单结算收入,162.89,162.89,162.89,0.00,0.00,0.00,2026-04-02 22:16:47,订单结算,162.89,162.89,162.89
2705000225,平台技术服务费,0.00,0.00,0.00,0.98,0.98,0.98,2026-04-03 12:33:49,费用扣除,-0.98,0.98,0.98
2705000454,订单结算收入,143.62,143.62,143.62,0.00,0.00,0.00,2026-04-02 16:19:47,订单结算,143.62,143.62,143.62
2705000454,平台技术服务费,0.00,0.00,0.00,0.87,0.87,0.87,2026-04-03 17:45:10,费用扣除,-0.87,0.87,0.87
2705000146,订单结算收入,287.77,287.77,287.77,0.00,0.00,0.00,2026-04-02 23:09:51,订单结算,287.77,287.77,287.77
2705000146,平台技术服务费,0.00,0.00,0.00,1.74,1.74,1.74,2026-04-03 22:58:18,费用扣除,-1.74,1.74,1.74
2705000391,订单结算收入,48.48,48.48,48.48,0.00,0.00,0.00,2026-04-03 05:30:14,订单结算,48.48,48.48,48.48
2705000391,平台技术服务费,0.00,0.00,0.00,0.29,0.29,0.29,2026-04-04 04:31:15,费用扣除,-0.29,0.29,0.29
2705000274,订单结算收入,53.60,53.60,53.60,0.00,0.00,0.00,2026-04-03 02:00:11,订单结算,53.60,53.60,53.60
2705000274,平台技术服务费,0.00,0.00,0.00,0.32,0.32,0.32,2026-04-04 11:23:24,费用扣除,-0.32,0.32,0.32
2705000115,订单结算收入,92.99,92.99,92.99,0.00,0.00,0.00,2026-04-03 05:32:28,订单结算,92.99,92.99,92.99
2705000115,平台技术服务费,0.00,0.00,0.00,0.56,0.56,0.56,2026-04-04 23:50:29,费用扣除,-0.56,0.56,0.56
2705000254,订单结算收入,161.61,161.61,161.61,0.00,0.00,0.00,2026-04-03 12:59:15,订单结算,161.61,161.61,161.61
2705000254,平台技术服务费,0.00,0.00,0.00,0.98,0.98,0.98,2026-04-04 11:14:23,费用扣除,-0.98,0.98,0.98
2705000196,订单结算收入,64.89,64.89,64.89,0.00,0.00,0.00,2026-04-03 01:09:15,订单结算,64.89,64.89,64.89
2705000196,平台技术服务费,0.00,0.00,0.00,0.66,0.66,0.66,2026-04-04 07:55:52,费用扣除,-0.66,0.66,0.66
2705000132,订单结算收入,91.22,91.22,91.22,0.00,0.00,0.00,2026-04-03 00:22:11,订单结算,91.22,91.22,91.22
2705000132,平台技术服务费,0.00,0.00,0.00,0.55,0.55,0.55,2026-04-04 11:12:01,费用扣除,-0.55,0.55,0.55
2705000365,订单结算收入,414.97,414.97,414.97,0.00,0.00,0.00,2026-04-03 21:47:56,订单结算,414.97,414.97,414.97
2705000365,平台技术服务费,0.00,0.00,0.00,2.50,2.50,2.50,2026-04-04 05:22:49,费用扣除,-2.50,2.50,2.50
2705000439,订单结算收入,128.97,128.97,128.97,0.00,0.00,0.00,2026-04-03 16:24:37,订单结算,128.97,128.97,128.97
2705000439,平台技术服务费,0.00,0.00,0.00,0.78,0.78,0.78,2026-04-04 03:18:17,费用扣除,-0.78,0.78,0.78
2705000070,订单结算收入,168.04,168.04,168.04,0.00,0.00,0.00,2026-04-03 08:18:09,订单结算,168.04,168.04,168.04
2705000070,平台技术服务费,0.00,0.00,0.00,1.01,1.01,1.01,2026-04-04 19:39:22,费用扣除,-1.01,1.01,1.01
2705000513,订单结算收入,267.31,267.31,267.31,0.00,0.00,0.00,2026-04-04 03:10:48,订单结算,267.31,267.31,267.31
2705000513,平台技术服务费,0.00,0.00,0.00,1.61,1.61,1.61,2026-04-05 22:31:05,费用扣除,-1.61,1.61,1.61
2705000384,订单结算收入,107.64,107.64,107.64,0.00,0.00,0.00,2026-04-04 15:22:11,订单结算,107.64,107.64,107.64
2705000384,平台技术服务费,0.00,0.00,0.00,0.65,0.65,0.65,2026-04-05 07:12:00,费用扣除,-0.65,0.65,0.65
2705000040,订单结算收入,97.94,97.94,97.94,0.00,0.00,0.00,2026-04-04 15:45:24,订单结算,97.94,97.94,97.94
2705000040,平台技术服务费,0.00,0.00,0.00,0.59,0.59,0.59,2026-04-05 22:24:45,费用扣除,-0.59,0.59,0.59
2705000364,订单结算收入,81.78,81.78,81.78,0.00,0.00,0.00,2026-04-04 21:22:35,订单结算,81.78,81.78,81.78
2705000364,平台技术服务费,0.00,0.00,0.00,0.49,0.49,0.49,2026-04-05 20:30:57,费用扣除,-0.49,0.49,0.49
2705000481,订单结算收入,91.60,91.60,91.60,0.00,0.00,0.00,2026-04-04 11:40:33,订单结算,91.60,91.60,91.60
2705000481,平台技术服务费,0.00,0.00,0.00,0.55,0.55,0.55,2026-04-05 11:56:20,费用扣除,-0.55,0.55,0.55
2705000361,订单结算收入,240.35,240.35,240.35,0.00,0.00,0.00,2026-04-04 03:47:06,订单结算,240.35,240.35,240.35
2705000361,平台技术服务费,0.00,0.00,0.00,2.43,2.43,2.43,2026-04-05 00:45:06,费用扣除,-2.43,2.43,2.43
2705000339,订单结算收入,42.89,42.89,42.89,0.00,0.00,0.00,2026-04-04 19:24:30,订单结算,42.89,42.89,42.89
2705000339,平台技术服务费,0.00,0.00,0.00,0.26,0.26,0.26,2026-04-05 17:56:24,费用扣除,-0.26,0.26,0.26
2705000433,订单结算收入,45.28,45.28,45.28,0.00,0.00,0.00,2026-04-04 16:19:16,订单结算,45.28,45.28,45.28
2705000433,平台技术服务费,0.00,0.00,0.00,0.27,0.27,0.27,2026-04-05 09:22:03,费用扣除,-0.27,0.27,0.27
2705000307,订单结算收入,195.37,195.37,195.37,0.00,0.00,0.00,2026-04-04 13:26:22,订单结算,195.37,195.37,195.37
2705000307,平台技术服务费,0.00,0.00,0.00,1.18,1.18,1.18,2026-04-05 21:51:04,费用扣除,-1.18,1.18,1.18
2705000382,订单结算收入,106.11,106.11,106.11,0.00,0.00,0.00,2026-04-04 16:30:52,订单结算,106.11,106.11,106.11
2705000382,平台技术服务费,0.00,0.00,0.00,0.64,0.64,0.64,2026-04-05 01:38:02,费用扣除,-0.64,0.64,0.64
2705000004,订单结算收入,58.37,58.37,58.37,0.00,0.00,0.00,2026-04-04 19:47:34,订单结算,58.37,58.37,58.37
2705000004,平台技术服务费,0.00,0.00,0.00,0.35,0.35,0.35,2026-04-05 12:24:17,费用扣除,-0.35,0.35,0.35
2705000430,订单结算收入,62.34,62.34,62.34,0.00,0.00,0.00,2026-04-04 23:07:08,订单结算,62.34,62.34,62.34
2705000430,平台技术服务费,0.00,0.00,0.00,0.38,0.38,0.38,2026-04-05 09:51:33,费用扣除,-0.38,0.38,0.38
2705000144,订单结算收入,98.77,98.77,98.77,0.00,0.00,0.00,2026-04-04 00:26:48,订单结算,98.77,98.77,98.77
2705000144,平台技术服务费,0.00,0.00,0.00,0.60,0.60,0.60,2026-04-05 00:01:21,费用扣除,-0.60,0.60,0.60
2705000364,004延迟发货罚款,0.00,0.00,0.00,16.68,16.68,16.68,2026-04-04 18:32:07,罚款扣款,-16.68,16.68,16.68
2705000203,订单结算收入,219.87,219.87,219.87,0.00,0.00,0.00,2026-04-05 09:20:02,订单结算,219.87,219.87,219.87
2705000203,平台技术服务费,0.00,0.00,0.00,1.33,1.33,1.33,2026-04-06 00:41:42,费用扣除,-1.33,1.33,1.33
2705000029,订单结算收入,127.66,127.66,127.66,0.00,0.00,0.00,2026-04-05 21:17:56,订单结算,127.66,127.66,127.66
2705000029,平台技术服务费,0.00,0.00,0.00,0.77,0.77,0.77,2026-04-06 00:17:11,费用扣除,-0.77,0.77,0.77
2705000373,订单结算收入,142.12,142.12,142.12,0.00,0.00,0.00,2026-04-05 15:16:49,订单结算,142.12,142.12,142.12
2705000373,平台技术服务费,0.00,0.00,0.00,0.86,0.86,0.86,2026-04-06 09:18:40,费用扣除,-0.86,0.86,0.86
2705000518,订单结算收入,118.76,118.76,118.76,0.00,0.00,0.00,2026-04-05 08:08:23,订单结算,118.76,118.76,118.76
2705000518,平台技术服务费,0.00,0.00,0.00,0.72,0.72,0.72,2026-04-06 14:45:23,费用扣除,-0.72,0.72,0.72
2705000508,订单结算收入,66.87,66.87,66.87,0.00,0.00,0.00,2026-04-05 19:38:07,订单结算,66.87,66.87,66.87
2705000508,平台技术服务费,0.00,0.00,0.00,0.40,0.40,0.40,2026-04-06 16:36:26,费用扣除,-0.40,0.40,0.40
2705000338,订单结算收入,112.00,112.00,112.00,0.00,0.00,0.00,2026-04-05 21:18:56,订单结算,112.00,112.00,112.00
2705000338,平台技术服务费,0.00,0.00,0.00,0.68,0.68,0.68,2026-04-06 01:27:56,费用扣除,-0.68,0.68,0.68
2705000188,订单结算收入,87.80,87.80,87.80,0.00,0.00,0.00,2026-04-05 12:55:52,订单结算,87.80,87.80,87.80
2705000188,平台技术服务费,0.00,0.00,0.00,0.53,0.53,0.53,2026-04-06 23:36:04,费用扣除,-0.53,0.53,0.53
2705000188,0030002百亿补贴技术服务费,0.00,0.00,0.00,11.14,11.14,11.14,2026-04-05 09:48:40,技术服务费,-11.14,11.14,11.14
2705000394,订单结算收入,409.07,409.07,409.07,0.00,0.00,0.00,2026-04-06 09:02:29,订单结算,409.07,409.07,409.07
2705000394,平台技术服务费,0.00,0.00,0.00,2.47,2.47,2.47,2026-04-07 09:29:19,费用扣除,-2.47,2.47,2.47
2705000107,订单结算收入,14.93,14.93,14.93,0.00,0.00,0.00,2026-04-06 01:19:44,订单结算,14.93,14.93,14.93
2705000107,平台技术服务费,0.00,0.00,0.00,0.15,0.15,0.15,2026-04-07 01:20:34,费用扣除,-0.15,0.15,0.15
2705000499,订单结算收入,114.44,114.44,114.44,0.00,0.00,0.00,2026-04-06 11:08:00,订单结算,114.44,114.44,114.44
2705000499,平台技术服务费,0.00,0.00,0.00,0.69,0.69,0.69,2026-04-07 15:51:17,费用扣除,-0.69,0.69,0.69
2705000226,订单结算收入,255.29,255.29,255.29,0.00,0.00,0.00,2026-04-06 09:38:07,订单结算,255.29,255.29,255.29
2705000226,平台技术服务费,0.00,0.00,0.00,1.54,1.54,1.54,2026-04-07 19:55:19,费用扣除,-1.54,1.54,1.54
2705000202,订单结算收入,335.79,335.79,335.79,0.00,0.00,0.00,2026-04-06 16:06:19,订单结算,335.79,335.79,335.79
2705000202,平台技术服务费,0.00,0.00,0.00,2.03,2.03,2.03,2026-04-07 14:50:04,费用扣除,-2.03,2.03,2.03
2705000502,订单结算收入,106.38,106.38,106.38,0.00,0.00,0.00,2026-04-06 14:56:51,订单结算,106.38,106.38,106.38
2705000502,平台技术服务费,0.00,0.00,0.00,0.64,0.64,0.64,2026-04-07 12:56:44,费用扣除,-0.64,0.64,0.64
2705000030,订单结算收入,203.62,203.62,203.62,0.00,0.00,0.00,2026-04-06 04:47:12,订单结算,203.62,203.62,203.62
2705000030,平台技术服务费,0.00,0.00,0.00,1.23,1.23,1.23,2026-04-07 12:57:36,费用扣除,-1.23,1.23,1.23
2705000492,订单结算收入,160.49,160.49,160.49,0.00,0.00,0.00,2026-04-06 07:30:50,订单结算,160.49,160.49,160.49
2705000492,平台技术服务费,0.00,0.00,0.00,0.97,0.97,0.97,2026-04-07 07:05:32,费用扣除,-0.97,0.97,0.97
2705000180,订单结算收入,114.84,114.84,114.84,0.00,0.00,0.00,2026-04-06 18:03:30,订单结算,114.84,114.84,114.84
2705000180,平台技术服务费,0.00,0.00,0.00,0.69,0.69,0.69,2026-04-07 21:45:54,费用扣除,-0.69,0.69,0.69
2705000226,004延迟发货罚款,0.00,0.00,0.00,18.19,18.19,18.19,2026-04-06 16:04:01,罚款扣款,-18.19,18.19,18.19
2705000343,订单结算收入,42.34,42.34,42.34,0.00,0.00,0.00,2026-04-07 18:26:16,订单结算,42.34,42.34,42.34
2705000343,平台技术服务费,0.00,0.00,0.00,0.43,0.43,0.43,2026-04-08 09:02:38,费用扣除,-0.43,0.43,0.43
2705000410,订单结算收入,101.95,101.95,101.95,0.00,0.00,0.00,2026-04-07 00:54:17,订单结算,101.95,101.95,101.95
2705000410,平台技术服务费,0.00,0.00,0.00,0.62,0.62,0.62,2026-04-08 12:04:14,费用扣除,-0.62,0.62,0.62
2705000023,订单结算收入,218.27,218.27,218.27,0.00,0.00,0.00,2026-04-07 12:00:00,订单结算,218.27,218.27,218.27
2705000023,平台技术服务费,0.00,0.00,0.00,1.32,1.32,1.32,2026-04-08 15:32:42,费用扣除,-1.32,1.32,1.32
2705000100,订单结算收入,141.22,141.22,141.22,0.00,0.00,0.00,2026-04-07 18:45:16,订单结算,141.22,141.22,141.22
2705000100,平台技术服务费,0.00,0.00,0.00,0.85,0.85,0.85,2026-04-08 22:27:05,费用扣除,-0.85,0.85,0.85
2705000204,订单结算收入,55.57,55.57,55.57,0.00,0.00,0.00,2026-04-07 00:33:01,订单结算,55.57,55.57,55.57
2705000204,平台技术服务费,0.00,0.00,0.00,0.34,0.34,0.34,2026-04-08 14:58:58,费用扣除,-0.34,0.34,0.34
2705000182,订单结算收入,292.24,292.24,292.24,0.00,0.00,0.00,2026-04-07 16:16:37,订单结算,292.24,292.24,292.24
2705000182,平台技术服务费,0.00,0.00,0.00,1.76,1.76,1.76,2026-04-08 01:10:02,费用扣除,-1.76,1.76,1.76
2705000251,订单结算收入,144.15,144.15,144.15,0.00,0.00,0.00,2026-04-07 09:52:29,订单结算,144.15,144.15,144.15
2705000251,平台技术服务费,0.00,0.00,0.00,0.87,0.87,0.87,2026-04-08 10:24:40,费用扣除,-0.87,0.87,0.87
2705000033,订单结算收入,95.59,95.59,95.59,0.00,0.00,0.00,2026-04-07 11:07:50,订单结算,95.59,95.59,95.59
2705000033,平台技术服务费,0.00,0.00,0.00,0.58,0.58,0.58,2026-04-08 15:41:33,费用扣除,-0.58,0.58,0.58
2705000505,订单结算收入,159.04,159.04,159.04,0.00,0.00,0.00,2026-04-07 03:04:42,订单结算,159.04,159.04,159.04
2705000505,平台技术服务费,0.00,0.00,0.00,0.96,0.96,0.96,2026-04-08 10:23:26,费用扣除,-0.96,0.96,0.96
2705000410,006推广营销费,0.00,0.00,0.00,32.85,32.85,32.85,2026-04-07 19:39:33,营销费用,-32.85,32.85,32.85
2705000012,订单结算收入,372.77,372.77,372.77,0.00,0.00,0.00,2026-04-08 09:24:32,订单结算,372.77,372.77,372.77
2705000012,平台技术服务费,0.00,0.00,0.00,2.25,2.25,2.25,2026-04-09 15:43:04,费用扣除,-2.25,2.25,2.25
2705000440,订单结算收入,84.42,84.42,84.42,0.00,0.00,0.00,2026-04-08 03:23:33,订单结算,84.42,84.42,84.42
2705000440,平台技术服务费,0.00,0.00,0.00,0.51,0.51,0.51,2026-04-09 02:19:15,费用扣除,-0.51,0.51,0.51
2705000066,订单结算收入,128.67,128.67,128.67,0.00,0.00,0.00,2026-04-08 08:38:22,订单结算,128.67,128.67,128.67
2705000066,平台技术服务费,0.00,0.00,0.00,0.78,0.78,0.78,2026-04-09 03:23:00,费用扣除,-0.78,0.78,0.78
2705000337,订单结算收入,234.99,234.99,234.99,0.00,0.00,0.00,2026-04-08 14:46:29,订单结算,234.99,234.99,234.99
2705000337,平台技术服务费,0.00,0.00,0.00,1.42,1.42,1.42,2026-04-09 14:34:41,费用扣除,-1.42,1.42,1.42
2705000220,订单结算收入,57.91,57.91,57.91,0.00,0.00,0.00,2026-04-08 05:29:10,订单结算,57.91,57.91,57.91
2705000220,平台技术服务费,0.00,0.00,0.00,0.35,0.35,0.35,2026-04-09 17:54:40,费用扣除,-0.35,0.35,0.35
2705000460,订单结算收入,55.01,55.01,55.01,0.00,0.00,0.00,2026-04-08 17:26:30,订单结算,55.01,55.01,55.01
2705000460,平台技术服务费,0.00,0.00,0.00,0.33,0.33,0.33,2026-04-09 02:02:49,费用扣除,-0.33,0.33,0.33
2705000378,订单结算收入,286.14,286.14,286.14,0.00,0.00,0.00,2026-04-08 19:22:48,订单结算,286.14,286.14,286.14
2705000378,平台技术服务费,0.00,0.00,0.00,2.89,2.89,2.89,2026-04-09 10:22:16,费用扣除,-2.89,2.89,2.89
2705000460,004延迟发货罚款,0.00,0.00,0.00,43.31,43.31,43.31,2026-04-08 14:19:00,罚款扣款,-43.31,43.31,43.31
2705000071,订单结算收入,71.79,71.79,71.79,0.00,0.00,0.00,2026-04-09 02:57:13,订单结算,71.79,71.79,71.79
2705000071,平台技术服务费,0.00,0.00,0.00,0.43,0.43,0.43,2026-04-10 03:47:18,费用扣除,-0.43,0.43,0.43
2705000458,订单结算收入,200.16,200.16,200.16,0.00,0.00,0.00,2026-04-09 18:16:56,订单结算,200.16,200.16,200.16
2705000458,平台技术服务费,0.00,0.00,0.00,2.02,2.02,2.02,2026-04-10 21:47:45,费用扣除,-2.02,2.02,2.02
2705000345,订单结算收入,27.28,27.28,27.28,0.00,0.00,0.00,2026-04-09 20:38:42,订单结算,27.28,27.28,27.28
2705000345,平台技术服务费,0.00,0.00,0.00,0.16,0.16,0.16,2026-04-10 03:44:47,费用扣除,-0.16,0.16,0.16
2705000019,订单结算收入,37.49,37.49,37.49,0.00,0.00,0.00,2026-04-09 14:50:09,订单结算,37.49,37.49,37.49
2705000019,平台技术服务费,0.00,0.00,0.00,0.23,0.23,0.23,2026-04-10 02:07:40,费用扣除,-0.23,0.23,0.23
2705000000,订单结算收入,90.70,90.70,90.70,0.00,0.00,0.00,2026-04-09 08:59:00,订单结算,90.70,90.70,90.70
2705000000,平台技术服务费,0.00,0.00,0.00,0.92,0.92,0.92,2026-04-10 05:38:55,费用扣除,-0.92,0.92,0.92
2705000519,订单结算收入,60.67,60.67,60.67,0.00,0.00,0.00,2026-04-09 08:59:22,订单结算,60.67,60.67,60.67
2705000519,平台技术服务费,0.00,0.00,0.00,0.37,0.37,0.37,2026-04-10 19:04:57,费用扣除,-0.37,0.37,0.37
2705000437,订单结算收入,49.84,49.84,49.84,0.00,0.00,0.00,2026-04-10 09:23:59,订单结算,49.84,49.84,49.84
2705000437,平台技术服务费,0.00,0.00,0.00,0.50,0.50,0.50,2026-04-11 04:42:31,费用扣除,-0.50,0.50,0.50
2705000214,订单结算收入,170.46,170.46,170.46,0.00,0.00,0.00,2026-04-10 12:28:19,订单结算,170.46,170.46,170.46
2705000214,平台技术服务费,0.00,0.00,0.00,1.03,1.03,1.03,2026-04-11 10:00:58,费用扣除,-1.03,1.03,1.03
2705000094,订单结算收入,118.97,118.97,118.97,0.00,0.00,0.00,2026-04-10 07:43:05,订单结算,118.97,118.97,118.97
2705000094,平台技术服务费,0.00,0.00,0.00,0.72,0.72,0.72,2026-04-11 20:16:37,费用扣除,-0.72,0.72,0.72
2705000006,订单结算收入,107.57,107.57,107.57,0.00,0.00,0.00,2026-04-10 18:51:35,订单结算,107.57,107.57,107.57
2705000006,平台技术服务费,0.00,0.00,0.00,0.65,0.65,0.65,2026-04-11 14:59:04,费用扣除,-0.65,0.65,0.65
2705000163,订单结算收入,110.53,110.53,110.53,0.00,0.00,0.00,2026-04-10 01:49:10,订单结算,110.53,110.53,110.53
2705000163,平台技术服务费,0.00,0.00,0.00,0.67,0.67,0.67,2026-04-11 09:39:27,费用扣除,-0.67,0.67,0.67
2705000304,订单结算收入,153.99,153.99,153.99,0.00,0.00,0.00,2026-04-10 04:12:17,订单结算,153.99,153.99,153.99
2705000304,平台技术服务费,0.00,0.00,0.00,0.93,0.93,0.93,2026-04-11 06:46:22,费用扣除,-0.93,0.93,0.93
2705000041,订单结算收入,43.93,43.93,43.93,0.00,0.00,0.00,2026-04-10 22:26:23,订单结算,43.93,43.93,43.93
2705000041,平台技术服务费,0.00,0.00,0.00,0.27,0.27,0.27,2026-04-11 10:18:30,费用扣除,-0.27,0.27,0.27
2705000367,订单结算收入,198.75,198.75,198.75,0.00,0.00,0.00,2026-04-10 03:22:47,订单结算,198.75,198.75,198.75
2705000367,平台技术服务费,0.00,0.00,0.00,1.20,1.20,1.20,2026-04-11 06:54:30,费用扣除,-1.20,1.20,1.20
2705000252,订单结算收入,93.83,93.83,93.83,0.00,0.00,0.00,2026-04-10 07:32:25,订单结算,93.83,93.83,93.83
2705000252,平台技术服务费,0.00,0.00,0.00,0.57,0.57,0.57,2026-04-11 17:56:19,费用扣除,-0.57,0.57,0.57
2705000006,004延迟发货罚款,0.00,0.00,0.00,39.51,39.51,39.51,2026-04-10 16:00:18,罚款扣款,-39.51,39.51,39.51
2705000325,订单结算收入,51.37,51.37,51.37,0.00,0.00,0.00,2026-04-11 09:27:26,订单结算,51.37,51.37,51.37
2705000325,平台技术服务费,0.00,0.00,0.00,0.31,0.31,0.31,2026-04-12 17:55:49,费用扣除,-0.31,0.31,0.31
2705000346,订单结算收入,47.36,47.36,47.36,0.00,0.00,0.00,2026-04-11 18:05:13,订单结算,47.36,47.36,47.36
2705000346,平台技术服务费,0.00,0.00,0.00,0.29,0.29,0.29,2026-04-12 19:04:43,费用扣除,-0.29,0.29,0.29
2705000239,订单结算收入,107.60,107.60,107.60,0.00,0.00,0.00,2026-04-11 06:32:19,订单结算,107.60,107.60,107.60
2705000239,平台技术服务费,0.00,0.00,0.00,0.65,0.65,0.65,2026-04-12 06:28:36,费用扣除,-0.65,0.65,0.65
2705000471,订单结算收入,37.71,37.71,37.71,0.00,0.00,0.00,2026-04-11 12:21:46,订单结算,37.71,37.71,37.71
2705000471,平台技术服务费,0.00,0.00,0.00,0.38,0.38,0.38,2026-04-12 00:18:23,费用扣除,-0.38,0.38,0.38
2705000436,订单结算收入,41.57,41.57,41.57,0.00,0.00,0.00,2026-04-11 19:10:31,订单结算,41.57,41.57,41.57
2705000436,平台技术服务费,0.00,0.00,0.00,0.25,0.25,0.25,2026-04-12 04:55:00,费用扣除,-0.25,0.25,0.25
2705000270,订单结算收入,324.97,324.97,324.97,0.00,0.00,0.00,2026-04-11 23:49:03,订单结算,324.97,324.97,324.97
2705000270,平台技术服务费,0.00,0.00,0.00,1.96,1.96,1.96,2026-04-12 01:08:10,费用扣除,-1.96,1.96,1.96
2705000211,订单结算收入,16.00,16.00,16.00,0.00,0.00,0.00,2026-04-11 09:46:11,订单结算,16.00,16.00,16.00
2705000211,平台技术服务费,0.00,0.00,0.00,0.10,0.10,0.10,2026-04-12 03:26:51,费用扣除,-0.10,0.10,0.10
2705000135,订单结算收入,47.46,47.46,47.46,0.00,0.00,0.00,2026-04-11 08:33:29,订单结算,47.46,47.46,47.46
2705000135,平台技术服务费,0.00,0.00,0.00,0.29,0.29,0.29,2026-04-12 02:44:24,费用扣除,-0.29,0.29,0.29
2705000442,订单结算收入,73.34,73.34,73.34,0.00,0.00,0.00,2026-04-11 19:48:55,订单结算,73.34,73.34,73.34
2705000442,平台技术服务费,0.00,0.00,0.00,0.44,0.44,0.44,2026-04-12 00:51:38,费用扣除,-0.44,0.44,0.44
2705000436,004延迟发货罚款,0.00,0.00,0.00,46.93,46.93,46.93,2026-04-11 09:24:08,罚款扣款,-46.93,46.93,46.93
2705000516,订单结算收入,71.22,71.22,71.22,0.00,0.00,0.00,2026-04-12 07:31:09,订单结算,71.22,71.22,71.22
2705000516,平台技术服务费,0.00,0.00,0.00,0.43,0.43,0.43,2026-04-13 12:05:08,费用扣除,-0.43,0.43,0.43
2705000178,订单结算收入,106.63,106.63,106.63,0.00,0.00,0.00,2026-04-12 19:05:51,订单结算,106.63,106.63,106.63
2705000178,平台技术服务费,0.00,0.00,0.00,0.64,0.64,0.64,2026-04-13 14:17:21,费用扣除,-0.64,0.64,0.64
2705000248,订单结算收入,122.95,122.95,122.95,0.00,0.00,0.00,2026-04-12 19:25:57,订单结算,122.95,122.95,122.95
2705000248,平台技术服务费,0.00,0.00,0.00,0.74,0.74,0.74,2026-04-13 15:42:59,费用扣除,-0.74,0.74,0.74
2705000509,订单结算收入,60.54,60.54,60.54,0.00,0.00,0.00,2026-04-12 06:40:56,订单结算,60.54,60.54,60.54
2705000509,平台技术服务费,0.00,0.00,0.00,0.37,0.37,0.37,2026-04-13 19:48:44,费用扣除,-0.37,0.37,0.37
2705000210,订单结算收入,44.65,44.65,44.65,0.00,0.00,0.00,2026-04-12 00:26:01,订单结算,44.65,44.65,44.65
2705000210,平台技术服务费,0.00,0.00,0.00,0.27,0.27,0.27,2026-04-13 08:56:48,费用扣除,-0.27,0.27,0.27
2705000011,订单结算收入,288.16,288.16,288.16,0.00,0.00,0.00,2026-04-12 23:17:53,订单结算,288.16,288.16,288.16
2705000011,平台技术服务费,0.00,0.00,0.00,2.91,2.91,2.91,2026-04-13 11:11:38,费用扣除,-2.91,2.91,2.91
2705000131,订单结算收入,92.95,92.95,92.95,0.00,0.00,0.00,2026-04-12 02:59:39,订单结算,92.95,92.95,92.95
2705000131,平台技术服务费,0.00,0.00,0.00,0.94,0.94,0.94,2026-04-13 22:32:51,费用扣除,-0.94,0.94,0.94
2705000222,订单结算收入,114.95,114.95,114.95,0.00,0.00,0.00,2026-04-12 21:28:37,订单结算,114.95,114.95,114.95
2705000222,平台技术服务费,0.00,0.00,0.00,0.69,0.69,0.69,2026-04-13 17:50:53,费用扣除,-0.69,0.69,0.69
2705000073,订单结算收入,102.16,102.16,102.16,0.00,0.00,0.00,2026-04-12 22:06:34,订单结算,102.16,102.16,102.16
2705000073,平台技术服务费,0.00,0.00,0.00,0.62,0.62,0.62,2026-04-13 08:08:34,费用扣除,-0.62,0.62,0.62
2705000363,订单结算收入,118.04,118.04,118.04,0.00,0.00,0.00,2026-04-13 07:32:22,订单结算,118.04,118.04,118.04
2705000363,平台技术服务费,0.00,0.00,0.00,0.71,0.71,0.71,2026-04-14 13:48:25,费用扣除,-0.71,0.71,0.71
2705000474,订单结算收入,34.75,34.75,34.75,0.00,0.00,0.00,2026-04-13 03:18:25,订单结算,34.75,34.75,34.75
2705000474,平台技术服务费,0.00,0.00,0.00,0.21,0.21,0.21,2026-04-14 04:02:33,费用扣除,-0.21,0.21,0.21
2705000501,订单结算收入,60.17,60.17,60.17,0.00,0.00,0.00,2026-04-13 20:03:07,订单结算,60.17,60.17,60.17
2705000501,平台技术服务费,0.00,0.00,0.00,0.36,0.36,0.36,2026-04-14 19:58:33,费用扣除,-0.36,0.36,0.36
2705000255,订单结算收入,479.58,479.58,479.58,0.00,0.00,0.00,2026-04-13 17:04:49,订单结算,479.58,479.58,479.58
2705000255,平台技术服务费,0.00,0.00,0.00,2.89,2.89,2.89,2026-04-14 08:46:36,费用扣除,-2.89,2.89,2.89
2705000119,订单结算收入,81.38,81.38,81.38,0.00,0.00,0.00,2026-04-13 11:53:16,订单结算,81.38,81.38,81.38
2705000119,平台技术服务费,0.00,0.00,0.00,0.49,0.49,0.49,2026-04-14 11:37:10,费用扣除,-0.49,0.49,0.49
2705000008,订单结算收入,86.01,86.01,86.01,0.00,0.00,0.00,2026-04-13 01:22:51,订单结算,86.01,86.01,86.01
2705000008,平台技术服务费,0.00,0.00,0.00,0.52,0.52,0.52,2026-04-14 03:17:17,费用扣除,-0.52,0.52,0.52
2705000470,订单结算收入,519.46,519.46,519.46,0.00,0.00,0.00,2026-04-13 23:30:22,订单结算,519.46,519.46,519.46
2705000470,平台技术服务费,0.00,0.00,0.00,3.14,3.14,3.14,2026-04-14 21:13:24,费用扣除,-3.14,3.14,3.14
2705000423,订单结算收入,78.76,78.76,78.76,0.00,0.00,0.00,2026-04-13 09:11:11,订单结算,78.76,78.76,78.76
2705000423,平台技术服务费,0.00,0.00,0.00,0.80,0.80,0.80,2026-04-14 17:14:39,费用扣除,-0.80,0.80,0.80
2705000510,订单结算收入,113.99,113.99,113.99,0.00,0.00,0.00,2026-04-13 04:08:02,订单结算,113.99,113.99,113.99
2705000510,平台技术服务费,0.00,0.00,0.00,0.69,0.69,0.69,2026-04-14 16:01:39,费用扣除,-0.69,0.69,0.69
2705000292,订单结算收入,103.24,103.24,103.24,0.00,0.00,0.00,2026-04-13 16:16:56,订单结算,103.24,103.24,103.24
2705000292,平台技术服务费,0.00,0.00,0.00,0.62,0.62,0.62,2026-04-14 08:50:16,费用扣除,-0.62,0.62,0.62
2705000162,订单结算收入,80.07,80.07,80.07,0.00,0.00,0.00,2026-04-13 18:48:47,订单结算,80.07,80.07,80.07
2705000162,平台技术服务费,0.00,0.00,0.00,0.48,0.48,0.48,2026-04-14 15:28:02,费用扣除,-0.48,0.48,0.48
2705000296,订单结算收入,86.76,86.76,86.76,0.00,0.00,0.00,2026-04-13 06:50:48,订单结算,86.76,86.76,86.76
2705000296,平台技术服务费,0.00,0.00,0.00,0.52,0.52,0.52,2026-04-14 12:42:30,费用扣除,-0.52,0.52,0.52
2705000363,0030003百亿补贴扣点,0.00,0.00,0.00,10.38,10.38,10.38,2026-04-13 08:20:48,技术服务费,-10.38,10.38,10.38
2705000359,订单结算收入,214.31,214.31,214.31,0.00,0.00,0.00,2026-04-14 06:00:52,订单结算,214.31,214.31,214.31
2705000359,平台技术服务费,0.00,0.00,0.00,1.29,1.29,1.29,2026-04-15 23:07:31,费用扣除,-1.29,1.29,1.29
2705000462,订单结算收入,74.75,74.75,74.75,0.00,0.00,0.00,2026-04-14 00:05:04,订单结算,74.75,74.75,74.75
2705000462,平台技术服务费,0.00,0.00,0.00,0.45,0.45,0.45,2026-04-15 09:38:25,费用扣除,-0.45,0.45,0.45
2705000043,订单结算收入,96.90,96.90,96.90,0.00,0.00,0.00,2026-04-14 15:47:05,订单结算,96.90,96.90,96.90
2705000043,平台技术服务费,0.00,0.00,0.00,0.58,0.58,0.58,2026-04-15 14:02:37,费用扣除,-0.58,0.58,0.58
2705000177,订单结算收入,52.01,52.01,52.01,0.00,0.00,0.00,2026-04-14 20:25:58,订单结算,52.01,52.01,52.01
2705000177,平台技术服务费,0.00,0.00,0.00,0.31,0.31,0.31,2026-04-15 05:09:48,费用扣除,-0.31,0.31,0.31
2705000170,订单结算收入,49.77,49.77,49.77,0.00,0.00,0.00,2026-04-14 12:42:31,订单结算,49.77,49.77,49.77
2705000170,平台技术服务费,0.00,0.00,0.00,0.30,0.30,0.30,2026-04-15 00:17:53,费用扣除,-0.30,0.30,0.30
2705000098,订单结算收入,498.66,498.66,498.66,0.00,0.00,0.00,2026-04-14 19:13:35,订单结算,498.66,498.66,498.66
2705000098,平台技术服务费,0.00,0.00,0.00,3.01,3.01,3.01,2026-04-15 04:02:38,费用扣除,-3.01,3.01,3.01
2705000109,订单结算收入,44.18,44.18,44.18,0.00,0.00,0.00,2026-04-14 19:06:12,订单结算,44.18,44.18,44.18
2705000109,平台技术服务费,0.00,0.00,0.00,0.27,0.27,0.27,2026-04-15 18:02:49,费用扣除,-0.27,0.27,0.27
2705000243,订单结算收入,97.22,97.22,97.22,0.00,0.00,0.00,2026-04-14 06:07:14,订单结算,97.22,97.22,97.22
2705000243,平台技术服务费,0.00,0.00,0.00,0.59,0.59,0.59,2026-04-15 01:44:34,费用扣除,-0.59,0.59,0.59
2705000317,订单结算收入,10.46,10.46,10.46,0.00,0.00,0.00,2026-04-14 14:30:09,订单结算,10.46,10.46,10.46
2705000317,平台技术服务费,0.00,0.00,0.00,0.16,0.16,0.16,2026-04-15 19:14:04,费用扣除,-0.16,0.16,0.16
2705000043,004延迟发货罚款,0.00,0.00,0.00,10.99,10.99,10.99,2026-04-14 16:45:59,罚款扣款,-10.99,10.99,10.99
2705000232,订单结算收入,117.60,117.60,117.60,0.00,0.00,0.00,2026-04-15 03:53:23,订单结算,117.60,117.60,117.60
2705000232,平台技术服务费,0.00,0.00,0.00,0.71,0.71,0.71,2026-04-16 17:52:38,费用扣除,-0.71,0.71,0.71
2705000324,订单结算收入,90.93,90.93,90.93,0.00,0.00,0.00,2026-04-15 21:59:00,订单结算,90.93,90.93,90.93
2705000324,平台技术服务费,0.00,0.00,0.00,0.55,0.55,0.55,2026-04-16 03:14:25,费用扣除,-0.55,0.55,0.55
2705000426,订单结算收入,33.69,33.69,33.69,0.00,0.00,0.00,2026-04-15 11:17:55,订单结算,33.69,33.69,33.69
2705000426,平台技术服务费,0.00,0.00,0.00,0.34,0.34,0.34,2026-04-16 14:41:30,费用扣除,-0.34,0.34,0.34
2705000077,订单结算收入,79.48,79.48,79.48,0.00,0.00,0.00,2026-04-15 15:44:05,订单结算,79.48,79.48,79.48
2705000077,平台技术服务费,0.00,0.00,0.00,0.80,0.80,0.80,2026-04-16 18:55:02,费用扣除,-0.80,0.80,0.80
2705000227,订单结算收入,170.15,170.15,170.15,0.00,0.00,0.00,2026-04-15 20:53:17,订单结算,170.15,170.15,170.15
2705000227,平台技术服务费,0.00,0.00,0.00,1.03,1.03,1.03,2026-04-16 01:26:04,费用扣除,-1.03,1.03,1.03
2705000376,订单结算收入,317.95,317.95,317.95,0.00,0.00,0.00,2026-04-15 19:32:09,订单结算,317.95,317.95,317.95
2705000376,平台技术服务费,0.00,0.00,0.00,1.92,1.92,1.92,2026-04-16 08:12:43,费用扣除,-1.92,1.92,1.92
2705000240,订单结算收入,15.73,15.73,15.73,0.00,0.00,0.00,2026-04-15 02:20:59,订单结算,15.73,15.73,15.73
2705000240,平台技术服务费,0.00,0.00,0.00,0.09,0.09,0.09,2026-04-16 13:05:49,费用扣除,-0.09,0.09,0.09
2705000062,订单结算收入,297.33,297.33,297.33,0.00,0.00,0.00,2026-04-15 09:54:13,订单结算,297.33,297.33,297.33
2705000062,平台技术服务费,0.00,0.00,0.00,1.79,1.79,1.79,2026-04-16 04:37:39,费用扣除,-1.79,1.79,1.79
2705000053,订单结算收入,171.98,171.98,171.98,0.00,0.00,0.00,2026-04-15 04:15:39,订单结算,171.98,171.98,171.98
2705000053,平台技术服务费,0.00,0.00,0.00,1.04,1.04,1.04,2026-04-16 00:17:06,费用扣除,-1.04,1.04,1.04
2705000496,订单结算收入,255.97,255.97,255.97,0.00,0.00,0.00,2026-04-16 21:49:28,订单结算,255.97,255.97,255.97
2705000496,平台技术服务费,0.00,0.00,0.00,1.55,1.55,1.55,2026-04-17 10:49:12,费用扣除,-1.55,1.55,1.55
2705000082,订单结算收入,199.63,199.63,199.63,0.00,0.00,0.00,2026-04-16 20:57:36,订单结算,199.63,199.63,199.63
2705000082,平台技术服务费,0.00,0.00,0.00,1.20,1.20,1.20,2026-04-17 02:06:59,费用扣除,-1.20,1.20,1.20
2705000422,订单结算收入,222.05,222.05,222.05,0.00,0.00,0.00,2026-04-16 10:12:11,订单结算,222.05,222.05,222.05
2705000422,平台技术服务费,0.00,0.00,0.00,1.34,1.34,1.34,2026-04-17 18:11:13,费用扣除,-1.34,1.34,1.34
2705000058,订单结算收入,18.65,18.65,18.65,0.00,0.00,0.00,2026-04-16 13:51:51,订单结算,18.65,18.65,18.65
2705000058,平台技术服务费,0.00,0.00,0.00,0.19,0.19,0.19,2026-04-17 12:04:55,费用扣除,-0.19,0.19,0.19
2705000446,订单结算收入,23.36,23.36,23.36,0.00,0.00,0.00,2026-04-16 01:37:28,订单结算,23.36,23.36,23.36
2705000446,平台技术服务费,0.00,0.00,0.00,0.14,0.14,0.14,2026-04-17 07:12:04,费用扣除,-0.14,0.14,0.14
2705000230,订单结算收入,438.47,438.47,438.47,0.00,0.00,0.00,2026-04-16 16:44:22,订单结算,438.47,438.47,438.47
2705000230,平台技术服务费,0.00,0.00,0.00,2.65,2.65,2.65,2026-04-17 15:52:50,费用扣除,-2.65,2.65,2.65
2705000288,订单结算收入,271.05,271.05,271.05,0.00,0.00,0.00,2026-04-16 23:37:46,订单结算,271.05,271.05,271.05
2705000288,平台技术服务费,0.00,0.00,0.00,1.64,1.64,1.64,2026-04-17 01:25:21,费用扣除,-1.64,1.64,1.64
2705000446,0030002百亿补贴技术服务费,0.00,0.00,0.00,28.35,28.35,28.35,2026-04-16 13:40:26,技术服务费,-28.35,28.35,28.35
2705000313,订单结算收入,58.90,58.90,58.90,0.00,0.00,0.00,2026-04-17 20:29:29,订单结算,58.90,58.90,58.90
2705000313,平台技术服务费,0.00,0.00,0.00,0.36,0.36,0.36,2026-04-18 00:06:13,费用扣除,-0.36,0.36,0.36
2705000308,订单结算收入,55.81,55.81,55.81,0.00,0.00,0.00,2026-04-17 09:02:50,订单结算,55.81,55.81,55.81
2705000308,平台技术服务费,0.00,0.00,0.00,0.34,0.34,0.34,2026-04-18 18:16:52,费用扣除,-0.34,0.34,0.34
2705000315,订单结算收入,20.65,20.65,20.65,0.00,0.00,0.00,2026-04-17 00:14:41,订单结算,20.65,20.65,20.65
2705000315,平台技术服务费,0.00,0.00,0.00,0.17,0.17,0.17,2026-04-18 01:39:11,费用扣除,-0.17,0.17,0.17
2705000171,订单结算收入,278.78,278.78,278.78,0.00,0.00,0.00,2026-04-17 03:20:00,订单结算,278.78,278.78,278.78
2705000171,平台技术服务费,0.00,0.00,0.00,2.82,2.82,2.82,2026-04-18 19:20:00,费用扣除,-2.82,2.82,2.82
2705000351,订单结算收入,277.54,277.54,277.54,0.00,0.00,0.00,2026-04-17 10:16:54,订单结算,277.54,277.54,277.54
2705000351,平台技术服务费,0.00,0.00,0.00,1.68,1.68,1.68,2026-04-18 08:49:48,费用扣除,-1.68,1.68,1.68
2705000228,订单结算收入,78.87,78.87,78.87,0.00,0.00,0.00,2026-04-17 08:58:32,订单结算,78.87,78.87,78.87
2705000228,平台技术服务费,0.00,0.00,0.00,0.48,0.48,0.48,2026-04-18 06:44:43,费用扣除,-0.48,0.48,0.48
2705000122,订单结算收入,199.25,199.25,199.25,0.00,0.00,0.00,2026-04-17 19:33:52,订单结算,199.25,199.25,199.25
2705000122,平台技术服务费,0.00,0.00,0.00,1.20,1.20,1.20,2026-04-18 05:01:50,费用扣除,-1.20,1.20,1.20
2705000147,订单结算收入,28.78,28.78,28.78,0.00,0.00,0.00,2026-04-17 11:49:28,订单结算,28.78,28.78,28.78
2705000147,平台技术服务费,0.00,0.00,0.00,0.17,0.17,0.17,2026-04-18 08:38:03,费用扣除,-0.17,0.17,0.17
2705000039,订单结算收入,120.09,120.09,120.09,0.00,0.00,0.00,2026-04-17 11:33:01,订单结算,120.09,120.09,120.09
2705000039,平台技术服务费,0.00,0.00,0.00,0.72,0.72,0.72,2026-04-18 21:37:53,费用扣除,-0.72,0.72,0.72
2705000459,订单结算收入,171.14,171.14,171.14,0.00,0.00,0.00,2026-04-17 19:56:11,订单结算,171.14,171.14,171.14
2705000459,平台技术服务费,0.00,0.00,0.00,1.03,1.03,1.03,2026-04-18 05:01:55,费用扣除,-1.03,1.03,1.03
2705000459,006推广营销费,0.00,0.00,0.00,13.00,13.00,13.00,2026-04-17 17:39:48,营销费用,-13.00,13.00,13.00
2705000465,订单结算收入,104.05,104.05,104.05,0.00,0.00,0.00,2026-04-18 08:59:02,订单结算,104.05,104.05,104.05
2705000465,平台技术服务费,0.00,0.00,0.00,0.63,0.63,0.63,2026-04-19 07:40:50,费用扣除,-0.63,0.63,0.63
2705000406,订单结算收入,225.20,225.20,225.20,0.00,0.00,0.00,2026-04-18 00:06:01,订单结算,225.20,225.20,225.20
2705000406,平台技术服务费,0.00,0.00,0.00,1.36,1.36,1.36,2026-04-19 18:11:35,费用扣除,-1.36,1.36,1.36
2705000022,订单结算收入,95.57,95.57,95.57,0.00,0.00,0.00,2026-04-18 07:51:43,订单结算,95.57,95.57,95.57
2705000022,平台技术服务费,0.00,0.00,0.00,0.58,0.58,0.58,2026-04-19 17:24:28,费用扣除,-0.58,0.58,0.58
2705000329,订单结算收入,176.53,176.53,176.53,0.00,0.00,0.00,2026-04-18 15:19:23,订单结算,176.53,176.53,176.53
2705000329,平台技术服务费,0.00,0.00,0.00,1.07,1.07,1.07,2026-04-19 05:23:51,费用扣除,-1.07,1.07,1.07
2705000102,订单结算收入,358.17,358.17,358.17,0.00,0.00,0.00,2026-04-18 18:54:46,订单结算,358.17,358.17,358.17
2705000102,平台技术服务费,0.00,0.00,0.00,2.16,2.16,2.16,2026-04-19 20:09:29,费用扣除,-2.16,2.16,2.16
2705000145,订单结算收入,25.89,25.89,25.89,0.00,0.00,0.00,2026-04-18 04:55:46,订单结算,25.89,25.89,25.89
2705000145,平台技术服务费,0.00,0.00,0.00,0.16,0.16,0.16,2026-04-19 21:30:21,费用扣除,-0.16,0.16,0.16
2705000269,订单结算收入,415.56,415.56,415.56,0.00,0.00,0.00,2026-04-18 13:48:11,订单结算,415.56,415.56,415.56
2705000269,平台技术服务费,0.00,0.00,0.00,2.51,2.51,2.51,2026-04-19 14:17:11,费用扣除,-2.51,2.51,2.51
2705000219,订单结算收入,55.86,55.86,55.86,0.00,0.00,0.00,2026-04-18 19:33:49,订单结算,55.86,55.86,55.86
2705000219,平台技术服务费,0.00,0.00,0.00,0.34,0.34,0.34,2026-04-19 20:53:24,费用扣除,-0.34,0.34,0.34
2705000482,订单结算收入,88.11,88.11,88.11,0.00,0.00,0.00,2026-04-19 13:49:56,订单结算,88.11,88.11,88.11
2705000482,平台技术服务费,0.00,0.00,0.00,0.53,0.53,0.53,2026-04-20 19:49:15,费用扣除,-0.53,0.53,0.53
2705000047,订单结算收入,52.84,52.84,52.84,0.00,0.00,0.00,2026-04-19 11:57:19,订单结算,52.84,52.84,52.84
2705000047,平台技术服务费,0.00,0.00,0.00,0.32,0.32,0.32,2026-04-20 02:03:54,费用扣除,-0.32,0.32,0.32
2705000377,订单结算收入,527.04,527.04,527.04,0.00,0.00,0.00,2026-04-19 04:14:36,订单结算,527.04,527.04,527.04
2705000377,平台技术服务费,0.00,0.00,0.00,3.18,3.18,3.18,2026-04-20 13:27:55,费用扣除,-3.18,3.18,3.18
2705000136,订单结算收入,102.28,102.28,102.28,0.00,0.00,0.00,2026-04-19 15:48:29,订单结算,102.28,102.28,102.28
2705000136,平台技术服务费,0.00,0.00,0.00,0.62,0.62,0.62,2026-04-20 00:43:03,费用扣除,-0.62,0.62,0.62
2705000010,订单结算收入,136.38,136.38,136.38,0.00,0.00,0.00,2026-04-19 00:09:29,订单结算,136.38,136.38,136.38
2705000010,平台技术服务费,0.00,0.00,0.00,0.82,0.82,0.82,2026-04-20 21:12:29,费用扣除,-0.82,0.82,0.82
2705000155,订单结算收入,303.36,303.36,303.36,0.00,0.00,0.00,2026-04-19 19:19:56,订单结算,303.36,303.36,303.36
2705000155,平台技术服务费,0.00,0.00,0.00,1.83,1.83,1.83,2026-04-20 10:38:53,费用扣除,-1.83,1.83,1.83
2705000257,订单结算收入,223.49,223.49,223.49,0.00,0.00,0.00,2026-04-19 20:50:11,订单结算,223.49,223.49,223.49
2705000257,平台技术服务费,0.00,0.00,0.00,2.26,2.26,2.26,2026-04-20 10:37:18,费用扣除,-2.26,2.26,2.26
2705000290,订单结算收入,48.13,48.13,48.13,0.00,0.00,0.00,2026-04-19 09:03:37,订单结算,48.13,48.13,48.13
2705000290,平台技术服务费,0.00,0.00,0.00,0.29,0.29,0.29,2026-04-20 16:06:52,费用扣除,-0.29,0.29,0.29
2705000249,订单结算收入,9.79,9.79,9.79,0.00,0.00,0.00,2026-04-19 16:51:13,订单结算,9.79,9.79,9.79
2705000249,平台技术服务费,0.00,0.00,0.00,0.14,0.14,0.14,2026-04-20 09:28:50,费用扣除,-0.14,0.14,0.14
2705000060,订单结算收入,267.91,267.91,267.91,0.00,0.00,0.00,2026-04-19 12:59:21,订单结算,267.91,267.91,267.91
2705000060,平台技术服务费,0.00,0.00,0.00,2.71,2.71,2.71,2026-04-20 11:55:35,费用扣除,-2.71,2.71,2.71
2705000344,订单结算收入,96.19,96.19,96.19,0.00,0.00,0.00,2026-04-20 22:22:33,订单结算,96.19,96.19,96.19
2705000344,平台技术服务费,0.00,0.00,0.00,0.58,0.58,0.58,2026-04-21 13:43:24,费用扣除,-0.58,0.58,0.58
2705000212,订单结算收入,82.03,82.03,82.03,0.00,0.00,0.00,2026-04-20 16:07:10,订单结算,82.03,82.03,82.03
2705000212,平台技术服务费,0.00,0.00,0.00,0.50,0.50,0.50,2026-04-21 06:30:18,费用扣除,-0.50,0.50,0.50
2705000411,订单结算收入,58.49,58.49,58.49,0.00,0.00,0.00,2026-04-20 18:06:12,订单结算,58.49,58.49,58.49
2705000411,平台技术服务费,0.00,0.00,0.00,0.35,0.35,0.35,2026-04-21 09:46:12,费用扣除,-0.35,0.35,0.35
2705000416,订单结算收入,56.46,56.46,56.46,0.00,0.00,0.00,2026-04-20 20:06:07,订单结算,56.46,56.46,56.46
2705000416,平台技术服务费,0.00,0.00,0.00,0.34,0.34,0.34,2026-04-21 23:56:41,费用扣除,-0.34,0.34,0.34
2705000473,订单结算收入,264.40,264.40,264.40,0.00,0.00,0.00,2026-04-20 21:06:53,订单结算,264.40,264.40,264.40
2705000473,平台技术服务费,0.00,0.00,0.00,1.60,1.60,1.60,2026-04-21 06:50:46,费用扣除,-1.60,1.60,1.60
2705000403,订单结算收入,121.69,121.69,121.69,0.00,0.00,0.00,2026-04-20 07:24:41,订单结算,121.69,121.69,121.69
2705000403,平台技术服务费,0.00,0.00,0.00,0.73,0.73,0.73,2026-04-21 09:30:28,费用扣除,-0.73,0.73,0.73
2705000287,订单结算收入,81.32,81.32,81.32,0.00,0.00,0.00,2026-04-20 23:53:42,订单结算,81.32,81.32,81.32
2705000287,平台技术服务费,0.00,0.00,0.00,0.49,0.49,0.49,2026-04-21 04:48:31,费用扣除,-0.49,0.49,0.49
2705000407,订单结算收入,139.94,139.94,139.94,0.00,0.00,0.00,2026-04-20 05:05:14,订单结算,139.94,139.94,139.94
2705000407,平台技术服务费,0.00,0.00,0.00,0.84,0.84,0.84,2026-04-21 19:23:46,费用扣除,-0.84,0.84,0.84
2705000354,订单结算收入,15.56,15.56,15.56,0.00,0.00,0.00,2026-04-20 01:44:11,订单结算,15.56,15.56,15.56
2705000354,平台技术服务费,0.00,0.00,0.00,0.09,0.09,0.09,2026-04-21 19:39:24,费用扣除,-0.09,0.09,0.09
2705000185,订单结算收入,36.85,36.85,36.85,0.00,0.00,0.00,2026-04-20 02:15:49,订单结算,36.85,36.85,36.85
2705000185,平台技术服务费,0.00,0.00,0.00,0.22,0.22,0.22,2026-04-21 02:19:20,费用扣除,-0.22,0.22,0.22
2705000473,004延迟发货罚款,0.00,0.00,0.00,45.37,45.37,45.37,2026-04-20 12:22:23,罚款扣款,-45.37,45.37,45.37
2705000401,订单结算收入,113.59,113.59,113.59,0.00,0.00,0.00,2026-04-21 04:28:00,订单结算,113.59,113.59,113.59
2705000401,平台技术服务费,0.00,0.00,0.00,0.69,0.69,0.69,2026-04-22 04:51:02,费用扣除,-0.69,0.69,0.69
2705000158,订单结算收入,628.44,628.44,628.44,0.00,0.00,0.00,2026-04-21 03:39:22,订单结算,628.44,628.44,628.44
2705000158,平台技术服务费,0.00,0.00,0.00,3.79,3.79,3.79,2026-04-22 04:05:57,费用扣除,-3.79,3.79,3.79
2705000156,订单结算收入,60.32,60.32,60.32,0.00,0.00,0.00,2026-04-21 18:18:16,订单结算,60.32,60.32,60.32
2705000156,平台技术服务费,0.00,0.00,0.00,0.36,0.36,0.36,2026-04-22 20:17:41,费用扣除,-0.36,0.36,0.36
2705000072,订单结算收入,37.60,37.60,37.60,0.00,0.00,0.00,2026-04-21 05:49:38,订单结算,37.60,37.60,37.60
2705000072,平台技术服务费,0.00,0.00,0.00,0.23,0.23,0.23,2026-04-22 06:22:51,费用扣除,-0.23,0.23,0.23
2705000305,订单结算收入,273.37,273.37,273.37,0.00,0.00,0.00,2026-04-21 16:41:00,订单结算,273.37,273.37,273.37
2705000305,平台技术服务费,0.00,0.00,0.00,1.65,1.65,1.65,2026-04-22 03:55:15,费用扣除,-1.65,1.65,1.65
2705000074,订单结算收入,36.23,36.23,36.23,0.00,0.00,0.00,2026-04-21 06:20:16,订单结算,36.23,36.23,36.23
2705000074,平台技术服务费,0.00,0.00,0.00,0.22,0.22,0.22,2026-04-22 17:53:22,费用扣除,-0.22,0.22,0.22
2705000415,订单结算收入,70.12,70.12,70.12,0.00,0.00,0.00,2026-04-22 17:56:43,订单结算,70.12,70.12,70.12
2705000415,平台技术服务费,0.00,0.00,0.00,0.71,0.71,0.71,2026-04-23 01:21:31,费用扣除,-0.71,0.71,0.71
2705000333,订单结算收入,155.46,155.46,155.46,0.00,0.00,0.00,2026-04-22 16:41:37,订单结算,155.46,155.46,155.46
2705000333,平台技术服务费,0.00,0.00,0.00,0.94,0.94,0.94,2026-04-23 16:34:02,费用扣除,-0.94,0.94,0.94
2705000386,订单结算收入,101.44,101.44,101.44,0.00,0.00,0.00,2026-04-22 16:18:48,订单结算,101.44,101.44,101.44
2705000386,平台技术服务费,0.00,0.00,0.00,0.61,0.61,0.61,2026-04-23 01:49:07,费用扣除,-0.61,0.61,0.61
2705000268,订单结算收入,300.14,300.14,300.14,0.00,0.00,0.00,2026-04-22 23:24:35,订单结算,300.14,300.14,300.14
2705000268,平台技术服务费,0.00,0.00,0.00,1.81,1.81,1.81,2026-04-23 23:39:25,费用扣除,-1.81,1.81,1.81
2705000445,订单结算收入,24.35,24.35,24.35,0.00,0.00,0.00,2026-04-22 16:55:48,订单结算,24.35,24.35,24.35
2705000445,平台技术服务费,0.00,0.00,0.00,0.15,0.15,0.15,2026-04-23 06:39:33,费用扣除,-0.15,0.15,0.15
2705000322,订单结算收入,74.63,74.63,74.63,0.00,0.00,0.00,2026-04-22 22:44:18,订单结算,74.63,74.63,74.63
2705000322,平台技术服务费,0.00,0.00,0.00,0.45,0.45,0.45,2026-04-23 14:33:06,费用扣除,-0.45,0.45,0.45
2705000333,006推广营销费,0.00,0.00,0.00,93.58,93.58,93.58,2026-04-22 10:34:56,营销费用,-93.58,93.58,93.58
2705000425,订单结算收入,116.88,116.88,116.88,0.00,0.00,0.00,2026-04-23 21:18:23,订单结算,116.88,116.88,116.88
2705000425,平台技术服务费,0.00,0.00,0.00,0.71,0.71,0.71,2026-04-24 07:29:23,费用扣除,-0.71,0.71,0.71
2705000106,订单结算收入,57.85,57.85,57.85,0.00,0.00,0.00,2026-04-23 01:35:33,订单结算,57.85,57.85,57.85
2705000106,平台技术服务费,0.00,0.00,0.00,0.35,0.35,0.35,2026-04-24 11:00:44,费用扣除,-0.35,0.35,0.35
2705000293,订单结算收入,101.51,101.51,101.51,0.00,0.00,0.00,2026-04-23 20:45:00,订单结算,101.51,101.51,101.51
2705000293,平台技术服务费,0.00,0.00,0.00,0.61,0.61,0.61,2026-04-24 17:23:29,费用扣除,-0.61,0.61,0.61
2705000199,订单结算收入,55.84,55.84,55.84,0.00,0.00,0.00,2026-04-23 11:06:02,订单结算,55.84,55.84,55.84
2705000199,平台技术服务费,0.00,0.00,0.00,0.56,0.56,0.56,2026-04-24 19:01:10,费用扣除,-0.56,0.56,0.56
2705000044,订单结算收入,212.16,212.16,212.16,0.00,0.00,0.00,2026-04-23 11:35:27,订单结算,212.16,212.16,212.16
2705000044,平台技术服务费,0.00,0.00,0.00,2.14,2.14,2.14,2026-04-24 12:08:38,费用扣除,-2.14,2.14,2.14
2705000318,订单结算收入,25.76,25.76,25.76,0.00,0.00,0.00,2026-04-23 16:18:28,订单结算,25.76,25.76,25.76
2705000318,平台技术服务费,0.00,0.00,0.00,0.16,0.16,0.16,2026-04-24 11:11:56,费用扣除,-0.16,0.16,0.16
2705000285,订单结算收入,87.32,87.32,87.32,0.00,0.00,0.00,2026-04-24 23:28:50,订单结算,87.32,87.32,87.32
2705000285,平台技术服务费,0.00,0.00,0.00,0.53,0.53,0.53,2026-04-25 15:18:46,费用扣除,-0.53,0.53,0.53
2705000291,订单结算收入,78.03,78.03,78.03,0.00,0.00,0.00,2026-04-24 07:39:45,订单结算,78.03,78.03,78.03
2705000291,平台技术服务费,0.00,0.00,0.00,0.47,0.47,0.47,2026-04-25 13:41:36,费用扣除,-0.47,0.47,0.47
2705000285,004延迟发货罚款,0.00,0.00,0.00,47.83,47.83,47.83,2026-04-24 15:25:30,罚款扣款,-47.83,47.83,47.83
2705000281,订单结算收入,164.43,164.43,164.43,0.00,0.00,0.00,2026-04-25 23:07:06,订单结算,164.43,164.43,164.43
2705000281,平台技术服务费,0.00,0.00,0.00,0.99,0.99,0.99,2026-04-26 01:48:44,费用扣除,-0.99,0.99,0.99
2705000190,订单结算收入,61.75,61.75,61.75,0.00,0.00,0.00,2026-04-25 08:25:24,订单结算,61.75,61.75,61.75
2705000190,平台技术服务费,0.00,0.00,0.00,0.37,0.37,0.37,2026-04-26 13:49:34,费用扣除,-0.37,0.37,0.37
2705000026,订单结算收入,48.73,48.73,48.73,0.00,0.00,0.00,2026-04-25 11:59:32,订单结算,48.73,48.73,48.73
2705000026,平台技术服务费,0.00,0.00,0.00,0.29,0.29,0.29,2026-04-26 20:17:02,费用扣除,-0.29,0.29,0.29
2705000392,订单结算收入,35.47,35.47,35.47,0.00,0.00,0.00,2026-04-25 12:24:31,订单结算,35.47,35.47,35.47
2705000392,平台技术服务费,0.00,0.00,0.00,0.21,0.21,0.21,2026-04-26 12:34:10,费用扣除,-0.21,0.21,0.21
2705000217,订单结算收入,188.46,188.46,188.46,0.00,0.00,0.00,2026-04-25 06:24:40,订单结算,188.46,188.46,188.46
2705000217,平台技术服务费,0.00,0.00,0.00,1.14,1.14,1.14,2026-04-26 20:51:50,费用扣除,-1.14,1.14,1.14
2705000495,订单结算收入,26.44,26.44,26.44,0.00,0.00,0.00,2026-04-25 10:16:37,订单结算,26.44,26.44,26.44
2705000495,平台技术服务费,0.00,0.00,0.00,0.16,0.16,0.16,2026-04-26 18:07:23,费用扣除,-0.16,0.16,0.16
2705000142,订单结算收入,594.26,594.26,594.26,0.00,0.00,0.00,2026-04-25 06:21:49,订单结算,594.26,594.26,594.26
2705000142,平台技术服务费,0.00,0.00,0.00,3.59,3.59,3.59,2026-04-26 04:02:23,费用扣除,-3.59,3.59,3.59
2705000161,订单结算收入,298.11,298.11,298.11,0.00,0.00,0.00,2026-04-25 03:12:25,订单结算,298.11,298.11,298.11
2705000161,平台技术服务费,0.00,0.00,0.00,1.80,1.80,1.80,2026-04-26 11:02:09,费用扣除,-1.80,1.80,1.80
2705000397,订单结算收入,156.25,156.25,156.25,0.00,0.00,0.00,2026-04-25 07:21:49,订单结算,156.25,156.25,156.25
2705000397,平台技术服务费,0.00,0.00,0.00,1.58,1.58,1.58,2026-04-26 03:09:11,费用扣除,-1.58,1.58,1.58
2705000348,订单结算收入,336.17,336.17,336.17,0.00,0.00,0.00,2026-04-25 02:03:15,订单结算,336.17,336.17,336.17
2705000348,平台技术服务费,0.00,0.00,0.00,3.40,3.40,3.40,2026-04-26 17:17:14,费用扣除,-3.40,3.40,3.40
2705000497,订单结算收入,69.38,69.38,69.38,0.00,0.00,0.00,2026-04-25 10:40:41,订单结算,69.38,69.38,69.38
2705000497,平台技术服务费,0.00,0.00,0.00,0.42,0.42,0.42,2026-04-26 10:24:30,费用扣除,-0.42,0.42,0.42
2705000068,订单结算收入,67.81,67.81,67.81,0.00,0.00,0.00,2026-04-25 12:38:14,订单结算,67.81,67.81,67.81
2705000068,平台技术服务费,0.00,0.00,0.00,0.68,0.68,0.68,2026-04-26 07:33:54,费用扣除,-0.68,0.68,0.68
2705000061,订单结算收入,42.32,42.32,42.32,0.00,0.00,0.00,2026-04-26 17:17:14,订单结算,42.32,42.32,42.32
2705000061,平台技术服务费,0.00,0.00,0.00,0.26,0.26,0.26,2026-04-27 04:59:04,费用扣除,-0.26,0.26,0.26
2705000250,订单结算收入,111.10,111.10,111.10,0.00,0.00,0.00,2026-04-26 15:00:26,订单结算,111.10,111.10,111.10
2705000250,平台技术服务费,0.00,0.00,0.00,0.67,0.67,0.67,2026-04-27 20:48:39,费用扣除,-0.67,0.67,0.67
2705000183,订单结算收入,228.31,228.31,228.31,0.00,0.00,0.00,2026-04-26 20:33:23,订单结算,228.31,228.31,228.31
2705000183,平台技术服务费,0.00,0.00,0.00,1.38,1.38,1.38,2026-04-27 10:22:49,费用扣除,-1.38,1.38,1.38
2705000186,订单结算收入,120.25,120.25,120.25,0.00,0.00,0.00,2026-04-26 16:30:36,订单结算,120.25,120.25,120.25
2705000186,平台技术服务费,0.00,0.00,0.00,0.73,0.73,0.73,2026-04-27 04:24:25,费用扣除,-0.73,0.73,0.73
2705000229,订单结算收入,27.22,27.22,27.22,0.00,0.00,0.00,2026-04-26 20:17:33,订单结算,27.22,27.22,27.22
2705000229,平台技术服务费,0.00,0.00,0.00,0.16,0.16,0.16,2026-04-27 20:50:54,费用扣除,-0.16,0.16,0.16
2705000120,订单结算收入,57.33,57.33,57.33,0.00,0.00,0.00,2026-04-26 17:07:58,订单结算,57.33,57.33,57.33
2705000120,平台技术服务费,0.00,0.00,0.00,0.35,0.35,0.35,2026-04-27 08:28:20,费用扣除,-0.35,0.35,0.35
2705000113,订单结算收入,54.46,54.46,54.46,0.00,0.00,0.00,2026-04-26 20:52:01,订单结算,54.46,54.46,54.46
2705000113,平台技术服务费,0.00,0.00,0.00,0.55,0.55,0.55,2026-04-27 14:36:28,费用扣除,-0.55,0.55,0.55
2705000186,004延迟发货罚款,0.00,0.00,0.00,3.55,3.55,3.55,2026-04-26 11:34:37,罚款扣款,-3.55,3.55,3.55
2705000283,订单结算收入,247.34,247.34,247.34,0.00,0.00,0.00,2026-04-27 04:54:49,订单结算,247.34,247.34,247.34
2705000283,平台技术服务费,0.00,0.00,0.00,1.49,1.49,1.49,2026-04-28 02:43:04,费用扣除,-1.49,1.49,1.49
2705000319,订单结算收入,112.99,112.99,112.99,0.00,0.00,0.00,2026-04-27 08:11:34,订单结算,112.99,112.99,112.99
2705000319,平台技术服务费,0.00,0.00,0.00,0.68,0.68,0.68,2026-04-28 07:00:52,费用扣除,-0.68,0.68,0.68
2705000261,订单结算收入,84.82,84.82,84.82,0.00,0.00,0.00,2026-04-27 07:15:32,订单结算,84.82,84.82,84.82
2705000261,平台技术服务费,0.00,0.00,0.00,0.51,0.51,0.51,2026-04-28 19:24:26,费用扣除,-0.51,0.51,0.51
2705000323,订单结算收入,120.59,120.59,120.59,0.00,0.00,0.00,2026-04-27 00:21:34,订单结算,120.59,120.59,120.59
2705000323,平台技术服务费,0.00,0.00,0.00,0.73,0.73,0.73,2026-04-28 09:02:48,费用扣除,-0.73,0.73,0.73
2705000092,订单结算收入,27.39,27.39,27.39,0.00,0.00,0.00,2026-04-27 22:28:01,订单结算,27.39,27.39,27.39
2705000092,平台技术服务费,0.00,0.00,0.00,0.17,0.17,0.17,2026-04-28 04:12:47,费用扣除,-0.17,0.17,0.17
2705000402,订单结算收入,19.27,19.27,19.27,0.00,0.00,0.00,2026-04-27 01:31:04,订单结算,19.27,19.27,19.27
2705000402,平台技术服务费,0.00,0.00,0.00,0.12,0.12,0.12,2026-04-28 21:17:05,费用扣除,-0.12,0.12,0.12
2705000067,订单结算收入,67.39,67.39,67.39,0.00,0.00,0.00,2026-04-27 16:34:55,订单结算,67.39,67.39,67.39
2705000067,平台技术服务费,0.00,0.00,0.00,0.41,0.41,0.41,2026-04-28 19:39:40,费用扣除,-0.41,0.41,0.41
2705000049,订单结算收入,161.22,161.22,161.22,0.00,0.00,0.00,2026-04-27 03:17:02,订单结算,161.22,161.22,161.22
2705000049,平台技术服务费,0.00,0.00,0.00,0.97,0.97,0.97,2026-04-28 22:53:33,费用扣除,-0.97,0.97,0.97
2705000441,订单结算收入,84.64,84.64,84.64,0.00,0.00,0.00,2026-04-27 23:18:42,订单结算,84.64,84.64,84.64
2705000441,平台技术服务费,0.00,0.00,0.00,0.51,0.51,0.51,2026-04-28 23:09:27,费用扣除,-0.51,0.51,0.51
2705000206,订单结算收入,268.73,268.73,268.73,0.00,0.00,0.00,2026-04-27 22:30:43,订单结算,268.73,268.73,268.73
2705000206,平台技术服务费,0.00,0.00,0.00,1.62,1.62,1.62,2026-04-28 02:18:25,费用扣除,-1.62,1.62,1.62
2705000216,订单结算收入,178.40,178.40,178.40,0.00,0.00,0.00,2026-04-27 10:07:53,订单结算,178.40,178.40,178.40
2705000216,平台技术服务费,0.00,0.00,0.00,1.08,1.08,1.08,2026-04-28 09:57:16,费用扣除,-1.08,1.08,1.08
2705000152,订单结算收入,309.01,309.01,309.01,0.00,0.00,0.00,2026-04-27 13:41:47,订单结算,309.01,309.01,309.01
2705000152,平台技术服务费,0.00,0.00,0.00,1.87,1.87,1.87,2026-04-28 10:11:40,费用扣除,-1.87,1.87,1.87
2705000168,订单结算收入,57.09,57.09,57.09,0.00,0.00,0.00,2026-04-27 05:16:18,订单结算,57.09,57.09,57.09
2705000168,平台技术服务费,0.00,0.00,0.00,0.34,0.34,0.34,2026-04-28 21:34:54,费用扣除,-0.34,0.34,0.34
2705000081,订单结算收入,582.26,582.26,582.26,0.00,0.00,0.00,2026-04-28 02:19:39,订单结算,582.26,582.26,582.26
2705000081,平台技术服务费,0.00,0.00,0.00,3.51,3.51,3.51,2026-04-29 01:18:07,费用扣除,-3.51,3.51,3.51
2705000297,订单结算收入,103.63,103.63,103.63,0.00,0.00,0.00,2026-04-28 23:19:48,订单结算,103.63,103.63,103.63
2705000297,平台技术服务费,0.00,0.00,0.00,0.63,0.63,0.63,2026-04-29 21:59:29,费用扣除,-0.63,0.63,0.63
2705000105,订单结算收入,28.06,28.06,28.06,0.00,0.00,0.00,2026-04-28 10:05:12,订单结算,28.06,28.06,28.06
2705000105,平台技术服务费,0.00,0.00,0.00,0.17,0.17,0.17,2026-04-29 10:51:48,费用扣除,-0.17,0.17,0.17
2705000198,订单结算收入,98.61,98.61,98.61,0.00,0.00,0.00,2026-04-28 21:46:01,订单结算,98.61,98.61,98.61
2705000198,平台技术服务费,0.00,0.00,0.00,0.60,0.60,0.60,2026-04-29 00:01:30,费用扣除,-0.60,0.60,0.60
2705000126,订单结算收入,19.55,19.55,19.55,0.00,0.00,0.00,2026-04-28 06:49:36,订单结算,19.55,19.55,19.55
2705000126,平台技术服务费,0.00,0.00,0.00,0.20,0.20,0.20,2026-04-29 19:07:47,费用扣除,-0.20,0.20,0.20
2705000015,订单结算收入,95.45,95.45,95.45,0.00,0.00,0.00,2026-04-28 17:14:13,订单结算,95.45,95.45,95.45
2705000015,平台技术服务费,0.00,0.00,0.00,0.58,0.58,0.58,2026-04-29 21:16:23,费用扣除,-0.58,0.58,0.58
2705000221,订单结算收入,24.70,24.70,24.70,0.00,0.00,0.00,2026-04-28 19:02:45,订单结算,24.70,24.70,24.70
2705000221,平台技术服务费,0.00,0.00,0.00,0.15,0.15,0.15,2026-04-29 07:17:47,费用扣除,-0.15,0.15,0.15
2705000289,订单结算收入,94.47,94.47,94.47,0.00,0.00,0.00,2026-04-28 22:09:44,订单结算,94.47,94.47,94.47
2705000289,平台技术服务费,0.00,0.00,0.00,0.57,0.57,0.57,2026-04-29 22:04:13,费用扣除,-0.57,0.57,0.57
2705000080,订单结算收入,26.35,26.35,26.35,0.00,0.00,0.00,2026-04-28 06:13:29,订单结算,26.35,26.35,26.35
2705000080,平台技术服务费,0.00,0.00,0.00,0.16,0.16,0.16,2026-04-29 03:54:24,费用扣除,-0.16,0.16,0.16
2705000263,订单结算收入,56.59,56.59,56.59,0.00,0.00,0.00,2026-04-28 19:31:01,订单结算,56.59,56.59,56.59
2705000263,平台技术服务费,0.00,0.00,0.00,0.34,0.34,0.34,2026-04-29 04:17:55,费用扣除,-0.34,0.34,0.34
2705000130,订单结算收入,126.98,126.98,126.98,0.00,0.00,0.00,2026-04-28 14:07:30,订单结算,126.98,126.98,126.98
2705000130,平台技术服务费,0.00,0.00,0.00,0.77,0.77,0.77,2026-04-29 04:09:51,费用扣除,-0.77,0.77,0.77
2705000036,订单结算收入,54.07,54.07,54.07,0.00,0.00,0.00,2026-04-28 19:21:20,订单结算,54.07,54.07,54.07
2705000036,平台技术服务费,0.00,0.00,0.00,0.33,0.33,0.33,2026-04-29 14:00:29,费用扣除,-0.33,0.33,0.33
2705000427,订单结算收入,102.94,102.94,102.94,0.00,0.00,0.00,2026-04-28 05:59:49,订单结算,102.94,102.94,102.94
2705000427,平台技术服务费,0.00,0.00,0.00,0.62,0.62,0.62,2026-04-29 23:06:23,费用扣除,-0.62,0.62,0.62
2705000036,0030003百亿补贴扣点,0.00,0.00,0.00,14.10,14.10,14.10,2026-04-28 17:34:19,技术服务费,-14.10,14.10,14.10
2705000431,订单结算收入,49.38,49.38,49.38,0.00,0.00,0.00,2026-04-29 23:27:38,订单结算,49.38,49.38,49.38
2705000431,平台技术服务费,0.00,0.00,0.00,0.30,0.30,0.30,2026-04-30 15:30:46,费用扣除,-0.30,0.30,0.30
2705000456,订单结算收入,115.38,115.38,115.38,0.00,0.00,0.00,2026-04-29 04:01:12,订单结算,115.38,115.38,115.38
2705000456,平台技术服务费,0.00,0.00,0.00,1.17,1.17,1.17,2026-04-30 17:35:40,费用扣除,-1.17,1.17,1.17
2705000137,订单结算收入,53.01,53.01,53.01,0.00,0.00,0.00,2026-04-29 11:42:28,订单结算,53.01,53.01,53.01
2705000137,平台技术服务费,0.00,0.00,0.00,0.32,0.32,0.32,2026-04-30 10:48:40,费用扣除,-0.32,0.32,0.32
2705000463,订单结算收入,44.94,44.94,44.94,0.00,0.00,0.00,2026-04-29 15:03:11,订单结算,44.94,44.94,44.94
2705000463,平台技术服务费,0.00,0.00,0.00,0.45,0.45,0.45,2026-04-30 12:12:57,费用扣除,-0.45,0.45,0.45
2705000032,订单结算收入,171.74,171.74,171.74,0.00,0.00,0.00,2026-04-29 13:53:23,订单结算,171.74,171.74,171.74
2705000032,平台技术服务费,0.00,0.00,0.00,1.04,1.04,1.04,2026-04-30 02:30:12,费用扣除,-1.04,1.04,1.04
2705000447,订单结算收入,76.87,76.87,76.87,0.00,0.00,0.00,2026-04-29 23:32:37,订单结算,76.87,76.87,76.87
2705000447,平台技术服务费,0.00,0.00,0.00,0.78,0.78,0.78,2026-04-30 05:34:06,费用扣除,-0.78,0.78,0.78
2705000487,订单结算收入,221.92,221.92,221.92,0.00,0.00,0.00,2026-04-29 22:22:29,订单结算,221.92,221.92,221.92
2705000487,平台技术服务费,0.00,0.00,0.00,1.34,1.34,1.34,2026-04-30 17:20:31,费用扣除,-1.34,1.34,1.34
2705000336,订单结算收入,170.62,170.62,170.62,0.00,0.00,0.00,2026-04-29 19:15:39,订单结算,170.62,170.62,170.62
2705000336,平台技术服务费,0.00,0.00,0.00,1.03,1.03,1.03,2026-04-30 14:48:06,费用扣除,-1.03,1.03,1.03
2705000150,订单结算收入,196.73,196.73,196.73,0.00,0.00,0.00,2026-04-29 02:48:23,订单结算,196.73,196.73,196.73
2705000150,平台技术服务费,0.00,0.00,0.00,1.19,1.19,1.19,2026-04-30 06:46:11,费用扣除,-1.19,1.19,1.19
2705000176,订单结算收入,35.09,35.09,35.09,0.00,0.00,0.00,2026-04-29 01:13:19,订单结算,35.09,35.09,35.09
2705000176,平台技术服务费,0.00,0.00,0.00,0.21,0.21,0.21,2026-04-30 23:29:18,费用扣除,-0.21,0.21,0.21
2705000390,订单结算收入,51.43,51.43,51.43,0.00,0.00,0.00,2026-04-29 17:59:54,订单结算,51.43,51.43,51.43
2705000390,平台技术服务费,0.00,0.00,0.00,0.31,0.31,0.31,2026-04-30 14:48:21,费用扣除,-0.31,0.31,0.31
2705000137,004延迟发货罚款,0.00,0.00,0.00,27.91,27.91,27.91,2026-04-29 17:59:23,罚款扣款,-27.91,27.91,27.91
2705000054,订单结算收入,98.06,98.06,98.06,0.00,0.00,0.00,2026-04-30 14:30:11,订单结算,98.06,98.06,98.06
2705000054,平台技术服务费,0.00,0.00,0.00,0.59,0.59,0.59,2026-05-01 23:42:19,费用扣除,-0.59,0.59,0.59
2705000128,订单结算收入,84.30,84.30,84.30,0.00,0.00,0.00,2026-04-30 21:48:46,订单结算,84.30,84.30,84.30
2705000128,平台技术服务费,0.00,0.00,0.00,0.51,0.51,0.51,2026-05-01 07:06:14,费用扣除,-0.51,0.51,0.51
2705000479,订单结算收入,194.27,194.27,194.27,0.00,0.00,0.00,2026-04-30 14:51:50,订单结算,194.27,194.27,194.27
2705000479,平台技术服务费,0.00,0.00,0.00,1.96,1.96,1.96,2026-05-01 07:58:52,费用扣除,-1.96,1.96,1.96
2705000260,订单结算收入,69.64,69.64,69.64,0.00,0.00,0.00,2026-04-30 09:52:55,订单结算,69.64,69.64,69.64
2705000260,平台技术服务费,0.00,0.00,0.00,0.42,0.42,0.42,2026-05-01 15:52:24,费用扣除,-0.42,0.42,0.42
2705000056,订单结算收入,226.83,226.83,226.83,0.00,0.00,0.00,2026-04-30 09:17:40,订单结算,226.83,226.83,226.83
2705000056,平台技术服务费,0.00,0.00,0.00,1.37,1.37,1.37,2026-05-01 16:27:46,费用扣除,-1.37,1.37,1.37
2705000048,订单结算收入,143.63,143.63,143.63,0.00,0.00,0.00,2026-04-30 11:48:19,订单结算,143.63,143.63,143.63
2705000048,平台技术服务费,0.00,0.00,0.00,0.87,0.87,0.87,2026-05-01 12:20:34,费用扣除,-0.87,0.87,0.87
2705000472,订单结算收入,255.37,255.37,255.37,0.00,0.00,0.00,2026-04-30 08:14:18,订单结算,255.37,255.37,255.37
2705000472,平台技术服务费,0.00,0.00,0.00,1.54,1.54,1.54,2026-05-01 19:10:03,费用扣除,-1.54,1.54,1.54
2705000457,订单结算收入,110.56,110.56,110.56,0.00,0.00,0.00,2026-04-30 10:14:43,订单结算,110.56,110.56,110.56
2705000457,平台技术服务费,0.00,0.00,0.00,0.67,0.67,0.67,2026-05-01 06:12:03,费用扣除,-0.67,0.67,0.67
2705000335,订单结算收入,22.61,22.61,22.61,0.00,0.00,0.00,2026-04-30 15:51:00,订单结算,22.61,22.61,22.61
2705000335,平台技术服务费,0.00,0.00,0.00,0.14,0.14,0.14,2026-05-01 05:47:54,费用扣除,-0.14,0.14,0.14
2705000314,订单结算收入,33.57,33.57,33.57,0.00,0.00,0.00,2026-04-30 07:10:19,订单结算,33.57,33.57,33.57
2705000314,平台技术服务费,0.00,0.00,0.00,0.20,0.20,0.20,2026-05-01 23:29:25,费用扣除,-0.20,0.20,0.20
2705000413,订单结算收入,96.25,96.25,96.25,0.00,0.00,0.00,2026-04-30 05:29:20,订单结算,96.25,96.25,96.25
2705000413,平台技术服务费,0.00,0.00,0.00,0.58,0.58,0.58,2026-05-01 00:17:52,费用扣除,-0.58,0.58,0.58
2705000489,订单结算收入,329.24,329.24,329.24,0.00,0.00,0.00,2026-04-30 20:30:02,订单结算,329.24,329.24,329.24
2705000489,平台技术服务费,0.00,0.00,0.00,1.99,1.99,1.99,2026-05-01 15:20:07,费用扣除,-1.99,1.99,1.99
2705000356,订单结算收入,95.80,95.80,95.80,0.00,0.00,0.00,2026-05-01 16:35:43,订单结算,95.80,95.80,95.80
2705000356,平台技术服务费,0.00,0.00,0.00,0.58,0.58,0.58,2026-05-02 19:54:38,费用扣除,-0.58,0.58,0.58
2705000320,订单结算收入,329.24,329.24,329.24,0.00,0.00,0.00,2026-05-01 15:07:26,订单结算,329.24,329.24,329.24
2705000320,平台技术服务费,0.00,0.00,0.00,1.99,1.99,1.99,2026-05-02 14:54:42,费用扣除,-1.99,1.99,1.99
2705000393,订单结算收入,173.20,173.20,173.20,0.00,0.00,0.00,2026-05-01 10:18:44,订单结算,173.20,173.20,173.20
2705000393,平台技术服务费,0.00,0.00,0.00,1.05,1.05,1.05,2026-05-02 20:58:28,费用扣除,-1.05,1.05,1.05
2705000127,订单结算收入,180.36,180.36,180.36,0.00,0.00,0.00,2026-05-01 02:22:21,订单结算,180.36,180.36,180.36
2705000127,平台技术服务费,0.00,0.00,0.00,1.09,1.09,1.09,2026-05-02 00:31:35,费用扣除,-1.09,1.09,1.09
2705000258,订单结算收入,166.35,166.35,166.35,0.00,0.00,0.00,2026-05-02 04:13:30,订单结算,166.35,166.35,166.35
2705000258,平台技术服务费,0.00,0.00,0.00,1.00,1.00,1.00,2026-05-03 04:31:54,费用扣除,-1.00,1.00,1.00
2705000369,订单结算收入,110.81,110.81,110.81,0.00,0.00,0.00,2026-05-02 23:20:26,订单结算,110.81,110.81,110.81
2705000369,平台技术服务费,0.00,0.00,0.00,1.12,1.12,1.12,2026-05-03 20:05:54,费用扣除,-1.12,1.12,1.12
2705000009,订单结算收入,172.44,172.44,172.44,0.00,0.00,0.00,2026-05-02 04:25:42,订单结算,172.44,172.44,172.44
2705000009,平台技术服务费,0.00,0.00,0.00,1.04,1.04,1.04,2026-05-03 22:21:05,费用扣除,-1.04,1.04,1.04
2705000352,订单结算收入,70.57,70.57,70.57,0.00,0.00,0.00,2026-05-02 12:22:59,订单结算,70.57,70.57,70.57
2705000352,平台技术服务费,0.00,0.00,0.00,0.43,0.43,0.43,2026-05-03 13:14:08,费用扣除,-0.43,0.43,0.43
2705000213,订单结算收入,87.56,87.56,87.56,0.00,0.00,0.00,2026-05-02 07:58:08,订单结算,87.56,87.56,87.56
2705000213,平台技术服务费,0.00,0.00,0.00,0.53,0.53,0.53,2026-05-03 14:53:25,费用扣除,-0.53,0.53,0.53
2705000399,订单结算收入,63.08,63.08,63.08,0.00,0.00,0.00,2026-05-02 23:52:26,订单结算,63.08,63.08,63.08
2705000399,平台技术服务费,0.00,0.00,0.00,0.64,0.64,0.64,2026-05-03 07:34:21,费用扣除,-0.64,0.64,0.64
2705000449,订单结算收入,102.18,102.18,102.18,0.00,0.00,0.00,2026-05-02 18:11:25,订单结算,102.18,102.18,102.18
2705000449,平台技术服务费,0.00,0.00,0.00,0.62,0.62,0.62,2026-05-03 22:21:24,费用扣除,-0.62,0.62,0.62
2705000405,订单结算收入,37.37,37.37,37.37,0.00,0.00,0.00,2026-05-02 14:28:26,订单结算,37.37,37.37,37.37
2705000405,平台技术服务费,0.00,0.00,0.00,0.23,0.23,0.23,2026-05-03 20:26:52,费用扣除,-0.23,0.23,0.23
2705000412,订单结算收入,62.08,62.08,62.08,0.00,0.00,0.00,2026-05-02 10:39:48,订单结算,62.08,62.08,62.08
2705000412,平台技术服务费,0.00,0.00,0.00,0.37,0.37,0.37,2026-05-03 21:20:01,费用扣除,-0.37,0.37,0.37
2705000405,004延迟发货罚款,0.00,0.00,0.00,38.19,38.19,38.19,2026-05-02 08:11:35,罚款扣款,-38.19,38.19,38.19
2705000076,订单结算收入,62.59,62.59,62.59,0.00,0.00,0.00,2026-05-03 08:11:05,订单结算,62.59,62.59,62.59
2705000076,平台技术服务费,0.00,0.00,0.00,0.38,0.38,0.38,2026-05-04 06:37:18,费用扣除,-0.38,0.38,0.38
2705000443,订单结算收入,472.04,472.04,472.04,0.00,0.00,0.00,2026-05-03 04:58:16,订单结算,472.04,472.04,472.04
2705000443,平台技术服务费,0.00,0.00,0.00,2.85,2.85,2.85,2026-05-04 01:04:23,费用扣除,-2.85,2.85,2.85
2705000191,订单结算收入,56.24,56.24,56.24,0.00,0.00,0.00,2026-05-03 05:07:22,订单结算,56.24,56.24,56.24
2705000191,平台技术服务费,0.00,0.00,0.00,0.34,0.34,0.34,2026-05-04 23:23:20,费用扣除,-0.34,0.34,0.34
2705000444,订单结算收入,106.13,106.13,106.13,0.00,0.00,0.00,2026-05-03 23:32:46,订单结算,106.13,106.13,106.13
2705000444,平台技术服务费,0.00,0.00,0.00,0.64,0.64,0.64,2026-05-04 23:04:40,费用扣除,-0.64,0.64,0.64
2705000174,订单结算收入,153.52,153.52,153.52,0.00,0.00,0.00,2026-05-03 16:10:03,订单结算,153.52,153.52,153.52
2705000174,平台技术服务费,0.00,0.00,0.00,0.93,0.93,0.93,2026-05-04 11:07:27,费用扣除,-0.93,0.93,0.93
2705000491,订单结算收入,171.53,171.53,171.53,0.00,0.00,0.00,2026-05-03 09:31:37,订单结算,171.53,171.53,171.53
2705000491,平台技术服务费,0.00,0.00,0.00,1.04,1.04,1.04,2026-05-04 04:24:30,费用扣除,-1.04,1.04,1.04
2705000034,订单结算收入,53.52,53.52,53.52,0.00,0.00,0.00,2026-05-03 20:14:33,订单结算,53.52,53.52,53.52
2705000034,平台技术服务费,0.00,0.00,0.00,0.32,0.32,0.32,2026-05-04 18:08:18,费用扣除,-0.32,0.32,0.32
2705000278,订单结算收入,66.22,66.22,66.22,0.00,0.00,0.00,2026-05-03 11:21:29,订单结算,66.22,66.22,66.22
2705000278,平台技术服务费,0.00,0.00,0.00,0.40,0.40,0.40,2026-05-04 18:10:31,费用扣除,-0.40,0.40,0.40
2705000078,订单结算收入,83.76,83.76,83.76,0.00,0.00,0.00,2026-05-03 07:04:53,订单结算,83.76,83.76,83.76
2705000078,平台技术服务费,0.00,0.00,0.00,0.51,0.51,0.51,2026-05-04 21:35:24,费用扣除,-0.51,0.51,0.51
2705000112,订单结算收入,150.16,150.16,150.16,0.00,0.00,0.00,2026-05-03 03:10:52,订单结算,150.16,150.16,150.16
2705000112,平台技术服务费,0.00,0.00,0.00,1.52,1.52,1.52,2026-05-04 18:53:57,费用扣除,-1.52,1.52,1.52
2705000194,订单结算收入,210.01,210.01,210.01,0.00,0.00,0.00,2026-05-03 15:41:14,订单结算,210.01,210.01,210.01
2705000194,平台技术服务费,0.00,0.00,0.00,1.27,1.27,1.27,2026-05-04 19:13:12,费用扣除,-1.27,1.27,1.27
2705000256,订单结算收入,165.20,165.20,165.20,0.00,0.00,0.00,2026-05-03 01:33:38,订单结算,165.20,165.20,165.20
2705000256,平台技术服务费,0.00,0.00,0.00,1.00,1.00,1.00,2026-05-04 20:55:30,费用扣除,-1.00,1.00,1.00
2705000079,订单结算收入,198.38,198.38,198.38,0.00,0.00,0.00,2026-05-03 00:01:53,订单结算,198.38,198.38,198.38
2705000079,平台技术服务费,0.00,0.00,0.00,1.20,1.20,1.20,2026-05-04 23:57:49,费用扣除,-1.20,1.20,1.20
2705000007,订单结算收入,64.50,64.50,64.50,0.00,0.00,0.00,2026-05-04 01:20:35,订单结算,64.50,64.50,64.50
2705000007,平台技术服务费,0.00,0.00,0.00,0.39,0.39,0.39,2026-05-05 10:22:53,费用扣除,-0.39,0.39,0.39
2705000138,订单结算收入,323.49,323.49,323.49,0.00,0.00,0.00,2026-05-04 17:36:58,订单结算,323.49,323.49,323.49
2705000138,平台技术服务费,0.00,0.00,0.00,1.95,1.95,1.95,2026-05-05 02:17:41,费用扣除,-1.95,1.95,1.95
2705000514,订单结算收入,181.57,181.57,181.57,0.00,0.00,0.00,2026-05-04 01:09:25,订单结算,181.57,181.57,181.57
2705000514,平台技术服务费,0.00,0.00,0.00,1.10,1.10,1.10,2026-05-05 10:37:54,费用扣除,-1.10,1.10,1.10
2705000275,订单结算收入,83.19,83.19,83.19,0.00,0.00,0.00,2026-05-04 14:05:00,订单结算,83.19,83.19,83.19
2705000275,平台技术服务费,0.00,0.00,0.00,0.50,0.50,0.50,2026-05-05 02:24:43,费用扣除,-0.50,0.50,0.50
2705000172,订单结算收入,188.71,188.71,188.71,0.00,0.00,0.00,2026-05-04 10:13:38,订单结算,188.71,188.71,188.71
2705000172,平台技术服务费,0.00,0.00,0.00,1.14,1.14,1.14,2026-05-05 23:34:43,费用扣除,-1.14,1.14,1.14
2705000517,订单结算收入,746.29,746.29,746.29,0.00,0.00,0.00,2026-05-04 02:56:54,订单结算,746.29,746.29,746.29
2705000517,平台技术服务费,0.00,0.00,0.00,7.54,7.54,7.54,2026-05-05 20:57:13,费用扣除,-7.54,7.54,7.54
2705000374,订单结算收入,91.23,91.23,91.23,0.00,0.00,0.00,2026-05-04 18:13:07,订单结算,91.23,91.23,91.23
2705000374,平台技术服务费,0.00,0.00,0.00,0.55,0.55,0.55,2026-05-05 00:13:43,费用扣除,-0.55,0.55,0.55
2705000140,订单结算收入,111.50,111.50,111.50,0.00,0.00,0.00,2026-05-04 01:25:56,订单结算,111.50,111.50,111.50
2705000140,平台技术服务费,0.00,0.00,0.00,0.67,0.67,0.67,2026-05-05 23:28:57,费用扣除,-0.67,0.67,0.67
2705000016,订单结算收入,84.73,84.73,84.73,0.00,0.00,0.00,2026-05-04 17:03:14,订单结算,84.73,84.73,84.73
2705000016,平台技术服务费,0.00,0.00,0.00,0.51,0.51,0.51,2026-05-05 01:43:01,费用扣除,-0.51,0.51,0.51
2705000374,004延迟发货罚款,0.00,0.00,0.00,37.22,37.22,37.22,2026-05-04 08:54:17,罚款扣款,-37.22,37.22,37.22
2705000450,订单结算收入,81.66,81.66,81.66,0.00,0.00,0.00,2026-05-05 20:35:02,订单结算,81.66,81.66,81.66
2705000450,平台技术服务费,0.00,0.00,0.00,0.49,0.49,0.49,2026-05-06 20:58:31,费用扣除,-0.49,0.49,0.49
2705000500,订单结算收入,67.85,67.85,67.85,0.00,0.00,0.00,2026-05-05 20:11:38,订单结算,67.85,67.85,67.85
2705000500,平台技术服务费,0.00,0.00,0.00,0.41,0.41,0.41,2026-05-06 15:46:24,费用扣除,-0.41,0.41,0.41
2705000187,订单结算收入,100.74,100.74,100.74,0.00,0.00,0.00,2026-05-05 08:59:40,订单结算,100.74,100.74,100.74
2705000187,平台技术服务费,0.00,0.00,0.00,0.61,0.61,0.61,2026-05-06 08:04:04,费用扣除,-0.61,0.61,0.61
2705000452,订单结算收入,162.44,162.44,162.44,0.00,0.00,0.00,2026-05-05 03:43:52,订单结算,162.44,162.44,162.44
2705000452,平台技术服务费,0.00,0.00,0.00,0.98,0.98,0.98,2026-05-06 14:45:14,费用扣除,-0.98,0.98,0.98
2705000375,订单结算收入,146.94,146.94,146.94,0.00,0.00,0.00,2026-05-05 03:33:49,订单结算,146.94,146.94,146.94
2705000375,平台技术服务费,0.00,0.00,0.00,0.89,0.89,0.89,2026-05-06 12:33:32,费用扣除,-0.89,0.89,0.89
2705000237,订单结算收入,102.15,102.15,102.15,0.00,0.00,0.00,2026-05-05 06:49:40,订单结算,102.15,102.15,102.15
2705000237,平台技术服务费,0.00,0.00,0.00,1.03,1.03,1.03,2026-05-06 00:26:34,费用扣除,-1.03,1.03,1.03
2705000133,订单结算收入,112.06,112.06,112.06,0.00,0.00,0.00,2026-05-05 21:51:13,订单结算,112.06,112.06,112.06
2705000133,平台技术服务费,0.00,0.00,0.00,0.68,0.68,0.68,2026-05-06 07:51:33,费用扣除,-0.68,0.68,0.68
2705000341,订单结算收入,27.16,27.16,27.16,0.00,0.00,0.00,2026-05-05 15:13:02,订单结算,27.16,27.16,27.16
2705000341,平台技术服务费,0.00,0.00,0.00,0.16,0.16,0.16,2026-05-06 20:43:15,费用扣除,-0.16,0.16,0.16
2705000028,订单结算收入,83.64,83.64,83.64,0.00,0.00,0.00,2026-05-05 12:18:39,订单结算,83.64,83.64,83.64
2705000028,平台技术服务费,0.00,0.00,0.00,0.84,0.84,0.84,2026-05-06 22:24:02,费用扣除,-0.84,0.84,0.84
2705000017,订单结算收入,67.71,67.71,67.71,0.00,0.00,0.00,2026-05-05 06:07:23,订单结算,67.71,67.71,67.71
2705000017,平台技术服务费,0.00,0.00,0.00,0.41,0.41,0.41,2026-05-06 13:06:30,费用扣除,-0.41,0.41,0.41
2705000312,订单结算收入,38.30,38.30,38.30,0.00,0.00,0.00,2026-05-06 15:33:50,订单结算,38.30,38.30,38.30
2705000312,平台技术服务费,0.00,0.00,0.00,0.23,0.23,0.23,2026-05-07 22:37:10,费用扣除,-0.23,0.23,0.23
2705000396,订单结算收入,211.37,211.37,211.37,0.00,0.00,0.00,2026-05-06 06:50:28,订单结算,211.37,211.37,211.37
2705000396,平台技术服务费,0.00,0.00,0.00,1.28,1.28,1.28,2026-05-07 18:28:31,费用扣除,-1.28,1.28,1.28
2705000264,订单结算收入,64.59,64.59,64.59,0.00,0.00,0.00,2026-05-06 01:10:18,订单结算,64.59,64.59,64.59
2705000264,平台技术服务费,0.00,0.00,0.00,0.65,0.65,0.65,2026-05-07 10:21:18,费用扣除,-0.65,0.65,0.65
2705000141,订单结算收入,190.58,190.58,190.58,0.00,0.00,0.00,2026-05-06 10:48:57,订单结算,190.58,190.58,190.58
2705000141,平台技术服务费,0.00,0.00,0.00,1.15,1.15,1.15,2026-05-07 13:38:59,费用扣除,-1.15,1.15,1.15
2705000025,订单结算收入,106.06,106.06,106.06,0.00,0.00,0.00,2026-05-06 02:34:21,订单结算,106.06,106.06,106.06
2705000025,平台技术服务费,0.00,0.00,0.00,0.64,0.64,0.64,2026-05-07 19:28:24,费用扣除,-0.64,0.64,0.64
2705000089,订单结算收入,95.25,95.25,95.25,0.00,0.00,0.00,2026-05-06 10:48:38,订单结算,95.25,95.25,95.25
2705000089,平台技术服务费,0.00,0.00,0.00,0.57,0.57,0.57,2026-05-07 02:29:13,费用扣除,-0.57,0.57,0.57
2705000207,订单结算收入,116.55,116.55,116.55,0.00,0.00,0.00,2026-05-06 12:52:40,订单结算,116.55,116.55,116.55
2705000207,平台技术服务费,0.00,0.00,0.00,0.70,0.70,0.70,2026-05-07 18:58:29,费用扣除,-0.70,0.70,0.70
2705000408,订单结算收入,157.45,157.45,157.45,0.00,0.00,0.00,2026-05-06 17:15:03,订单结算,157.45,157.45,157.45
2705000408,平台技术服务费,0.00,0.00,0.00,0.95,0.95,0.95,2026-05-07 19:35:24,费用扣除,-0.95,0.95,0.95
2705000506,订单结算收入,64.13,64.13,64.13,0.00,0.00,0.00,2026-05-06 18:07:43,订单结算,64.13,64.13,64.13
2705000506,平台技术服务费,0.00,0.00,0.00,0.39,0.39,0.39,2026-05-07 19:00:52,费用扣除,-0.39,0.39,0.39
2705000089,0030002百亿补贴技术服务费,0.00,0.00,0.00,10.85,10.85,10.85,2026-05-06 18:11:43,技术服务费,-10.85,10.85,10.85
2705000435,订单结算收入,32.78,32.78,32.78,0.00,0.00,0.00,2026-05-07 10:06:58,订单结算,32.78,32.78,32.78
2705000435,平台技术服务费,0.00,0.00,0.00,0.20,0.20,0.20,2026-05-08 12:34:58,费用扣除,-0.20,0.20,0.20
2705000438,订单结算收入,304.33,304.33,304.33,0.00,0.00,0.00,2026-05-07 13:58:32,订单结算,304.33,304.33,304.33
2705000438,平台技术服务费,0.00,0.00,0.00,3.07,3.07,3.07,2026-05-08 21:41:15,费用扣除,-3.07,3.07,3.07
2705000154,订单结算收入,18.06,18.06,18.06,0.00,0.00,0.00,2026-05-07 18:22:22,订单结算,18.06,18.06,18.06
2705000154,平台技术服务费,0.00,0.00,0.00,0.11,0.11,0.11,2026-05-08 13:48:53,费用扣除,-0.11,0.11,0.11
2705000419,订单结算收入,151.70,151.70,151.70,0.00,0.00,0.00,2026-05-07 13:55:22,订单结算,151.70,151.70,151.70
2705000419,平台技术服务费,0.00,0.00,0.00,1.53,1.53,1.53,2026-05-08 06:04:07,费用扣除,-1.53,1.53,1.53
2705000342,订单结算收入,30.65,30.65,30.65,0.00,0.00,0.00,2026-05-07 06:59:59,订单结算,30.65,30.65,30.65
2705000342,平台技术服务费,0.00,0.00,0.00,0.18,0.18,0.18,2026-05-08 04:24:07,费用扣除,-0.18,0.18,0.18
2705000432,订单结算收入,27.03,27.03,27.03,0.00,0.00,0.00,2026-05-07 00:37:37,订单结算,27.03,27.03,27.03
2705000432,平台技术服务费,0.00,0.00,0.00,0.16,0.16,0.16,2026-05-08 11:46:07,费用扣除,-0.16,0.16,0.16
2705000001,订单结算收入,233.19,233.19,233.19,0.00,0.00,0.00,2026-05-07 13:26:26,订单结算,233.19,233.19,233.19
2705000001,平台技术服务费,0.00,0.00,0.00,1.41,1.41,1.41,2026-05-08 19:48:41,费用扣除,-1.41,1.41,1.41
2705000355,订单结算收入,19.33,19.33,19.33,0.00,0.00,0.00,2026-05-07 02:47:04,订单结算,19.33,19.33,19.33
2705000355,平台技术服务费,0.00,0.00,0.00,0.12,0.12,0.12,2026-05-08 08:30:44,费用扣除,-0.12,0.12,0.12
2705000494,订单结算收入,316.89,316.89,316.89,0.00,0.00,0.00,2026-05-07 18:13:28,订单结算,316.89,316.89,316.89
2705000494,平台技术服务费,0.00,0.00,0.00,3.20,3.20,3.20,2026-05-08 05:38:40,费用扣除,-3.20,3.20,3.20
2705000302,订单结算收入,204.83,204.83,204.83,0.00,0.00,0.00,2026-05-07 02:41:58,订单结算,204.83,204.83,204.83
2705000302,平台技术服务费,0.00,0.00,0.00,2.07,2.07,2.07,2026-05-08 04:34:20,费用扣除,-2.07,2.07,2.07
2705000475,订单结算收入,234.86,234.86,234.86,0.00,0.00,0.00,2026-05-07 12:06:09,订单结算,234.86,234.86,234.86
2705000475,平台技术服务费,0.00,0.00,0.00,1.42,1.42,1.42,2026-05-08 02:53:53,费用扣除,-1.42,1.42,1.42
2705000075,订单结算收入,57.82,57.82,57.82,0.00,0.00,0.00,2026-05-07 06:31:11,订单结算,57.82,57.82,57.82
2705000075,平台技术服务费,0.00,0.00,0.00,0.58,0.58,0.58,2026-05-08 20:29:45,费用扣除,-0.58,0.58,0.58
2705000114,订单结算收入,246.09,246.09,246.09,0.00,0.00,0.00,2026-05-07 15:33:03,订单结算,246.09,246.09,246.09
2705000114,平台技术服务费,0.00,0.00,0.00,1.49,1.49,1.49,2026-05-08 10:48:18,费用扣除,-1.49,1.49,1.49
2705000429,订单结算收入,68.51,68.51,68.51,0.00,0.00,0.00,2026-05-07 08:01:33,订单结算,68.51,68.51,68.51
2705000429,平台技术服务费,0.00,0.00,0.00,0.41,0.41,0.41,2026-05-08 04:41:14,费用扣除,-0.41,0.41,0.41
2705000193,订单结算收入,116.79,116.79,116.79,0.00,0.00,0.00,2026-05-07 16:19:09,订单结算,116.79,116.79,116.79
2705000193,平台技术服务费,0.00,0.00,0.00,0.70,0.70,0.70,2026-05-08 21:51:34,费用扣除,-0.70,0.70,0.70
2705000154,004延迟发货罚款,0.00,0.00,0.00,5.21,5.21,5.21,2026-05-07 18:01:04,罚款扣款,-5.21,5.21,5.21
2705000242,订单结算收入,86.71,86.71,86.71,0.00,0.00,0.00,2026-05-08 02:02:03,订单结算,86.71,86.71,86.71
2705000242,平台技术服务费,0.00,0.00,0.00,0.52,0.52,0.52,2026-05-09 22:04:05,费用扣除,-0.52,0.52,0.52
2705000224,订单结算收入,272.59,272.59,272.59,0.00,0.00,0.00,2026-05-08 04:42:09,订单结算,272.59,272.59,272.59
2705000224,平台技术服务费,0.00,0.00,0.00,1.65,1.65,1.65,2026-05-09 15:15:24,费用扣除,-1.65,1.65,1.65
2705000279,订单结算收入,52.86,52.86,52.86,0.00,0.00,0.00,2026-05-08 04:35:19,订单结算,52.86,52.86,52.86
2705000279,平台技术服务费,0.00,0.00,0.00,0.32,0.32,0.32,2026-05-09 17:06:26,费用扣除,-0.32,0.32,0.32
2705000148,订单结算收入,81.61,81.61,81.61,0.00,0.00,0.00,2026-05-08 13:26:25,订单结算,81.61,81.61,81.61
2705000148,平台技术服务费,0.00,0.00,0.00,0.82,0.82,0.82,2026-05-09 19:10:19,费用扣除,-0.82,0.82,0.82
2705000042,订单结算收入,68.70,68.70,68.70,0.00,0.00,0.00,2026-05-08 09:35:42,订单结算,68.70,68.70,68.70
2705000042,平台技术服务费,0.00,0.00,0.00,0.41,0.41,0.41,2026-05-09 04:22:51,费用扣除,-0.41,0.41,0.41
2705000175,订单结算收入,82.34,82.34,82.34,0.00,0.00,0.00,2026-05-08 10:02:10,订单结算,82.34,82.34,82.34
2705000175,平台技术服务费,0.00,0.00,0.00,0.83,0.83,0.83,2026-05-09 20:15:08,费用扣除,-0.83,0.83,0.83
2705000310,订单结算收入,19.02,19.02,19.02,0.00,0.00,0.00,2026-05-08 19:04:54,订单结算,19.02,19.02,19.02
2705000310,平台技术服务费,0.00,0.00,0.00,0.11,0.11,0.11,2026-05-09 18:25:22,费用扣除,-0.11,0.11,0.11
2705000160,订单结算收入,116.16,116.16,116.16,0.00,0.00,0.00,2026-05-08 23:10:16,订单结算,116.16,116.16,116.16
2705000160,平台技术服务费,0.00,0.00,0.00,0.70,0.70,0.70,2026-05-09 20:22:47,费用扣除,-0.70,0.70,0.70
2705000157,订单结算收入,81.69,81.69,81.69,0.00,0.00,0.00,2026-05-08 18:12:26,订单结算,81.69,81.69,81.69
2705000157,平台技术服务费,0.00,0.00,0.00,0.49,0.49,0.49,2026-05-09 19:18:54,费用扣除,-0.49,0.49,0.49
2705000453,订单结算收入,168.70,168.70,168.70,0.00,0.00,0.00,2026-05-08 09:43:22,订单结算,168.70,168.70,168.70
2705000453,平台技术服务费,0.00,0.00,0.00,1.02,1.02,1.02,2026-05-09 14:13:03,费用扣除,-1.02,1.02,1.02
2705000083,订单结算收入,146.49,146.49,146.49,0.00,0.00,0.00,2026-05-08 09:14:32,订单结算,146.49,146.49,146.49
2705000083,平台技术服务费,0.00,0.00,0.00,0.88,0.88,0.88,2026-05-09 02:14:24,费用扣除,-0.88,0.88,0.88
2705000503,订单结算收入,80.09,80.09,80.09,0.00,0.00,0.00,2026-05-08 21:04:41,订单结算,80.09,80.09,80.09
2705000503,平台技术服务费,0.00,0.00,0.00,0.81,0.81,0.81,2026-05-09 07:24:26,费用扣除,-0.81,0.81,0.81
2705000381,订单结算收入,115.25,115.25,115.25,0.00,0.00,0.00,2026-05-08 02:33:36,订单结算,115.25,115.25,115.25
2705000381,平台技术服务费,0.00,0.00,0.00,0.70,0.70,0.70,2026-05-09 18:42:23,费用扣除,-0.70,0.70,0.70
2705000507,订单结算收入,41.57,41.57,41.57,0.00,0.00,0.00,2026-05-08 23:05:08,订单结算,41.57,41.57,41.57
2705000507,平台技术服务费,0.00,0.00,0.00,0.25,0.25,0.25,2026-05-09 17:06:51,费用扣除,-0.25,0.25,0.25
2705000507,004延迟发货罚款,0.00,0.00,0.00,47.44,47.44,47.44,2026-05-08 10:39:51,罚款扣款,-47.44,47.44,47.44
2705000507,006推广营销费,0.00,0.00,0.00,18.87,18.87,18.87,2026-05-08 08:57:30,营销费用,-18.87,18.87,18.87
2705000097,订单结算收入,134.49,134.49,134.49,0.00,0.00,0.00,2026-05-09 01:03:13,订单结算,134.49,134.49,134.49
2705000097,平台技术服务费,0.00,0.00,0.00,1.36,1.36,1.36,2026-05-10 07:49:25,费用扣除,-1.36,1.36,1.36
2705000383,订单结算收入,50.66,50.66,50.66,0.00,0.00,0.00,2026-05-09 07:43:56,订单结算,50.66,50.66,50.66
2705000383,平台技术服务费,0.00,0.00,0.00,0.31,0.31,0.31,2026-05-10 06:22:36,费用扣除,-0.31,0.31,0.31
2705000277,订单结算收入,27.48,27.48,27.48,0.00,0.00,0.00,2026-05-09 04:09:48,订单结算,27.48,27.48,27.48
2705000277,平台技术服务费,0.00,0.00,0.00,0.17,0.17,0.17,2026-05-10 09:30:17,费用扣除,-0.17,0.17,0.17
2705000398,订单结算收入,158.44,158.44,158.44,0.00,0.00,0.00,2026-05-09 14:10:54,订单结算,158.44,158.44,158.44
2705000398,平台技术服务费,0.00,0.00,0.00,0.96,0.96,0.96,2026-05-10 06:12:33,费用扣除,-0.96,0.96,0.96
2705000349,订单结算收入,225.02,225.02,225.02,0.00,0.00,0.00,2026-05-09 20:32:22,订单结算,225.02,225.02,225.02
2705000349,平台技术服务费,0.00,0.00,0.00,1.36,1.36,1.36,2026-05-10 17:28:08,费用扣除,-1.36,1.36,1.36
2705000037,订单结算收入,33.14,33.14,33.14,0.00,0.00,0.00,2026-05-09 13:00:30,订单结算,33.14,33.14,33.14
2705000037,平台技术服务费,0.00,0.00,0.00,0.20,0.20,0.20,2026-05-10 09:17:41,费用扣除,-0.20,0.20,0.20
2705000002,订单结算收入,52.75,52.75,52.75,0.00,0.00,0.00,2026-05-09 23:54:19,订单结算,52.75,52.75,52.75
2705000002,平台技术服务费,0.00,0.00,0.00,0.32,0.32,0.32,2026-05-10 10:53:40,费用扣除,-0.32,0.32,0.32
2705000241,订单结算收入,240.03,240.03,240.03,0.00,0.00,0.00,2026-05-09 23:35:53,订单结算,240.03,240.03,240.03
2705000241,平台技术服务费,0.00,0.00,0.00,1.45,1.45,1.45,2026-05-10 11:02:40,费用扣除,-1.45,1.45,1.45
2705000159,订单结算收入,603.60,603.60,603.60,0.00,0.00,0.00,2026-05-10 04:08:02,订单结算,603.60,603.60,603.60
2705000159,平台技术服务费,0.00,0.00,0.00,3.64,3.64,3.64,2026-05-11 10:03:53,费用扣除,-3.64,3.64,3.64
2705000327,订单结算收入,184.35,184.35,184.35,0.00,0.00,0.00,2026-05-10 21:31:05,订单结算,184.35,184.35,184.35
2705000327,平台技术服务费,0.00,0.00,0.00,1.11,1.11,1.11,2026-05-11 03:58:48,费用扣除,-1.11,1.11,1.11
2705000353,订单结算收入,89.59,89.59,89.59,0.00,0.00,0.00,2026-05-10 00:12:41,订单结算,89.59,89.59,89.59
2705000353,平台技术服务费,0.00,0.00,0.00,0.54,0.54,0.54,2026-05-11 09:18:02,费用扣除,-0.54,0.54,0.54
2705000455,订单结算收入,302.55,302.55,302.55,0.00,0.00,0.00,2026-05-10 05:38:11,订单结算,302.55,302.55,302.55
2705000455,平台技术服务费,0.00,0.00,0.00,1.83,1.83,1.83,2026-05-11 13:40:10,费用扣除,-1.83,1.83,1.83
2705000021,订单结算收入,72.61,72.61,72.61,0.00,0.00,0.00,2026-05-10 15:53:59,订单结算,72.61,72.61,72.61
2705000021,平台技术服务费,0.00,0.00,0.00,0.44,0.44,0.44,2026-05-11 12:26:51,费用扣除,-0.44,0.44,0.44
2705000205,订单结算收入,100.36,100.36,100.36,0.00,0.00,0.00,2026-05-10 05:50:10,订单结算,100.36,100.36,100.36
2705000205,平台技术服务费,0.00,0.00,0.00,0.61,0.61,0.61,2026-05-11 01:45:23,费用扣除,-0.61,0.61,0.61
2705000234,订单结算收入,109.74,109.74,109.74,0.00,0.00,0.00,2026-05-10 00:55:05,订单结算,109.74,109.74,109.74
2705000234,平台技术服务费,0.00,0.00,0.00,0.66,0.66,0.66,2026-05-11 18:44:05,费用扣除,-0.66,0.66,0.66
2705000400,订单结算收入,103.14,103.14,103.14,0.00,0.00,0.00,2026-05-10 10:06:47,订单结算,103.14,103.14,103.14
2705000400,平台技术服务费,0.00,0.00,0.00,0.62,0.62,0.62,2026-05-11 19:03:17,费用扣除,-0.62,0.62,0.62
2705000231,订单结算收入,316.98,316.98,316.98,0.00,0.00,0.00,2026-05-11 21:11:51,订单结算,316.98,316.98,316.98
2705000231,平台技术服务费,0.00,0.00,0.00,3.20,3.20,3.20,2026-05-12 19:51:46,费用扣除,-3.20,3.20,3.20
2705000233,订单结算收入,232.52,232.52,232.52,0.00,0.00,0.00,2026-05-11 00:15:39,订单结算,232.52,232.52,232.52
2705000233,平台技术服务费,0.00,0.00,0.00,1.40,1.40,1.40,2026-05-12 06:40:59,费用扣除,-1.40,1.40,1.40
2705000477,订单结算收入,110.11,110.11,110.11,0.00,0.00,0.00,2026-05-11 21:58:44,订单结算,110.11,110.11,110.11
2705000477,平台技术服务费,0.00,0.00,0.00,0.66,0.66,0.66,2026-05-12 14:35:54,费用扣除,-0.66,0.66,0.66
2705000116,订单结算收入,163.92,163.92,163.92,0.00,0.00,0.00,2026-05-11 19:55:04,订单结算,163.92,163.92,163.92
2705000116,平台技术服务费,0.00,0.00,0.00,0.99,0.99,0.99,2026-05-12 02:45:27,费用扣除,-0.99,0.99,0.99
2705000266,订单结算收入,52.70,52.70,52.70,0.00,0.00,0.00,2026-05-11 04:13:21,订单结算,52.70,52.70,52.70
2705000266,平台技术服务费,0.00,0.00,0.00,0.32,0.32,0.32,2026-05-12 14:50:16,费用扣除,-0.32,0.32,0.32
2705000024,订单结算收入,66.45,66.45,66.45,0.00,0.00,0.00,2026-05-12 08:17:09,订单结算,66.45,66.45,66.45
2705000024,平台技术服务费,0.00,0.00,0.00,0.40,0.40,0.40,2026-05-13 21:46:17,费用扣除,-0.40,0.40,0.40
2705000087,订单结算收入,57.09,57.09,57.09,0.00,0.00,0.00,2026-05-12 06:39:58,订单结算,57.09,57.09,57.09
2705000087,平台技术服务费,0.00,0.00,0.00,0.34,0.34,0.34,2026-05-13 04:49:43,费用扣除,-0.34,0.34,0.34
2705000223,订单结算收入,57.76,57.76,57.76,0.00,0.00,0.00,2026-05-12 09:06:47,订单结算,57.76,57.76,57.76
2705000223,平台技术服务费,0.00,0.00,0.00,0.35,0.35,0.35,2026-05-13 04:28:16,费用扣除,-0.35,0.35,0.35
2705000124,订单结算收入,150.54,150.54,150.54,0.00,0.00,0.00,2026-05-12 15:38:27,订单结算,150.54,150.54,150.54
2705000124,平台技术服务费,0.00,0.00,0.00,0.91,0.91,0.91,2026-05-13 23:36:51,费用扣除,-0.91,0.91,0.91
2705000301,订单结算收入,23.95,23.95,23.95,0.00,0.00,0.00,2026-05-12 17:25:37,订单结算,23.95,23.95,23.95
2705000301,平台技术服务费,0.00,0.00,0.00,0.14,0.14,0.14,2026-05-13 13:27:11,费用扣除,-0.14,0.14,0.14
2705000139,订单结算收入,107.32,107.32,107.32,0.00,0.00,0.00,2026-05-12 00:31:16,订单结算,107.32,107.32,107.32
2705000139,平台技术服务费,0.00,0.00,0.00,0.65,0.65,0.65,2026-05-13 19:51:40,费用扣除,-0.65,0.65,0.65
2705000334,订单结算收入,112.04,112.04,112.04,0.00,0.00,0.00,2026-05-12 04:03:22,订单结算,112.04,112.04,112.04
2705000334,平台技术服务费,0.00,0.00,0.00,0.68,0.68,0.68,2026-05-13 09:10:01,费用扣除,-0.68,0.68,0.68
2705000358,订单结算收入,171.67,171.67,171.67,0.00,0.00,0.00,2026-05-12 16:30:41,订单结算,171.67,171.67,171.67
2705000358,平台技术服务费,0.00,0.00,0.00,1.04,1.04,1.04,2026-05-13 10:49:30,费用扣除,-1.04,1.04,1.04
2705000379,订单结算收入,183.11,183.11,183.11,0.00,0.00,0.00,2026-05-12 00:09:36,订单结算,183.11,183.11,183.11
2705000379,平台技术服务费,0.00,0.00,0.00,1.11,1.11,1.11,2026-05-13 16:23:31,费用扣除,-1.11,1.11,1.11
2705000515,订单结算收入,24.53,24.53,24.53,0.00,0.00,0.00,2026-05-12 21:12:06,订单结算,24.53,24.53,24.53
2705000515,平台技术服务费,0.00,0.00,0.00,0.15,0.15,0.15,2026-05-13 14:20:38,费用扣除,-0.15,0.15,0.15
2705000469,订单结算收入,72.31,72.31,72.31,0.00,0.00,0.00,2026-05-12 16:58:36,订单结算,72.31,72.31,72.31
2705000469,平台技术服务费,0.00,0.00,0.00,0.44,0.44,0.44,2026-05-13 18:51:07,费用扣除,-0.44,0.44,0.44
2705000483,订单结算收入,53.42,53.42,53.42,0.00,0.00,0.00,2026-05-12 17:30:01,订单结算,53.42,53.42,53.42
2705000483,平台技术服务费,0.00,0.00,0.00,0.54,0.54,0.54,2026-05-13 09:49:24,费用扣除,-0.54,0.54,0.54
2705000280,订单结算收入,142.04,142.04,142.04,0.00,0.00,0.00,2026-05-13 13:00:01,订单结算,142.04,142.04,142.04
2705000280,平台技术服务费,0.00,0.00,0.00,0.86,0.86,0.86,2026-05-14 10:42:21,费用扣除,-0.86,0.86,0.86
2705000272,订单结算收入,168.34,168.34,168.34,0.00,0.00,0.00,2026-05-13 12:09:58,订单结算,168.34,168.34,168.34
2705000272,平台技术服务费,0.00,0.00,0.00,1.02,1.02,1.02,2026-05-14 19:08:19,费用扣除,-1.02,1.02,1.02
2705000005,订单结算收入,23.71,23.71,23.71,0.00,0.00,0.00,2026-05-13 09:28:31,订单结算,23.71,23.71,23.71
2705000005,平台技术服务费,0.00,0.00,0.00,0.24,0.24,0.24,2026-05-14 05:40:56,费用扣除,-0.24,0.24,0.24
2705000404,订单结算收入,113.43,113.43,113.43,0.00,0.00,0.00,2026-05-13 18:59:18,订单结算,113.43,113.43,113.43
2705000404,平台技术服务费,0.00,0.00,0.00,0.68,0.68,0.68,2026-05-14 09:50:16,费用扣除,-0.68,0.68,0.68
2705000321,订单结算收入,89.26,89.26,89.26,0.00,0.00,0.00,2026-05-13 10:52:32,订单结算,89.26,89.26,89.26
2705000321,平台技术服务费,0.00,0.00,0.00,0.54,0.54,0.54,2026-05-14 23:51:06,费用扣除,-0.54,0.54,0.54
2705000005,0030003百亿补贴扣点,0.00,0.00,0.00,15.16,15.16,15.16,2026-05-13 12:46:43,技术服务费,-15.16,15.16,15.16
2705000316,订单结算收入,289.03,289.03,289.03,0.00,0.00,0.00,2026-05-14 21:22:27,订单结算,289.03,289.03,289.03
2705000316,平台技术服务费,0.00,0.00,0.00,1.74,1.74,1.74,2026-05-15 23:25:30,费用扣除,-1.74,1.74,1.74
2705000366,订单结算收入,65.86,65.86,65.86,0.00,0.00,0.00,2026-05-14 04:58:39,订单结算,65.86,65.86,65.86
2705000366,平台技术服务费,0.00,0.00,0.00,0.40,0.40,0.40,2026-05-15 15:04:13,费用扣除,-0.40,0.40,0.40
2705000330,订单结算收入,73.92,73.92,73.92,0.00,0.00,0.00,2026-05-14 17:59:36,订单结算,73.92,73.92,73.92
2705000330,平台技术服务费,0.00,0.00,0.00,0.45,0.45,0.45,2026-05-15 11:17:42,费用扣除,-0.45,0.45,0.45
2705000273,订单结算收入,166.57,166.57,166.57,0.00,0.00,0.00,2026-05-14 22:46:05,订单结算,166.57,166.57,166.57
2705000273,平台技术服务费,0.00,0.00,0.00,1.01,1.01,1.01,2026-05-15 12:09:09,费用扣除,-1.01,1.01,1.01
2705000493,订单结算收入,89.93,89.93,89.93,0.00,0.00,0.00,2026-05-14 15:02:18,订单结算,89.93,89.93,89.93
2705000493,平台技术服务费,0.00,0.00,0.00,0.54,0.54,0.54,2026-05-15 05:05:54,费用扣除,-0.54,0.54,0.54
2705000085,订单结算收入,247.75,247.75,247.75,0.00,0.00,0.00,2026-05-14 22:40:54,订单结算,247.75,247.75,247.75
2705000085,平台技术服务费,0.00,0.00,0.00,2.50,2.50,2.50,2026-05-15 09:08:32,费用扣除,-2.50,2.50,2.50
2705000480,订单结算收入,126.40,126.40,126.40,0.00,0.00,0.00,2026-05-14 06:47:45,订单结算,126.40,126.40,126.40
2705000480,平台技术服务费,0.00,0.00,0.00,1.28,1.28,1.28,2026-05-15 09:14:27,费用扣除,-1.28,1.28,1.28
2705000385,订单结算收入,90.42,90.42,90.42,0.00,0.00,0.00,2026-05-14 15:42:38,订单结算,90.42,90.42,90.42
2705000385,平台技术服务费,0.00,0.00,0.00,0.91,0.91,0.91,2026-05-15 20:43:14,费用扣除,-0.91,0.91,0.91
2705000020,订单结算收入,16.04,16.04,16.04,0.00,0.00,0.00,2026-05-14 10:16:39,订单结算,16.04,16.04,16.04
2705000020,平台技术服务费,0.00,0.00,0.00,0.10,0.10,0.10,2026-05-15 11:11:20,费用扣除,-0.10,0.10,0.10
2705000311,订单结算收入,28.33,28.33,28.33,0.00,0.00,0.00,2026-05-14 07:09:49,订单结算,28.33,28.33,28.33
2705000311,平台技术服务费,0.00,0.00,0.00,0.17,0.17,0.17,2026-05-15 10:57:02,费用扣除,-0.17,0.17,0.17
2705000093,订单结算收入,88.02,88.02,88.02,0.00,0.00,0.00,2026-05-14 23:41:03,订单结算,88.02,88.02,88.02
2705000093,平台技术服务费,0.00,0.00,0.00,0.53,0.53,0.53,2026-05-15 18:53:02,费用扣除,-0.53,0.53,0.53
2705000330,006推广营销费,0.00,0.00,0.00,74.76,74.76,74.76,2026-05-14 14:39:00,营销费用,-74.76,74.76,74.76
2705000195,订单结算收入,37.85,37.85,37.85,0.00,0.00,0.00,2026-05-15 04:19:12,订单结算,37.85,37.85,37.85
2705000195,平台技术服务费,0.00,0.00,0.00,0.23,0.23,0.23,2026-05-16 20:25:20,费用扣除,-0.23,0.23,0.23
2705000461,订单结算收入,233.11,233.11,233.11,0.00,0.00,0.00,2026-05-15 08:57:49,订单结算,233.11,233.11,233.11
2705000461,平台技术服务费,0.00,0.00,0.00,1.41,1.41,1.41,2026-05-16 03:25:05,费用扣除,-1.41,1.41,1.41
2705000504,订单结算收入,51.89,51.89,51.89,0.00,0.00,0.00,2026-05-15 03:21:42,订单结算,51.89,51.89,51.89
2705000504,平台技术服务费,0.00,0.00,0.00,0.31,0.31,0.31,2026-05-16 14:26:07,费用扣除,-0.31,0.31,0.31
2705000096,订单结算收入,135.88,135.88,135.88,0.00,0.00,0.00,2026-05-15 02:30:38,订单结算,135.88,135.88,135.88
2705000096,平台技术服务费,0.00,0.00,0.00,0.82,0.82,0.82,2026-05-16 21:08:24,费用扣除,-0.82,0.82,0.82
2705000197,订单结算收入,342.35,342.35,342.35,0.00,0.00,0.00,2026-05-15 08:40:20,订单结算,342.35,342.35,342.35
2705000197,平台技术服务费,0.00,0.00,0.00,2.07,2.07,2.07,2026-05-16 19:47:24,费用扣除,-2.07,2.07,2.07
2705000169,订单结算收入,262.04,262.04,262.04,0.00,0.00,0.00,2026-05-15 00:20:50,订单结算,262.04,262.04,262.04
2705000169,平台技术服务费,0.00,0.00,0.00,1.58,1.58,1.58,2026-05-16 17:05:27,费用扣除,-1.58,1.58,1.58
2705000451,订单结算收入,38.42,38.42,38.42,0.00,0.00,0.00,2026-05-15 12:18:39,订单结算,38.42,38.42,38.42
2705000451,平台技术服务费,0.00,0.00,0.00,0.23,0.23,0.23,2026-05-16 05:20:02,费用扣除,-0.23,0.23,0.23
2705000468,订单结算收入,60.24,60.24,60.24,0.00,0.00,0.00,2026-05-15 07:22:07,订单结算,60.24,60.24,60.24
2705000468,平台技术服务费,0.00,0.00,0.00,0.36,0.36,0.36,2026-05-16 09:02:54,费用扣除,-0.36,0.36,0.36
2705000101,订单结算收入,178.14,178.14,178.14,0.00,0.00,0.00,2026-05-15 12:24:40,订单结算,178.14,178.14,178.14
2705000101,平台技术服务费,0.00,0.00,0.00,1.08,1.08,1.08,2026-05-16 22:33:36,费用扣除,-1.08,1.08,1.08
2705000294,订单结算收入,525.58,525.58,525.58,0.00,0.00,0.00,2026-05-15 15:12:51,订单结算,525.58,525.58,525.58
2705000294,平台技术服务费,0.00,0.00,0.00,3.17,3.17,3.17,2026-05-16 02:29:27,费用扣除,-3.17,3.17,3.17
2705000118,订单结算收入,278.55,278.55,278.55,0.00,0.00,0.00,2026-05-15 15:11:21,订单结算,278.55,278.55,278.55
2705000118,平台技术服务费,0.00,0.00,0.00,1.68,1.68,1.68,2026-05-16 16:39:06,费用扣除,-1.68,1.68,1.68
2705000018,订单结算收入,91.68,91.68,91.68,0.00,0.00,0.00,2026-05-16 05:48:30,订单结算,91.68,91.68,91.68
2705000018,平台技术服务费,0.00,0.00,0.00,0.55,0.55,0.55,2026-05-17 02:46:25,费用扣除,-0.55,0.55,0.55
2705000389,订单结算收入,15.64,15.64,15.64,0.00,0.00,0.00,2026-05-16 06:51:08,订单结算,15.64,15.64,15.64
2705000389,平台技术服务费,0.00,0.00,0.00,0.09,0.09,0.09,2026-05-17 13:44:23,费用扣除,-0.09,0.09,0.09
2705000099,订单结算收入,130.12,130.12,130.12,0.00,0.00,0.00,2026-05-16 10:38:24,订单结算,130.12,130.12,130.12
2705000099,平台技术服务费,0.00,0.00,0.00,0.79,0.79,0.79,2026-05-17 21:56:38,费用扣除,-0.79,0.79,0.79
2705000245,订单结算收入,66.17,66.17,66.17,0.00,0.00,0.00,2026-05-16 18:58:27,订单结算,66.17,66.17,66.17
2705000245,平台技术服务费,0.00,0.00,0.00,0.40,0.40,0.40,2026-05-17 00:41:47,费用扣除,-0.40,0.40,0.40
2705000065,订单结算收入,52.56,52.56,52.56,0.00,0.00,0.00,2026-05-16 19:32:56,订单结算,52.56,52.56,52.56
2705000065,平台技术服务费,0.00,0.00,0.00,0.32,0.32,0.32,2026-05-17 21:41:07,费用扣除,-0.32,0.32,0.32
2705000512,订单结算收入,40.86,40.86,40.86,0.00,0.00,0.00,2026-05-16 16:18:29,订单结算,40.86,40.86,40.86
2705000512,平台技术服务费,0.00,0.00,0.00,0.25,0.25,0.25,2026-05-17 15:33:49,费用扣除,-0.25,0.25,0.25
2705000265,订单结算收入,140.50,140.50,140.50,0.00,0.00,0.00,2026-05-16 23:22:09,订单结算,140.50,140.50,140.50
2705000265,平台技术服务费,0.00,0.00,0.00,0.85,0.85,0.85,2026-05-17 00:21:14,费用扣除,-0.85,0.85,0.85
2705000181,订单结算收入,70.24,70.24,70.24,0.00,0.00,0.00,2026-05-16 22:16:22,订单结算,70.24,70.24,70.24
2705000181,平台技术服务费,0.00,0.00,0.00,0.71,0.71,0.71,2026-05-17 23:07:54,费用扣除,-0.71,0.71,0.71
2705000153,订单结算收入,106.85,106.85,106.85,0.00,0.00,0.00,2026-05-16 02:04:27,订单结算,106.85,106.85,106.85
2705000153,平台技术服务费,0.00,0.00,0.00,0.65,0.65,0.65,2026-05-17 08:58:55,费用扣除,-0.65,0.65,0.65
2705000035,订单结算收入,46.57,46.57,46.57,0.00,0.00,0.00,2026-05-16 22:57:44,订单结算,46.57,46.57,46.57
2705000035,平台技术服务费,0.00,0.00,0.00,0.28,0.28,0.28,2026-05-17 01:00:17,费用扣除,-0.28,0.28,0.28
2705000018,004延迟发货罚款,0.00,0.00,0.00,37.93,37.93,37.93,2026-05-16 12:24:48,罚款扣款,-37.93,37.93,37.93
2705000088,订单结算收入,91.93,91.93,91.93,0.00,0.00,0.00,2026-05-17 06:37:28,订单结算,91.93,91.93,91.93
2705000088,平台技术服务费,0.00,0.00,0.00,0.55,0.55,0.55,2026-05-18 14:22:11,费用扣除,-0.55,0.55,0.55
2705000414,订单结算收入,55.61,55.61,55.61,0.00,0.00,0.00,2026-05-17 13:32:34,订单结算,55.61,55.61,55.61
2705000414,平台技术服务费,0.00,0.00,0.00,0.34,0.34,0.34,2026-05-18 08:00:14,费用扣除,-0.34,0.34,0.34
2705000184,订单结算收入,33.48,33.48,33.48,0.00,0.00,0.00,2026-05-17 17:58:37,订单结算,33.48,33.48,33.48
2705000184,平台技术服务费,0.00,0.00,0.00,0.20,0.20,0.20,2026-05-18 06:48:10,费用扣除,-0.20,0.20,0.20
2705000328,订单结算收入,99.17,99.17,99.17,0.00,0.00,0.00,2026-05-17 16:17:46,订单结算,99.17,99.17,99.17
2705000328,平台技术服务费,0.00,0.00,0.00,0.60,0.60,0.60,2026-05-18 00:39:19,费用扣除,-0.60,0.60,0.60
2705000498,订单结算收入,493.30,493.30,493.30,0.00,0.00,0.00,2026-05-17 00:11:46,订单结算,493.30,493.30,493.30
2705000498,平台技术服务费,0.00,0.00,0.00,2.98,2.98,2.98,2026-05-18 07:48:23,费用扣除,-2.98,2.98,2.98
2705000184,004延迟发货罚款,0.00,0.00,0.00,33.11,33.11,33.11,2026-05-17 15:13:44,罚款扣款,-33.11,33.11,33.11
2705000490,订单结算收入,96.45,96.45,96.45,0.00,0.00,0.00,2026-05-18 00:09:01,订单结算,96.45,96.45,96.45
2705000490,平台技术服务费,0.00,0.00,0.00,0.58,0.58,0.58,2026-05-19 13:15:25,费用扣除,-0.58,0.58,0.58
2705000055,订单结算收入,72.26,72.26,72.26,0.00,0.00,0.00,2026-05-18 11:29:36,订单结算,72.26,72.26,72.26
2705000055,平台技术服务费,0.00,0.00,0.00,0.44,0.44,0.44,2026-05-19 01:48:01,费用扣除,-0.44,0.44,0.44
2705000166,订单结算收入,54.24,54.24,54.24,0.00,0.00,0.00,2026-05-18 01:44:50,订单结算,54.24,54.24,54.24
2705000166,平台技术服务费,0.00,0.00,0.00,0.33,0.33,0.33,2026-05-19 19:44:36,费用扣除,-0.33,0.33,0.33
2705000110,订单结算收入,100.74,100.74,100.74,0.00,0.00,0.00,2026-05-18 20:24:03,订单结算,100.74,100.74,100.74
2705000110,平台技术服务费,0.00,0.00,0.00,0.61,0.61,0.61,2026-05-19 21:03:09,费用扣除,-0.61,0.61,0.61
2705000370,订单结算收入,112.32,112.32,112.32,0.00,0.00,0.00,2026-05-18 12:49:39,订单结算,112.32,112.32,112.32
2705000370,平台技术服务费,0.00,0.00,0.00,0.68,0.68,0.68,2026-05-19 18:15:24,费用扣除,-0.68,0.68,0.68
2705000111,订单结算收入,66.66,66.66,66.66,0.00,0.00,0.00,2026-05-18 16:43:35,订单结算,66.66,66.66,66.66
2705000111,平台技术服务费,0.00,0.00,0.00,0.40,0.40,0.40,2026-05-19 02:55:18,费用扣除,-0.40,0.40,0.40
2705000380,订单结算收入,124.93,124.93,124.93,0.00,0.00,0.00,2026-05-18 19:25:36,订单结算,124.93,124.93,124.93
2705000380,平台技术服务费,0.00,0.00,0.00,0.75,0.75,0.75,2026-05-19 20:27:33,费用扣除,-0.75,0.75,0.75
2705000125,订单结算收入,70.94,70.94,70.94,0.00,0.00,0.00,2026-05-18 18:28:07,订单结算,70.94,70.94,70.94
2705000125,平台技术服务费,0.00,0.00,0.00,0.43,0.43,0.43,2026-05-19 17:26:07,费用扣除,-0.43,0.43,0.43
2705000478,订单结算收入,61.68,61.68,61.68,0.00,0.00,0.00,2026-05-18 20:06:53,订单结算,61.68,61.68,61.68
2705000478,平台技术服务费,0.00,0.00,0.00,0.37,0.37,0.37,2026-05-19 02:18:24,费用扣除,-0.37,0.37,0.37
2705000059,订单结算收入,54.10,54.10,54.10,0.00,0.00,0.00,2026-05-19 00:01:48,订单结算,54.10,54.10,54.10
2705000059,平台技术服务费,0.00,0.00,0.00,0.33,0.33,0.33,2026-05-20 10:23:56,费用扣除,-0.33,0.33,0.33
2705000121,订单结算收入,304.76,304.76,304.76,0.00,0.00,0.00,2026-05-19 07:23:54,订单结算,304.76,304.76,304.76
2705000121,平台技术服务费,0.00,0.00,0.00,1.84,1.84,1.84,2026-05-20 17:10:53,费用扣除,-1.84,1.84,1.84
2705000300,订单结算收入,76.29,76.29,76.29,0.00,0.00,0.00,2026-05-19 01:16:13,订单结算,76.29,76.29,76.29
2705000300,平台技术服务费,0.00,0.00,0.00,0.46,0.46,0.46,2026-05-20 21:28:08,费用扣除,-0.46,0.46,0.46
2705000511,订单结算收入,334.23,334.23,334.23,0.00,0.00,0.00,2026-05-19 19:11:28,订单结算,334.23,334.23,334.23
2705000511,平台技术服务费,0.00,0.00,0.00,2.02,2.02,2.02,2026-05-20 05:24:32,费用扣除,-2.02,2.02,2.02
2705000298,订单结算收入,131.13,131.13,131.13,0.00,0.00,0.00,2026-05-19 09:57:46,订单结算,131.13,131.13,131.13
2705000298,平台技术服务费,0.00,0.00,0.00,1.32,1.32,1.32,2026-05-20 23:47:11,费用扣除,-1.32,1.32,1.32
2705000253,订单结算收入,89.29,89.29,89.29,0.00,0.00,0.00,2026-05-19 05:27:09,订单结算,89.29,89.29,89.29
2705000253,平台技术服务费,0.00,0.00,0.00,0.54,0.54,0.54,2026-05-20 22:38:13,费用扣除,-0.54,0.54,0.54
2705000013,订单结算收入,79.84,79.84,79.84,0.00,0.00,0.00,2026-05-19 12:39:07,订单结算,79.84,79.84,79.84
2705000013,平台技术服务费,0.00,0.00,0.00,0.48,0.48,0.48,2026-05-20 19:53:53,费用扣除,-0.48,0.48,0.48
2705000108,订单结算收入,168.81,168.81,168.81,0.00,0.00,0.00,2026-05-19 03:26:02,订单结算,168.81,168.81,168.81
2705000108,平台技术服务费,0.00,0.00,0.00,1.02,1.02,1.02,2026-05-20 23:47:24,费用扣除,-1.02,1.02,1.02
2705000091,订单结算收入,105.68,105.68,105.68,0.00,0.00,0.00,2026-05-20 20:58:22,订单结算,105.68,105.68,105.68
2705000091,平台技术服务费,0.00,0.00,0.00,0.64,0.64,0.64,2026-05-21 23:17:17,费用扣除,-0.64,0.64,0.64
2705000332,订单结算收入,98.01,98.01,98.01,0.00,0.00,0.00,2026-05-20 17:31:30,订单结算,98.01,98.01,98.01
2705000332,平台技术服务费,0.00,0.00,0.00,0.59,0.59,0.59,2026-05-21 00:18:52,费用扣除,-0.59,0.59,0.59
2705000084,订单结算收入,113.51,113.51,113.51,0.00,0.00,0.00,2026-05-20 14:35:18,订单结算,113.51,113.51,113.51
2705000084,平台技术服务费,0.00,0.00,0.00,0.69,0.69,0.69,2026-05-21 19:00:34,费用扣除,-0.69,0.69,0.69
2705000360,订单结算收入,167.17,167.17,167.17,0.00,0.00,0.00,2026-05-20 09:29:46,订单结算,167.17,167.17,167.17
2705000360,平台技术服务费,0.00,0.00,0.00,1.01,1.01,1.01,2026-05-21 10:25:43,费用扣除,-1.01,1.01,1.01
2705000091,004延迟发货罚款,0.00,0.00,0.00,36.28,36.28,36.28,2026-05-20 19:48:47,罚款扣款,-36.28,36.28,36.28
2705000295,订单结算收入,93.31,93.31,93.31,0.00,0.00,0.00,2026-05-21 14:41:06,订单结算,93.31,93.31,93.31
2705000295,平台技术服务费,0.00,0.00,0.00,0.56,0.56,0.56,2026-05-22 13:53:36,费用扣除,-0.56,0.56,0.56
2705000063,订单结算收入,359.27,359.27,359.27,0.00,0.00,0.00,2026-05-21 04:06:10,订单结算,359.27,359.27,359.27
2705000063,平台技术服务费,0.00,0.00,0.00,2.17,2.17,2.17,2026-05-22 14:26:38,费用扣除,-2.17,2.17,2.17
2705000064,订单结算收入,168.02,168.02,168.02,0.00,0.00,0.00,2026-05-21 19:49:06,订单结算,168.02,168.02,168.02
2705000064,平台技术服务费,0.00,0.00,0.00,1.01,1.01,1.01,2026-05-22 04:59:21,费用扣除,-1.01,1.01,1.01
2705000218,订单结算收入,95.90,95.90,95.90,0.00,0.00,0.00,2026-05-21 17:03:44,订单结算,95.90,95.90,95.90
2705000218,平台技术服务费,0.00,0.00,0.00,0.58,0.58,0.58,2026-05-22 17:12:01,费用扣除,-0.58,0.58,0.58
2705000208,订单结算收入,69.84,69.84,69.84,0.00,0.00,0.00,2026-05-21 18:16:12,订单结算,69.84,69.84,69.84
2705000208,平台技术服务费,0.00,0.00,0.00,0.71,0.71,0.71,2026-05-22 12:32:42,费用扣除,-0.71,0.71,0.71
2705000395,订单结算收入,97.56,97.56,97.56,0.00,0.00,0.00,2026-05-21 21:26:42,订单结算,97.56,97.56,97.56
2705000395,平台技术服务费,0.00,0.00,0.00,0.99,0.99,0.99,2026-05-22 18:07:02,费用扣除,-0.99,0.99,0.99
2705000167,订单结算收入,14.42,14.42,14.42,0.00,0.00,0.00,2026-05-21 02:56:35,订单结算,14.42,14.42,14.42
2705000167,平台技术服务费,0.00,0.00,0.00,0.09,0.09,0.09,2026-05-22 09:23:08,费用扣除,-0.09,0.09,0.09
2705000143,订单结算收入,18.90,18.90,18.90,0.00,0.00,0.00,2026-05-21 13:57:48,订单结算,18.90,18.90,18.90
2705000143,平台技术服务费,0.00,0.00,0.00,0.11,0.11,0.11,2026-05-22 00:36:20,费用扣除,-0.11,0.11,0.11
2705000123,订单结算收入,182.59,182.59,182.59,0.00,0.00,0.00,2026-05-21 19:39:13,订单结算,182.59,182.59,182.59
2705000123,平台技术服务费,0.00,0.00,0.00,1.10,1.10,1.10,2026-05-22 13:36:46,费用扣除,-1.10,1.10,1.10
2705000331,订单结算收入,252.82,252.82,252.82,0.00,0.00,0.00,2026-05-21 20:07:38,订单结算,252.82,252.82,252.82
2705000331,平台技术服务费,0.00,0.00,0.00,1.53,1.53,1.53,2026-05-22 07:36:26,费用扣除,-1.53,1.53,1.53
2705000326,订单结算收入,50.37,50.37,50.37,0.00,0.00,0.00,2026-05-21 05:06:31,订单结算,50.37,50.37,50.37
2705000326,平台技术服务费,0.00,0.00,0.00,0.30,0.30,0.30,2026-05-22 04:49:04,费用扣除,-0.30,0.30,0.30
2705000129,订单结算收入,61.18,61.18,61.18,0.00,0.00,0.00,2026-05-21 04:43:38,订单结算,61.18,61.18,61.18
2705000129,平台技术服务费,0.00,0.00,0.00,0.37,0.37,0.37,2026-05-22 07:47:57,费用扣除,-0.37,0.37,0.37
2705000200,订单结算收入,294.13,294.13,294.13,0.00,0.00,0.00,2026-05-21 03:06:52,订单结算,294.13,294.13,294.13
2705000200,平台技术服务费,0.00,0.00,0.00,1.78,1.78,1.78,2026-05-22 16:45:19,费用扣除,-1.78,1.78,1.78
2705000208,004延迟发货罚款,0.00,0.00,0.00,33.59,33.59,33.59,2026-05-21 18:16:01,罚款扣款,-33.59,33.59,33.59
2705000215,订单结算收入,54.47,54.47,54.47,0.00,0.00,0.00,2026-05-22 21:27:20,订单结算,54.47,54.47,54.47
2705000215,平台技术服务费,0.00,0.00,0.00,0.33,0.33,0.33,2026-05-23 02:32:16,费用扣除,-0.33,0.33,0.33
2705000448,订单结算收入,58.84,58.84,58.84,0.00,0.00,0.00,2026-05-22 09:01:46,订单结算,58.84,58.84,58.84
2705000448,平台技术服务费,0.00,0.00,0.00,0.36,0.36,0.36,2026-05-23 02:31:38,费用扣除,-0.36,0.36,0.36
2705000086,订单结算收入,60.44,60.44,60.44,0.00,0.00,0.00,2026-05-22 16:32:33,订单结算,60.44,60.44,60.44
2705000086,平台技术服务费,0.00,0.00,0.00,0.36,0.36,0.36,2026-05-23 12:37:08,费用扣除,-0.36,0.36,0.36
2705000149,订单结算收入,213.89,213.89,213.89,0.00,0.00,0.00,2026-05-22 17:33:46,订单结算,213.89,213.89,213.89
2705000149,平台技术服务费,0.00,0.00,0.00,1.29,1.29,1.29,2026-05-23 02:31:22,费用扣除,-1.29,1.29,1.29
2705000031,订单结算收入,174.94,174.94,174.94,0.00,0.00,0.00,2026-05-22 01:56:51,订单结算,174.94,174.94,174.94
2705000031,平台技术服务费,0.00,0.00,0.00,1.06,1.06,1.06,2026-05-23 00:22:54,费用扣除,-1.06,1.06,1.06
2705000164,订单结算收入,230.89,230.89,230.89,0.00,0.00,0.00,2026-05-22 02:52:30,订单结算,230.89,230.89,230.89
2705000164,平台技术服务费,0.00,0.00,0.00,1.39,1.39,1.39,2026-05-23 19:13:27,费用扣除,-1.39,1.39,1.39
2705000476,订单结算收入,171.12,171.12,171.12,0.00,0.00,0.00,2026-05-22 19:01:05,订单结算,171.12,171.12,171.12
2705000476,平台技术服务费,0.00,0.00,0.00,1.03,1.03,1.03,2026-05-23 06:13:27,费用扣除,-1.03,1.03,1.03
2705000235,订单结算收入,82.01,82.01,82.01,0.00,0.00,0.00,2026-05-22 05:29:56,订单结算,82.01,82.01,82.01
2705000235,平台技术服务费,0.00,0.00,0.00,0.50,0.50,0.50,2026-05-23 21:16:42,费用扣除,-0.50,0.50,0.50
2705000134,订单结算收入,61.94,61.94,61.94,0.00,0.00,0.00,2026-05-22 10:57:13,订单结算,61.94,61.94,61.94
2705000134,平台技术服务费,0.00,0.00,0.00,0.37,0.37,0.37,2026-05-23 11:10:22,费用扣除,-0.37,0.37,0.37
2705000090,订单结算收入,84.01,84.01,84.01,0.00,0.00,0.00,2026-05-22 15:41:01,订单结算,84.01,84.01,84.01
2705000090,平台技术服务费,0.00,0.00,0.00,0.51,0.51,0.51,2026-05-23 23:06:47,费用扣除,-0.51,0.51,0.51
2705000149,006推广营销费,0.00,0.00,0.00,62.00,62.00,62.00,2026-05-22 12:24:50,营销费用,-62.00,62.00,62.00
2705000420,订单结算收入,83.33,83.33,83.33,0.00,0.00,0.00,2026-05-23 05:25:26,订单结算,83.33,83.33,83.33
2705000420,平台技术服务费,0.00,0.00,0.00,0.50,0.50,0.50,2026-05-24 09:40:00,费用扣除,-0.50,0.50,0.50
2705000417,订单结算收入,172.13,172.13,172.13,0.00,0.00,0.00,2026-05-23 22:05:17,订单结算,172.13,172.13,172.13
2705000417,平台技术服务费,0.00,0.00,0.00,1.04,1.04,1.04,2026-05-24 09:39:41,费用扣除,-1.04,1.04,1.04
2705000236,订单结算收入,24.08,24.08,24.08,0.00,0.00,0.00,2026-05-23 06:41:34,订单结算,24.08,24.08,24.08
2705000236,平台技术服务费,0.00,0.00,0.00,0.15,0.15,0.15,2026-05-24 07:05:27,费用扣除,-0.15,0.15,0.15
2705000267,订单结算收入,77.06,77.06,77.06,0.00,0.00,0.00,2026-05-23 21:49:46,订单结算,77.06,77.06,77.06
2705000267,平台技术服务费,0.00,0.00,0.00,0.47,0.47,0.47,2026-05-24 11:17:37,费用扣除,-0.47,0.47,0.47
2705000244,订单结算收入,19.43,19.43,19.43,0.00,0.00,0.00,2026-05-23 05:00:27,订单结算,19.43,19.43,19.43
2705000244,平台技术服务费,0.00,0.00,0.00,0.12,0.12,0.12,2026-05-24 03:24:01,费用扣除,-0.12,0.12,0.12
2705000189,订单结算收入,433.15,433.15,433.15,0.00,0.00,0.00,2026-05-23 04:02:34,订单结算,433.15,433.15,433.15
2705000189,平台技术服务费,0.00,0.00,0.00,4.38,4.38,4.38,2026-05-24 10:15:11,费用扣除,-4.38,4.38,4.38
2705000284,订单结算收入,54.42,54.42,54.42,0.00,0.00,0.00,2026-05-24 13:38:18,订单结算,54.42,54.42,54.42
2705000284,平台技术服务费,0.00,0.00,0.00,0.33,0.33,0.33,2026-05-25 07:50:08,费用扣除,-0.33,0.33,0.33
2705000286,订单结算收入,76.21,76.21,76.21,0.00,0.00,0.00,2026-05-24 21:27:16,订单结算,76.21,76.21,76.21
2705000286,平台技术服务费,0.00,0.00,0.00,0.46,0.46,0.46,2026-05-25 08:43:41,费用扣除,-0.46,0.46,0.46
2705000371,订单结算收入,18.96,18.96,18.96,0.00,0.00,0.00,2026-05-24 07:18:51,订单结算,18.96,18.96,18.96
2705000371,平台技术服务费,0.00,0.00,0.00,0.11,0.11,0.11,2026-05-25 06:09:00,费用扣除,-0.11,0.11,0.11
2705000003,订单结算收入,352.10,352.10,352.10,0.00,0.00,0.00,2026-05-24 06:56:35,订单结算,352.10,352.10,352.10
2705000003,平台技术服务费,0.00,0.00,0.00,2.13,2.13,2.13,2026-05-25 11:26:11,费用扣除,-2.13,2.13,2.13
2705000372,订单结算收入,23.73,23.73,23.73,0.00,0.00,0.00,2026-05-24 08:02:22,订单结算,23.73,23.73,23.73
2705000372,平台技术服务费,0.00,0.00,0.00,0.14,0.14,0.14,2026-05-25 21:11:49,费用扣除,-0.14,0.14,0.14
2705000282,订单结算收入,44.47,44.47,44.47,0.00,0.00,0.00,2026-05-24 10:01:39,订单结算,44.47,44.47,44.47
2705000282,平台技术服务费,0.00,0.00,0.00,0.27,0.27,0.27,2026-05-25 00:19:18,费用扣除,-0.27,0.27,0.27
2705000045,订单结算收入,219.74,219.74,219.74,0.00,0.00,0.00,2026-05-24 18:43:12,订单结算,219.74,219.74,219.74
2705000045,平台技术服务费,0.00,0.00,0.00,1.33,1.33,1.33,2026-05-25 00:52:42,费用扣除,-1.33,1.33,1.33
2705000046,订单结算收入,189.26,189.26,189.26,0.00,0.00,0.00,2026-05-24 23:17:23,订单结算,189.26,189.26,189.26
2705000046,平台技术服务费,0.00,0.00,0.00,1.14,1.14,1.14,2026-05-25 20:58:25,费用扣除,-1.14,1.14,1.14
2705000387,订单结算收入,59.81,59.81,59.81,0.00,0.00,0.00,2026-05-24 23:42:46,订单结算,59.81,59.81,59.81
2705000387,平台技术服务费,0.00,0.00,0.00,0.36,0.36,0.36,2026-05-25 17:18:24,费用扣除,-0.36,0.36,0.36
2705000409,订单结算收入,85.97,85.97,85.97,0.00,0.00,0.00,2026-05-24 13:04:55,订单结算,85.97,85.97,85.97
2705000409,平台技术服务费,0.00,0.00,0.00,0.52,0.52,0.52,2026-05-25 12:25:09,费用扣除,-0.52,0.52,0.52
2705000485,订单结算收入,213.88,213.88,213.88,0.00,0.00,0.00,2026-05-24 03:31:13,订单结算,213.88,213.88,213.88
2705000485,平台技术服务费,0.00,0.00,0.00,1.29,1.29,1.29,2026-05-25 22:04:11,费用扣除,-1.29,1.29,1.29
2705000057,订单结算收入,311.01,311.01,311.01,0.00,0.00,0.00,2026-05-24 12:40:57,订单结算,311.01,311.01,311.01
2705000057,平台技术服务费,0.00,0.00,0.00,1.88,1.88,1.88,2026-05-25 22:30:02,费用扣除,-1.88,1.88,1.88
2705000464,订单结算收入,34.24,34.24,34.24,0.00,0.00,0.00,2026-05-24 16:08:49,订单结算,34.24,34.24,34.24
2705000464,平台技术服务费,0.00,0.00,0.00,0.21,0.21,0.21,2026-05-25 15:45:13,费用扣除,-0.21,0.21,0.21
2705000179,订单结算收入,359.88,359.88,359.88,0.00,0.00,0.00,2026-05-24 03:58:47,订单结算,359.88,359.88,359.88
2705000179,平台技术服务费,0.00,0.00,0.00,2.17,2.17,2.17,2026-05-25 11:12:17,费用扣除,-2.17,2.17,2.17
2705000421,订单结算收入,48.56,48.56,48.56,0.00,0.00,0.00,2026-05-24 15:47:59,订单结算,48.56,48.56,48.56
2705000421,平台技术服务费,0.00,0.00,0.00,0.29,0.29,0.29,2026-05-25 18:32:35,费用扣除,-0.29,0.29,0.29
2705000282,004延迟发货罚款,0.00,0.00,0.00,14.46,14.46,14.46,2026-05-24 19:27:51,罚款扣款,-14.46,14.46,14.46
2705000209,订单结算收入,321.69,321.69,321.69,0.00,0.00,0.00,2026-05-25 18:35:24,订单结算,321.69,321.69,321.69
2705000209,平台技术服务费,0.00,0.00,0.00,1.94,1.94,1.94,2026-05-26 06:15:56,费用扣除,-1.94,1.94,1.94
2705000259,订单结算收入,161.46,161.46,161.46,0.00,0.00,0.00,2026-05-25 01:58:24,订单结算,161.46,161.46,161.46
2705000259,平台技术服务费,0.00,0.00,0.00,0.97,0.97,0.97,2026-05-26 22:32:27,费用扣除,-0.97,0.97,0.97
2705000271,订单结算收入,155.70,155.70,155.70,0.00,0.00,0.00,2026-05-25 16:49:42,订单结算,155.70,155.70,155.70
2705000271,平台技术服务费,0.00,0.00,0.00,0.94,0.94,0.94,2026-05-26 22:43:03,费用扣除,-0.94,0.94,0.94
2705000117,订单结算收入,99.09,99.09,99.09,0.00,0.00,0.00,2026-05-25 08:36:50,订单结算,99.09,99.09,99.09
2705000117,平台技术服务费,0.00,0.00,0.00,0.60,0.60,0.60,2026-05-26 13:29:35,费用扣除,-0.60,0.60,0.60
2705000424,订单结算收入,41.75,41.75,41.75,0.00,0.00,0.00,2026-05-25 01:46:55,订单结算,41.75,41.75,41.75
2705000424,平台技术服务费,0.00,0.00,0.00,0.25,0.25,0.25,2026-05-26 09:36:45,费用扣除,-0.25,0.25,0.25
2705000388,订单结算收入,148.97,148.97,148.97,0.00,0.00,0.00,2026-05-25 06:57:02,订单结算,148.97,148.97,148.97
2705000388,平台技术服务费,0.00,0.00,0.00,0.90,0.90,0.90,2026-05-26 12:06:17,费用扣除,-0.90,0.90,0.90
2705000027,订单结算收入,36.27,36.27,36.27,0.00,0.00,0.00,2026-05-25 09:40:00,订单结算,36.27,36.27,36.27
2705000027,平台技术服务费,0.00,0.00,0.00,0.22,0.22,0.22,2026-05-26 12:02:11,费用扣除,-0.22,0.22,0.22
2705000027,004延迟发货罚款,0.00,0.00,0.00,34.01,34.01,34.01,2026-05-25 09:04:52,罚款扣款,-34.01,34.01,34.01
2705000104,订单结算收入,516.61,516.61,516.61,0.00,0.00,0.00,2026-05-26 15:04:09,订单结算,516.61,516.61,516.61
2705000104,平台技术服务费,0.00,0.00,0.00,3.12,3.12,3.12,2026-05-27 17:45:02,费用扣除,-3.12,3.12,3.12
2705000484,订单结算收入,146.58,146.58,146.58,0.00,0.00,0.00,2026-05-26 01:12:44,订单结算,146.58,146.58,146.58
2705000484,平台技术服务费,0.00,0.00,0.00,0.88,0.88,0.88,2026-05-27 22:27:56,费用扣除,-0.88,0.88,0.88
2705000014,订单结算收入,53.03,53.03,53.03,0.00,0.00,0.00,2026-05-26 13:55:22,订单结算,53.03,53.03,53.03
2705000014,平台技术服务费,0.00,0.00,0.00,0.32,0.32,0.32,2026-05-27 11:12:38,费用扣除,-0.32,0.32,0.32
2705000165,订单结算收入,307.67,307.67,307.67,0.00,0.00,0.00,2026-05-26 14:54:07,订单结算,307.67,307.67,307.67
2705000165,平台技术服务费,0.00,0.00,0.00,1.86,1.86,1.86,2026-05-27 22:18:40,费用扣除,-1.86,1.86,1.86
2705000428,订单结算收入,198.59,198.59,198.59,0.00,0.00,0.00,2026-05-26 08:06:50,订单结算,198.59,198.59,198.59
2705000428,平台技术服务费,0.00,0.00,0.00,1.20,1.20,1.20,2026-05-27 04:55:28,费用扣除,-1.20,1.20,1.20
2705000238,订单结算收入,17.19,17.19,17.19,0.00,0.00,0.00,2026-05-26 04:55:51,订单结算,17.19,17.19,17.19
2705000238,平台技术服务费,0.00,0.00,0.00,0.17,0.17,0.17,2026-05-27 03:07:07,费用扣除,-0.17,0.17,0.17
2705000488,订单结算收入,133.12,133.12,133.12,0.00,0.00,0.00,2026-05-26 03:09:29,订单结算,133.12,133.12,133.12
2705000488,平台技术服务费,0.00,0.00,0.00,0.80,0.80,0.80,2026-05-27 12:15:31,费用扣除,-0.80,0.80,0.80
2705000347,订单结算收入,106.61,106.61,106.61,0.00,0.00,0.00,2026-05-26 08:11:30,订单结算,106.61,106.61,106.61
2705000347,平台技术服务费,0.00,0.00,0.00,0.64,0.64,0.64,2026-05-27 16:45:28,费用扣除,-0.64,0.64,0.64
2705000362,订单结算收入,217.47,217.47,217.47,0.00,0.00,0.00,2026-05-26 04:01:12,订单结算,217.47,217.47,217.47
2705000362,平台技术服务费,0.00,0.00,0.00,1.31,1.31,1.31,2026-05-27 20:44:16,费用扣除,-1.31,1.31,1.31
2705000276,订单结算收入,63.13,63.13,63.13,0.00,0.00,0.00,2026-05-26 20:56:45,订单结算,63.13,63.13,63.13
2705000276,平台技术服务费,0.00,0.00,0.00,0.38,0.38,0.38,2026-05-27 18:22:09,费用扣除,-0.38,0.38,0.38
2705000306,订单结算收入,325.23,325.23,325.23,0.00,0.00,0.00,2026-05-27 01:47:27,订单结算,325.23,325.23,325.23
2705000306,平台技术服务费,0.00,0.00,0.00,3.29,3.29,3.29,2026-05-28 06:40:29,费用扣除,-3.29,3.29,3.29
2705000303,订单结算收入,67.11,67.11,67.11,0.00,0.00,0.00,2026-05-27 09:33:21,订单结算,67.11,67.11,67.11
2705000303,平台技术服务费,0.00,0.00,0.00,0.41,0.41,0.41,2026-05-28 09:18:13,费用扣除,-0.41,0.41,0.41
2705000434,订单结算收入,62.17,62.17,62.17,0.00,0.00,0.00,2026-05-27 22:05:34,订单结算,62.17,62.17,62.17
2705000434,平台技术服务费,0.00,0.00,0.00,0.38,0.38,0.38,2026-05-28 00:36:10,费用扣除,-0.38,0.38,0.38
2705000051,订单结算收入,67.20,67.20,67.20,0.00,0.00,0.00,2026-05-27 05:55:49,订单结算,67.20,67.20,67.20
2705000051,平台技术服务费,0.00,0.00,0.00,0.41,0.41,0.41,2026-05-28 05:02:38,费用扣除,-0.41,0.41,0.41
2705000357,订单结算收入,96.69,96.69,96.69,0.00,0.00,0.00,2026-05-27 05:32:12,订单结算,96.69,96.69,96.69
2705000357,平台技术服务费,0.00,0.00,0.00,0.58,0.58,0.58,2026-05-28 10:09:47,费用扣除,-0.58,0.58,0.58
2705000418,订单结算收入,102.91,102.91,102.91,0.00,0.00,0.00,2026-05-27 07:28:17,订单结算,102.91,102.91,102.91
2705000418,平台技术服务费,0.00,0.00,0.00,0.62,0.62,0.62,2026-05-28 04:18:46,费用扣除,-0.62,0.62,0.62
2705000262,订单结算收入,2.11,2.11,2.11,0.00,0.00,0.00,2026-05-27 16:05:37,订单结算,2.11,2.11,2.11
2705000262,平台技术服务费,0.00,0.00,0.00,0.10,0.10,0.10,2026-05-28 00:16:54,费用扣除,-0.10,0.10,0.10
2705000368,订单结算收入,69.66,69.66,69.66,0.00,0.00,0.00,2026-05-27 00:49:20,订单结算,69.66,69.66,69.66
2705000368,平台技术服务费,0.00,0.00,0.00,0.42,0.42,0.42,2026-05-28 07:42:44,费用扣除,-0.42,0.42,0.42
2705000247,订单结算收入,24.03,24.03,24.03,0.00,0.00,0.00,2026-05-27 04:06:28,订单结算,24.03,24.03,24.03
2705000247,平台技术服务费,0.00,0.00,0.00,0.15,0.15,0.15,2026-05-28 11:32:04,费用扣除,-0.15,0.15,0.15
2705000000,004延迟发货罚款,0.00,0.00,0.00,5.44,5.44,5.44,2026-05-28 10:58:17,罚款扣款,-5.44,5.44,5.44