订单号,订单状态,支付时间,发货时间,确认收货时间,订单成交时间,承诺发货时间,商品名称,商品ID,商家编码-商品维度,商家编码-规格维度,商品规格,规格id,规格名称,样式ID,商品一级类目,商品二级类目,商品三级类目,商品四级类目,商品数量(件),商品单价(元),商品总价(元),用户实付金额(元),商家实收金额(元),邮费(元),店铺优惠折扣(元),平台优惠折扣(元),多多支付立减金额(元),拼多多优惠券(元),平台技术服务费(元),上门安装费(元),送货入户费(元),送货入户并安装费(元),退款金额(元),退款原因,退款类型,售后状态,省,市,订单来源,是否直播间成交,是否直播间引导成交,是否门店自提,门店名称,支付方式,是否分期,分期期数,手续费承担方,是否预售,是否顺丰加价,是否抽奖或0元试用,是否社区团购,是否无痕发货,是否节能补贴,快递公司,快递单号,配送状态,集运类型
2705000103,已取消,2026-04-01 01:54:54,,,2026-04-01 01:23:27,2026-04-03,男士运动休闲鞋透气款,PD00005,SP00005,SKU010,39码-黑色,SKU010,39码-黑色,ST010,运动户外,运动鞋服,运动鞋,跑步鞋,2,119.00,238.00,194.73,193.56,0.00,17.31,15.14,10.82,0.00,1.17,0.00,0.00,0.00,0.00,,,,四川省,成都,网页,否,否,否,,支付宝,否,,,否,否,否,否,否,否,邮政快递,YT21776229770,,
2705000050,待发货,2026-04-01 03:29:25,2026-04-03 00:58:34,2026-04-08,2026-04-01 19:04:12,2026-04-03,有机红枣夹核桃500g,PD00007,SP00007,SKU015,500g袋装,SKU015,500g袋装,ST015,食品生鲜,坚果零食,红枣,夹心红枣,2,39.00,78.00,63.87,63.49,0.00,4.09,3.58,2.56,3.90,0.38,0.00,0.00,0.00,0.00,,,,江苏省,南京,H5,否,否,否,,花呗分期,否,,,否,否,否,否,否,否,顺丰速运,YT43701701889,派送中,
2705000069,已发货,2026-04-01 09:52:47,2026-04-03 02:02:50,2026-04-06,2026-04-01 19:59:18,2026-04-03,有机红枣夹核桃500g,PD00007,SP00007,SKU016,1000g礼盒,SKU016,1000g礼盒,ST016,食品生鲜,坚果零食,红枣,夹心红枣,1,69.00,69.00,63.68,63.30,0.00,2.13,1.86,1.33,0.00,0.38,0.00,0.00,0.00,0.00,,,,辽宁省,沈阳,小程序,否,是,否,,多多支付,否,,,否,否,否,否,否,是,韵达快递,YT42032895742,运输中,
2705000201,已退款,2026-04-01 13:44:24,2026-04-03 17:25:27,2026-04-04,2026-04-01 23:07:10,2026-04-03,无线蓝牙耳机Pro版,PD00002,SP00002,SKU005,白色降噪版,SKU005,白色降噪版,ST005,数码电器,影音设备,耳机,无线耳机,5,189.00,945.00,899.09,893.70,0.00,18.36,16.07,11.48,0.00,5.39,0.00,0.00,0.00,273.39,卖家发错尺码,退货退款,退款成功,河南省,郑州,APP-iOS,否,否,否,,支付宝,否,,,否,否,否,否,否,否,邮政快递,YT25241328670,运输中,集运
2705000246,已取消,2026-04-01 15:03:23,,,2026-04-01 01:34:27,2026-04-03,有机红枣夹核桃500g,PD00007,SP00007,SKU015,500g袋装,SKU015,500g袋装,ST015,食品生鲜,坚果零食,红枣,夹心红枣,5,39.00,195.00,140.30,139.46,0.00,17.98,15.73,11.24,9.75,0.84,0.00,0.00,0.00,0.00,,,,河南省,郑州,小程序,否,否,否,,花呗分期,否,12,,否,否,否,否,否,否,圆通速递,YT59341242845,,
2705000309,待发货,2026-04-01 15:05:08,2026-04-01 22:31:38,2026-04-02,2026-04-01 14:31:08,2026-04-03,男士运动休闲鞋透气款,PD00005,SP00005,SKU011,40码-黑色,SKU011,40码-黑色,ST011,运动户外,运动鞋服,运动鞋,跑步鞋,1,119.00,119.00,99.89,99.29,0.00,7.64,6.69,4.78,0.00,0.60,0.00,0.00,0.00,0.00,,,,浙江省,杭州,H5,是,否,否,,支付宝,否,12,,否,否,否,否,否,否,申通快递,YT62147520183,运输中,
2705000192,已取消,2026-04-01 15:52:20,,,2026-04-01 16:41:59,2026-04-03,不锈钢保温杯大容量,PD00004,SP00004,SKU008,500ml-黑色,SKU008,500ml-黑色,ST008,家居生活,餐饮用具,保温杯,不锈钢保温杯,1,45.00,45.00,34.51,34.16,0.00,3.30,2.88,2.06,2.25,0.35,0.00,0.00,0.00,0.00,,,,北京市,北京,APP-Android,否,否,否,,支付宝,否,,,否,否,是,否,否,否,极兔速递,YT19316976272,,
2705000486,待发货,2026-04-01 16:46:12,2026-04-02 08:42:45,2026-04-08,2026-04-01 04:01:26,2026-04-03,桌面手机支架可折叠,PD00008,SP00008,SKU018,升级款-银色,SKU018,升级款-银色,ST018,数码电器,手机配件,支架,桌面支架,1,29.90,29.90,21.74,21.61,0.00,2.66,2.33,1.67,1.50,0.13,0.00,0.00,0.00,15.93,物流太慢,退货退款,退款成功,天津市,天津,APP-Android,否,否,否,,花呗分期,否,,,是,否,否,否,否,否,圆通速递,YT95645688857,运输中,集运
2705000466,已完成,2026-04-01 19:46:41,2026-04-03 08:10:30,2026-04-08,2026-04-01 20:04:28,2026-04-03,女士防晒衣轻薄透气,PD00006,SP00006,SKU014,L码-粉色,SKU014,L码-粉色,ST014,服饰内衣,女装,外套,防晒衣,3,69.00,207.00,146.18,145.30,0.00,20.19,17.66,12.62,10.35,0.88,0.00,0.00,0.00,0.00,,,,福建省,厦门,APP-Android,否,否,否,,支付宝,否,,,是,否,否,否,否,否,极兔速递,YT66922458729,运输中,
2705000095,已取消,2026-04-01 19:54:54,,,2026-04-01 12:51:32,2026-04-03,桌面手机支架可折叠,PD00008,SP00008,SKU018,升级款-银色,SKU018,升级款-银色,ST018,数码电器,手机配件,支架,桌面支架,2,29.90,59.80,51.27,50.96,0.00,3.41,2.99,2.13,0.00,0.31,0.00,0.00,0.00,0.00,,,,重庆市,重庆,APP-Android,是,否,否,,支付宝,否,,,是,否,否,否,否,否,极兔速递,YT11488123567,,
2705000173,已签收,2026-04-02 00:18:00,2026-04-05 06:16:32,2026-04-06,2026-04-02 18:20:16,2026-04-04,儿童益智积木拼装玩具,PD00003,SP00003,SKU006,大颗粒100粒,SKU006,大颗粒100粒,ST006,母婴玩具,益智玩具,积木,大颗粒积木,1,59.00,59.00,42.69,42.43,0.00,5.34,4.68,3.34,2.95,0.26,0.00,0.00,0.00,0.00,,,,河南省,郑州,网页,是,否,否,,支付宝,否,,,否,否,否,否,否,否,韵达快递,YT70211869125,运输中,
2705000467,已取消,2026-04-02 10:41:07,,,2026-04-02 02:55:59,2026-04-04,儿童益智积木拼装玩具,PD00003,SP00003,SKU006,大颗粒100粒,SKU006,大颗粒100粒,ST006,母婴玩具,益智玩具,积木,大颗粒积木,2,59.00,118.00,93.18,92.62,0.00,7.57,6.62,4.73,5.90,0.56,0.00,0.00,0.00,0.00,,,,安徽省,合肥,APP-iOS,否,否,否,,多多支付,否,,,否,否,否,否,否,否,韵达快递,YT50526383850,,
2705000052,待发货,2026-04-02 13:53:23,2026-04-04 03:53:43,2026-04-07,2026-04-02 18:57:57,2026-04-04,无线蓝牙耳机Pro版,PD00002,SP00002,SKU005,白色降噪版,SKU005,白色降噪版,ST005,数码电器,影音设备,耳机,无线耳机,1,189.00,189.00,156.09,155.15,0.00,13.16,11.52,8.23,0.00,0.94,0.00,0.00,0.00,0.00,,,,安徽省,合肥,网页,否,否,否,,花呗分期,否,,买家,否,否,否,否,否,否,申通快递,YT34896087807,已签收,
2705000151,已退款,2026-04-02 14:21:05,2026-04-04 09:36:08,2026-04-05,2026-04-02 16:44:38,2026-04-04,不锈钢保温杯大容量,PD00004,SP00004,SKU008,500ml-黑色,SKU008,500ml-黑色,ST008,家居生活,餐饮用具,保温杯,不锈钢保温杯,1,45.00,45.00,35.43,35.22,0.00,2.93,2.56,1.83,2.25,0.21,79.08,0.00,0.00,16.54,七天无理由退货,退货退款,退款成功,四川省,成都,小程序,否,否,否,,多多支付,否,,,否,否,否,否,否,否,中通快递,YT76143024770,已签收,
2705000340,已签收,2026-04-02 16:36:08,2026-04-03 04:27:46,2026-04-07,2026-04-02 22:15:21,2026-04-04,儿童益智积木拼装玩具,PD00003,SP00003,SKU006,大颗粒100粒,SKU006,大颗粒100粒,ST006,母婴玩具,益智玩具,积木,大颗粒积木,3,59.00,177.00,167.15,166.15,0.00,0.40,0.35,0.25,8.85,1.00,0.00,0.00,0.00,0.00,,,,云南省,昆明,H5,是,否,否,,微信支付,否,,买家,否,否,否,否,否,否,韵达快递,YT48904063500,派送中,
2705000350,已完成,2026-04-02 18:29:10,2026-04-04 16:50:49,2026-04-05,2026-04-02 03:03:03,2026-04-04,夏季冰丝凉席三件套,PD00001,SP00001,SKU002,1.8m床-灰色,SKU002,1.8m床-灰色,ST002,家居生活,床上用品,凉席,冰丝凉席,3,109.00,327.00,264.48,262.89,0.00,25.01,21.88,15.63,0.00,1.59,0.00,0.00,0.00,0.00,,,,河北省,石家庄,小程序,否,否,否,,支付宝,否,3,,否,否,否,否,否,否,极兔速递,YT52015933024,运输中,
2705000225,待发货,2026-04-02 19:11:15,2026-04-03 09:35:03,2026-04-06,2026-04-02 20:14:24,2026-04-04,夏季冰丝凉席三件套,PD00001,SP00001,SKU003,1.5m床-蓝色,SKU003,1.5m床-蓝色,ST003,家居生活,床上用品,凉席,冰丝凉席,2,89.00,178.00,163.87,162.89,0.00,5.65,4.95,3.53,0.00,0.98,61.10,0.00,0.00,0.00,,,,安徽省,合肥,网页,否,否,否,,花呗分期,否,,,否,否,否,否,否,否,极兔速递,YT55020725066,运输中,
2705000454,已取消,2026-04-02 19:18:15,,,2026-04-02 18:11:44,2026-04-04,无线蓝牙耳机Pro版,PD00002,SP00002,SKU005,白色降噪版,SKU005,白色降噪版,ST005,数码电器,影音设备,耳机,无线耳机,1,189.00,189.00,144.49,143.62,0.00,17.80,15.58,11.13,0.00,0.87,0.00,0.00,0.00,0.00,,,,江西省,南昌,APP-iOS,否,否,否,,微信支付,否,,,否,否,否,否,否,否,中通快递,YT86582863118,,
2705000146,已退款,2026-04-02 23:07:38,2026-04-04 03:37:53,2026-04-08,2026-04-02 12:30:03,2026-04-04,无线蓝牙耳机Pro版,PD00002,SP00002,SKU005,白色降噪版,SKU005,白色降噪版,ST005,数码电器,影音设备,耳机,无线耳机,2,189.00,378.00,289.51,287.77,0.00,35.40,30.97,22.12,0.00,1.74,0.00,0.00,0.00,172.99,发错货/漏发,退货退款,退款成功,福建省,厦门,小程序,否,否,否,,花呗分期,否,,,否,否,否,否,否,否,申通快递,YT55895500252,派送中,
2705000391,已签收,2026-04-03 01:42:48,2026-04-05 23:10:44,2026-04-10,2026-04-03 08:38:16,2026-04-05,儿童益智积木拼装玩具,PD00003,SP00003,SKU006,大颗粒100粒,SKU006,大颗粒100粒,ST006,母婴玩具,益智玩具,积木,大颗粒积木,1,59.00,59.00,48.77,48.48,0.00,4.09,3.58,2.56,0.00,0.29,0.00,0.00,0.00,0.00,,,,四川省,成都,小程序,否,否,否,,花呗分期,否,,,否,否,否,否,否,否,中通快递,YT64516339674,运输中,
2705000274,已退款,2026-04-03 02:37:49,2026-04-06 12:24:42,2026-04-07,2026-04-03 10:03:33,2026-04-05,女士防晒衣轻薄透气,PD00006,SP00006,SKU013,M码-浅蓝,SKU013,M码-浅蓝,ST013,服饰内衣,女装,外套,防晒衣,1,69.00,69.00,53.92,53.60,0.00,6.03,5.28,3.77,0.00,0.32,0.00,0.00,0.00,26.47,商品与描述不符,退货退款,退货退款,四川省,成都,APP-iOS,否,否,否,,花呗分期,否,,买家,否,否,否,否,否,否,中通快递,YT77694912433,已签收,
2705000115,已取消,2026-04-03 08:24:24,,,2026-04-03 05:28:50,2026-04-05,男士运动休闲鞋透气款,PD00005,SP00005,SKU010,39码-黑色,SKU010,39码-黑色,ST010,运动户外,运动鞋服,运动鞋,跑步鞋,1,119.00,119.00,93.55,92.99,0.00,10.18,8.91,6.36,0.00,0.56,0.00,0.00,0.00,0.00,,,,湖南省,长沙,网页,否,否,否,,支付宝,否,,,否,否,否,否,否,否,韵达快递,YT55394018192,,
2705000254,已取消,2026-04-03 14:17:17,,,2026-04-03 09:19:09,2026-04-05,儿童益智积木拼装玩具,PD00003,SP00003,SKU007,大颗粒200粒,SKU007,大颗粒200粒,ST007,母婴玩具,益智玩具,积木,大颗粒积木,2,99.00,198.00,162.59,161.61,0.00,10.20,8.93,6.38,9.90,0.98,0.00,0.00,0.00,0.00,,,,江苏省,南京,小程序,否,否,否,,微信支付,否,,,否,否,否,否,否,否,邮政快递,YT24809754423,,
2705000196,已取消,2026-04-03 14:22:25,,,2026-04-03 03:21:48,2026-04-05,女士防晒衣轻薄透气,PD00006,SP00006,SKU014,L码-粉色,SKU014,L码-粉色,ST014,服饰内衣,女装,外套,防晒衣,1,69.00,69.00,65.55,64.89,0.00,1.38,1.21,0.86,0.00,0.66,0.00,0.00,0.00,0.00,,,,天津市,天津,网页,否,否,否,,花呗分期,否,,,否,否,否,否,否,否,申通快递,YT68454077533,,
2705000132,已取消,2026-04-03 15:07:19,,,2026-04-03 07:03:35,2026-04-05,儿童益智积木拼装玩具,PD00003,SP00003,SKU006,大颗粒100粒,SKU006,大颗粒100粒,ST006,母婴玩具,益智玩具,积木,大颗粒积木,2,59.00,118.00,91.77,91.22,0.00,10.49,9.18,6.56,0.00,0.55,0.00,0.00,0.00,0.00,,,,江西省,南昌,网页,否,否,否,,微信支付,否,3,,否,否,否,否,否,否,邮政快递,YT13832630902,,
2705000365,已签收,2026-04-03 19:37:26,2026-04-03 22:53:51,2026-04-05,2026-04-03 02:43:18,2026-04-05,夏季冰丝凉席三件套,PD00001,SP00001,SKU001,1.5m床-灰色,SKU001,1.5m床-灰色,ST001,家居生活,床上用品,凉席,冰丝凉席,5,89.00,445.00,417.47,414.97,0.00,2.11,1.85,1.32,22.25,2.50,0.00,0.00,0.00,0.00,,,,辽宁省,沈阳,小程序,否,否,否,,支付宝,否,,商家,否,否,否,否,否,否,韵达快递,YT29261043042,运输中,
2705000439,已取消,2026-04-03 23:44:53,,,2026-04-03 00:29:28,2026-04-05,桌面手机支架可折叠,PD00008,SP00008,SKU018,升级款-银色,SKU018,升级款-银色,ST018,数码电器,手机配件,支架,桌面支架,5,29.90,149.50,129.75,128.97,0.00,4.91,4.29,3.07,7.48,0.78,0.00,0.00,0.00,0.00,,,,福建省,厦门,小程序,否,否,否,,微信支付,否,6,,否,否,否,否,否,否,中通快递,YT49290538367,,
2705000070,已付款,2026-04-03 23:55:45,2026-04-05 10:58:20,2026-04-08,2026-04-03 04:16:31,2026-04-05,女士防晒衣轻薄透气,PD00006,SP00006,SKU013,M码-浅蓝,SKU013,M码-浅蓝,ST013,服饰内衣,女装,外套,防晒衣,3,69.00,207.00,169.05,168.04,0.00,15.18,13.28,9.49,0.00,1.01,0.00,0.00,0.00,0.00,,,,湖北省,武汉,APP-iOS,否,否,否,,支付宝,否,3,,否,否,否,否,否,否,顺丰速运,YT55376595837,运输中,
2705000513,已付款,2026-04-04 03:47:18,2026-04-07 05:56:40,2026-04-12,2026-04-04 21:38:48,2026-04-06,儿童益智积木拼装玩具,PD00003,SP00003,SKU007,大颗粒200粒,SKU007,大颗粒200粒,ST007,母婴玩具,益智玩具,积木,大颗粒积木,3,99.00,297.00,268.92,267.31,0.00,11.23,9.83,7.02,0.00,1.61,0.00,0.00,0.00,0.00,,,,河南省,郑州,小程序,否,否,否,,多多支付,否,,,否,否,否,否,否,否,圆通速递,YT33963239866,运输中,
2705000384,待发货,2026-04-04 04:32:45,2026-04-05 03:20:26,2026-04-08,2026-04-04 03:15:23,2026-04-06,夏季冰丝凉席三件套,PD00001,SP00001,SKU002,1.8m床-灰色,SKU002,1.8m床-灰色,ST002,家居生活,床上用品,凉席,冰丝凉席,1,109.00,109.00,108.29,107.64,0.00,0.28,0.25,0.18,0.00,0.65,0.00,0.00,0.00,0.00,,,,江苏省,南京,APP-iOS,否,否,否,,花呗分期,否,,买家,否,否,否,否,否,否,韵达快递,YT37707044652,运输中,
2705000040,已签收,2026-04-04 08:14:41,2026-04-06 06:12:51,2026-04-12,2026-04-04 14:55:48,2026-04-06,夏季冰丝凉席三件套,PD00001,SP00001,SKU002,1.8m床-灰色,SKU002,1.8m床-灰色,ST002,家居生活,床上用品,凉席,冰丝凉席,1,109.00,109.00,98.53,97.94,0.00,4.19,3.66,2.62,0.00,0.59,0.00,0.00,0.00,0.00,,,,辽宁省,沈阳,小程序,否,否,否,,多多支付,否,,,否,否,否,否,否,否,韵达快递,YT21543012385,运输中,
2705000364,已发货,2026-04-04 08:48:38,2026-04-04 20:04:09,2026-04-05,2026-04-04 15:36:27,2026-04-06,桌面手机支架可折叠,PD00008,SP00008,SKU018,升级款-银色,SKU018,升级款-银色,ST018,数码电器,手机配件,支架,桌面支架,3,29.90,89.70,82.27,81.78,0.00,2.97,2.60,1.86,0.00,0.49,0.00,0.00,0.00,0.00,,,换货,福建省,厦门,H5,否,否,否,,支付宝,否,12,,是,否,否,否,否,否,中通快递,YT94512833274,运输中,
2705000481,待发货,2026-04-04 10:30:23,2026-04-04 22:15:42,2026-04-05,2026-04-04 22:26:26,2026-04-06,儿童益智积木拼装玩具,PD00003,SP00003,SKU007,大颗粒200粒,SKU007,大颗粒200粒,ST007,母婴玩具,益智玩具,积木,大颗粒积木,1,99.00,99.00,92.15,91.60,0.00,2.74,2.40,1.71,0.00,0.55,0.00,0.00,0.00,0.00,,,,浙江省,杭州,小程序,否,否,否,,花呗分期,否,,,否,否,否,否,否,否,申通快递,YT66014708195,运输中,
2705000361,已取消,2026-04-04 11:56:53,,,2026-04-04 12:10:10,2026-04-06,女士防晒衣轻薄透气,PD00006,SP00006,SKU013,M码-浅蓝,SKU013,M码-浅蓝,ST013,服饰内衣,女装,外套,防晒衣,5,69.00,345.00,242.78,240.35,0.00,33.99,29.74,21.24,17.25,2.43,0.00,0.00,0.00,0.00,,,,浙江省,杭州,网页,否,否,否,,花呗分期,否,,,否,否,是,否,否,否,韵达快递,YT46944788358,,
2705000339,已签收,2026-04-04 12:29:34,2026-04-06 10:05:28,2026-04-11,2026-04-04 00:36:42,2026-04-06,不锈钢保温杯大容量,PD00004,SP00004,SKU008,500ml-黑色,SKU008,500ml-黑色,ST008,家居生活,餐饮用具,保温杯,不锈钢保温杯,1,45.00,45.00,43.15,42.89,0.00,0.74,0.65,0.46,0.00,0.26,0.00,0.00,0.00,0.00,,,,重庆市,重庆,APP-iOS,否,否,否,,支付宝,否,,,否,否,否,否,否,否,中通快递,YT69769810731,运输中,
2705000433,已签收,2026-04-04 15:31:03,2026-04-07 12:13:33,2026-04-09,2026-04-04 08:11:27,2026-04-06,儿童益智积木拼装玩具,PD00003,SP00003,SKU006,大颗粒100粒,SKU006,大颗粒100粒,ST006,母婴玩具,益智玩具,积木,大颗粒积木,1,59.00,59.00,45.55,45.28,0.00,5.38,4.71,3.36,0.00,0.27,0.00,0.00,0.00,0.00,,,,山东省,青岛,APP-Android,否,否,否,,支付宝,否,6,,否,否,否,否,否,否,顺丰速运,YT53270220150,运输中,
2705000307,待发货,2026-04-04 18:41:38,2026-04-06 18:15:43,2026-04-07,2026-04-04 14:21:55,2026-04-06,女士防晒衣轻薄透气,PD00006,SP00006,SKU014,L码-粉色,SKU014,L码-粉色,ST014,服饰内衣,女装,外套,防晒衣,3,69.00,207.00,196.55,195.37,0.00,4.18,3.66,2.61,0.00,1.18,0.00,0.00,0.00,0.00,,,,江西省,南昌,网页,否,否,否,,支付宝,否,,,否,否,否,否,否,否,极兔速递,YT99763143387,运输中,
2705000382,已签收,2026-04-04 22:16:15,2026-04-06 05:36:00,2026-04-11,2026-04-04 12:08:28,2026-04-06,夏季冰丝凉席三件套,PD00001,SP00001,SKU002,1.8m床-灰色,SKU002,1.8m床-灰色,ST002,家居生活,床上用品,凉席,冰丝凉席,1,109.00,109.00,106.75,106.11,0.00,0.90,0.79,0.56,0.00,0.64,0.00,0.00,0.00,0.00,,,,云南省,昆明,H5,否,否,否,,支付宝,否,12,商家,是,否,否,否,否,否,圆通速递,YT51148315380,派送中,
2705000004,已发货,2026-04-04 23:37:16,2026-04-05 08:15:23,2026-04-09,2026-04-04 02:33:48,2026-04-06,有机红枣夹核桃500g,PD00007,SP00007,SKU016,1000g礼盒,SKU016,1000g礼盒,ST016,食品生鲜,坚果零食,红枣,夹心红枣,1,69.00,69.00,58.72,58.37,0.00,4.11,3.60,2.57,0.00,0.35,0.00,0.00,0.00,0.00,,,,辽宁省,沈阳,网页,是,否,否,,微信支付,否,6,,否,否,否,否,否,否,中通快递,YT29282589704,已签收,
2705000430,已签收,2026-04-04 23:47:51,2026-04-07 08:08:00,2026-04-11,2026-04-04 09:02:52,2026-04-06,女士防晒衣轻薄透气,PD00006,SP00006,SKU013,M码-浅蓝,SKU013,M码-浅蓝,ST013,服饰内衣,女装,外套,防晒衣,1,69.00,69.00,62.72,62.34,0.00,1.13,0.99,0.71,3.45,0.38,0.00,0.00,0.00,0.00,,,,重庆市,重庆,H5,是,否,否,,支付宝,否,,,否,否,否,否,是,否,申通快递,YT17572659265,已签收,
2705000144,已发货,2026-04-04 23:58:21,2026-04-07 18:27:18,2026-04-13,2026-04-04 17:22:00,2026-04-06,男士运动休闲鞋透气款,PD00005,SP00005,SKU012,41码-白色,SKU012,41码-白色,ST012,运动户外,运动鞋服,运动鞋,跑步鞋,1,119.00,119.00,99.37,98.77,0.00,5.47,4.79,3.42,5.95,0.60,0.00,0.00,0.00,0.00,,,,湖北省,武汉,APP-Android,否,否,否,,多多支付,否,,买家,否,否,否,否,否,否,圆通速递,YT78177817966,运输中,
2705000203,已完成,2026-04-05 01:00:21,2026-04-06 07:02:22,2026-04-07,2026-04-05 04:21:16,2026-04-07,不锈钢保温杯大容量,PD00004,SP00004,SKU008,500ml-黑色,SKU008,500ml-黑色,ST008,家居生活,餐饮用具,保温杯,不锈钢保温杯,5,45.00,225.00,221.20,219.87,0.00,1.52,1.33,0.95,0.00,1.33,0.00,0.00,0.00,191.71,商品与描述不符,退货退款,退款成功,上海市,上海,网页,否,否,否,,微信支付,否,,,否,否,否,否,否,否,顺丰速运,YT98889344783,已签收,
2705000029,待发货,2026-04-05 01:38:04,2026-04-07 07:06:20,2026-04-08,2026-04-05 03:53:13,2026-04-07,女士防晒衣轻薄透气,PD00006,SP00006,SKU013,M码-浅蓝,SKU013,M码-浅蓝,ST013,服饰内衣,女装,外套,防晒衣,2,69.00,138.00,128.43,127.66,0.00,3.83,3.35,2.39,0.00,0.77,0.00,0.00,0.00,0.00,,,补发,辽宁省,沈阳,网页,否,否,否,,支付宝,否,,商家,否,否,否,否,否,否,申通快递,YT43626219062,派送中,
2705000373,待发货,2026-04-05 02:21:55,2026-04-07 16:07:39,2026-04-10,2026-04-05 14:26:28,2026-04-07,无线蓝牙耳机Pro版,PD00002,SP00002,SKU005,白色降噪版,SKU005,白色降噪版,ST005,数码电器,影音设备,耳机,无线耳机,1,189.00,189.00,142.98,142.12,0.00,18.41,16.11,11.50,0.00,0.86,0.00,0.00,0.00,0.00,,,,河北省,石家庄,H5,否,否,否,,花呗分期,否,,,否,否,否,否,否,否,顺丰速运,YT48833317769,运输中,
2705000518,已发货,2026-04-05 04:17:28,2026-04-05 21:19:48,2026-04-09,2026-04-05 13:23:19,2026-04-07,有机红枣夹核桃500g,PD00007,SP00007,SKU016,1000g礼盒,SKU016,1000g礼盒,ST016,食品生鲜,坚果零食,红枣,夹心红枣,2,69.00,138.00,119.48,118.76,0.00,4.65,4.07,2.90,6.90,0.72,0.00,0.00,0.00,0.00,,,,福建省,厦门,H5,否,否,否,,花呗分期,否,,,否,否,否,否,否,否,邮政快递,YT89421073142,运输中,
2705000508,已签收,2026-04-05 09:37:19,2026-04-06 10:28:24,2026-04-13,2026-04-05 09:12:24,2026-04-07,夏季冰丝凉席三件套,PD00001,SP00001,SKU003,1.5m床-蓝色,SKU003,1.5m床-蓝色,ST003,家居生活,床上用品,凉席,冰丝凉席,1,89.00,89.00,67.27,66.87,0.00,6.91,6.05,4.32,4.45,0.40,0.00,0.00,0.00,0.00,,,,广东省,广州,网页,是,否,否,,支付宝,否,,,否,否,否,否,否,否,邮政快递,YT87378306003,运输中,
2705000338,已签收,2026-04-05 15:42:33,2026-04-06 06:48:06,2026-04-10,2026-04-05 02:09:04,2026-04-07,男士运动休闲鞋透气款,PD00005,SP00005,SKU010,39码-黑色,SKU010,39码-黑色,ST010,运动户外,运动鞋服,运动鞋,跑步鞋,1,119.00,119.00,112.68,112.00,0.00,2.53,2.21,1.58,0.00,0.68,0.00,0.00,0.00,0.00,,,,广西,南宁,网页,否,否,否,,支付宝,否,12,,否,否,否,否,否,否,圆通速递,YT42896059479,运输中,
2705000188,已付款,2026-04-05 21:50:29,2026-04-05 22:08:48,2026-04-06,2026-04-05 13:44:13,2026-04-07,夏季冰丝凉席三件套,PD00001,SP00001,SKU002,1.8m床-灰色,SKU002,1.8m床-灰色,ST002,家居生活,床上用品,凉席,冰丝凉席,1,109.00,109.00,88.33,87.80,0.00,8.27,7.23,5.17,0.00,0.53,0.00,0.00,0.00,31.36,七天无理由退货,退货退款,退货退款,湖北省,武汉,小程序,否,否,否,,支付宝,否,,商家,否,否,否,否,否,否,极兔速递,YT74673145786,运输中,
2705000394,待发货,2026-04-06 00:53:30,2026-04-07 00:27:05,2026-04-13,2026-04-06 21:52:01,2026-04-08,夏季冰丝凉席三件套,PD00001,SP00001,SKU002,1.8m床-灰色,SKU002,1.8m床-灰色,ST002,家居生活,床上用品,凉席,冰丝凉席,5,109.00,545.00,411.54,409.07,0.00,53.38,46.71,33.37,0.00,2.47,0.00,0.00,0.00,0.00,,,,上海市,上海,网页,否,否,否,,多多支付,否,,,否,否,否,否,否,否,邮政快递,YT53196067705,运输中,
2705000107,待发货,2026-04-06 05:56:13,2026-04-08 06:46:27,2026-04-13,2026-04-06 19:16:38,2026-04-08,桌面手机支架可折叠,PD00008,SP00008,SKU017,基础款-黑色,SKU017,基础款-黑色,ST017,数码电器,手机配件,支架,桌面支架,1,19.90,19.90,15.08,14.93,0.00,1.53,1.34,0.96,0.99,0.15,0.00,0.00,0.00,0.00,,,,湖南省,长沙,APP-iOS,否,否,否,,花呗分期,否,,,否,否,否,否,否,否,邮政快递,YT56968600033,运输中,
2705000499,待发货,2026-04-06 07:19:10,2026-04-06 16:56:29,2026-04-07,2026-04-06 03:38:39,2026-04-08,男士运动休闲鞋透气款,PD00005,SP00005,SKU010,39码-黑色,SKU010,39码-黑色,ST010,运动户外,运动鞋服,运动鞋,跑步鞋,1,119.00,119.00,115.13,114.44,0.00,1.55,1.35,0.97,0.00,0.69,0.00,0.00,0.00,0.00,,,,上海市,上海,H5,否,否,否,,花呗分期,否,,,否,否,否,否,否,否,顺丰速运,YT88161001177,已签收,
2705000226,已取消,2026-04-06 07:31:51,,,2026-04-06 06:08:13,2026-04-08,有机红枣夹核桃500g,PD00007,SP00007,SKU016,1000g礼盒,SKU016,1000g礼盒,ST016,食品生鲜,坚果零食,红枣,夹心红枣,5,69.00,345.00,256.83,255.29,0.00,28.37,24.82,17.73,17.25,1.54,0.00,0.00,0.00,0.00,,,,江西省,南昌,APP-Android,否,否,否,,花呗分期,否,,,否,否,否,否,否,否,顺丰速运,YT98423047521,,
2705000202,已付款,2026-04-06 10:15:07,2026-04-08 02:18:08,2026-04-13,2026-04-06 16:00:27,2026-04-08,无线蓝牙耳机Pro版,PD00002,SP00002,SKU004,黑色标准版,SKU004,黑色标准版,ST004,数码电器,影音设备,耳机,无线耳机,3,129.00,387.00,337.82,335.79,0.00,11.93,10.44,7.46,19.35,2.03,0.00,0.00,0.00,0.00,,,,云南省,昆明,网页,否,否,否,,花呗分期,否,,,否,否,否,否,否,否,顺丰速运,YT45177799071,已签收,
2705000502,已签收,2026-04-06 11:10:15,2026-04-07 07:53:49,2026-04-14,2026-04-06 21:00:56,2026-04-08,男士运动休闲鞋透气款,PD00005,SP00005,SKU010,39码-黑色,SKU010,39码-黑色,ST010,运动户外,运动鞋服,运动鞋,跑步鞋,1,119.00,119.00,107.02,106.38,0.00,2.41,2.11,1.51,5.95,0.64,0.00,0.00,0.00,63.22,物流太慢,仅退款,退款成功,河南省,郑州,APP-iOS,是,否,否,,花呗分期,否,12,,是,否,否,否,否,否,极兔速递,YT92021286088,已签收,
2705000030,已签收,2026-04-06 18:12:25,2026-04-06 14:15:15,2026-04-12,2026-04-06 04:52:51,2026-04-08,男士运动休闲鞋透气款,PD00005,SP00005,SKU012,41码-白色,SKU012,41码-白色,ST012,运动户外,运动鞋服,运动鞋,跑步鞋,2,119.00,238.00,204.85,203.62,0.00,13.26,11.60,8.29,0.00,1.23,0.00,0.00,0.00,0.00,,,,河南省,郑州,APP-iOS,否,否,否,,多多支付,否,,,否,否,否,否,否,否,圆通速递,YT96509345724,运输中,
2705000492,已退款,2026-04-06 20:02:47,2026-04-09 19:17:17,2026-04-12,2026-04-06 18:52:36,2026-04-08,夏季冰丝凉席三件套,PD00001,SP00001,SKU001,1.5m床-灰色,SKU001,1.5m床-灰色,ST001,家居生活,床上用品,凉席,冰丝凉席,2,89.00,178.00,161.46,160.49,0.00,6.62,5.79,4.13,0.00,0.97,0.00,40.00,0.00,117.70,不喜欢/效果不好,仅退款,退款成功,浙江省,杭州,APP-iOS,否,否,否,,花呗分期,否,,,否,否,否,否,是,否,韵达快递,YT44038954067,运输中,
2705000180,已取消,2026-04-06 23:31:02,,,2026-04-06 19:33:03,2026-04-08,女士防晒衣轻薄透气,PD00006,SP00006,SKU014,L码-粉色,SKU014,L码-粉色,ST014,服饰内衣,女装,外套,防晒衣,2,69.00,138.00,115.53,114.84,0.00,8.99,7.86,5.62,0.00,0.69,0.00,0.00,0.00,0.00,,,,天津市,天津,H5,否,否,否,,微信支付,否,,,否,否,否,否,否,否,顺丰速运,YT30830306502,,
2705000343,已付款,2026-04-07 01:47:00,2026-04-08 13:47:29,2026-04-13,2026-04-07 16:50:13,2026-04-09,儿童益智积木拼装玩具,PD00003,SP00003,SKU006,大颗粒100粒,SKU006,大颗粒100粒,ST006,母婴玩具,益智玩具,积木,大颗粒积木,1,59.00,59.00,42.77,42.34,0.00,5.31,4.65,3.32,2.95,0.43,0.00,0.00,0.00,0.00,,,,天津市,天津,APP-Android,是,否,否,,花呗分期,否,,,否,否,否,否,否,否,申通快递,YT93807228152,派送中,
2705000410,待发货,2026-04-07 05:57:36,2026-04-09 13:00:10,2026-04-15,2026-04-07 02:31:00,2026-04-09,无线蓝牙耳机Pro版,PD00002,SP00002,SKU004,黑色标准版,SKU004,黑色标准版,ST004,数码电器,影音设备,耳机,无线耳机,1,129.00,129.00,102.57,101.95,0.00,10.57,9.25,6.61,0.00,0.62,0.00,0.00,0.00,90.05,物流太慢,仅退款,退款成功,河南省,郑州,H5,否,否,否,,支付宝,否,3,,否,否,否,否,是,否,顺丰速运,YT44878363858,已签收,
2705000023,已付款,2026-04-07 07:17:22,2026-04-07 09:29:54,2026-04-14,2026-04-07 22:16:56,2026-04-09,男士运动休闲鞋透气款,PD00005,SP00005,SKU010,39码-黑色,SKU010,39码-黑色,ST010,运动户外,运动鞋服,运动鞋,跑步鞋,2,119.00,238.00,219.59,218.27,0.00,2.60,2.28,1.63,11.90,1.32,0.00,0.00,0.00,0.00,,,,重庆市,重庆,H5,否,否,否,,微信支付,否,,,否,否,否,否,否,否,极兔速递,YT95052835637,派送中,
2705000100,待发货,2026-04-07 10:45:34,2026-04-07 02:26:41,2026-04-11,2026-04-07 01:43:25,2026-04-09,夏季冰丝凉席三件套,PD00001,SP00001,SKU001,1.5m床-灰色,SKU001,1.5m床-灰色,ST001,家居生活,床上用品,凉席,冰丝凉席,2,89.00,178.00,142.07,141.22,0.00,10.81,9.46,6.76,8.90,0.85,0.00,0.00,0.00,0.00,,,,上海市,上海,网页,是,否,否,,支付宝,否,12,,否,否,否,否,否,否,邮政快递,YT85179696869,运输中,
2705000204,已完成,2026-04-07 14:17:06,2026-04-07 17:45:33,2026-04-10,2026-04-07 20:10:07,2026-04-09,儿童益智积木拼装玩具,PD00003,SP00003,SKU006,大颗粒100粒,SKU006,大颗粒100粒,ST006,母婴玩具,益智玩具,积木,大颗粒积木,1,59.00,59.00,55.91,55.57,0.00,1.24,1.08,0.77,0.00,0.34,0.00,0.00,0.00,0.00,,,,四川省,成都,APP-iOS,否,否,否,,多多支付,否,,,否,否,否,否,否,否,圆通速递,YT10024282748,运输中,
2705000182,已付款,2026-04-07 14:37:51,2026-04-08 06:25:15,2026-04-14,2026-04-07 08:07:12,2026-04-09,儿童益智积木拼装玩具,PD00003,SP00003,SKU006,大颗粒100粒,SKU006,大颗粒100粒,ST006,母婴玩具,益智玩具,积木,大颗粒积木,5,59.00,295.00,294.00,292.24,0.00,0.40,0.35,0.25,0.00,1.76,0.00,0.00,0.00,0.00,,,,北京市,北京,APP-Android,否,否,否,,多多支付,否,,商家,否,否,否,否,否,否,极兔速递,YT11146783925,派送中,
2705000251,已完成,2026-04-07 15:54:53,2026-04-09 01:01:52,2026-04-11,2026-04-07 06:30:04,2026-04-09,儿童益智积木拼装玩具,PD00003,SP00003,SKU007,大颗粒200粒,SKU007,大颗粒200粒,ST007,母婴玩具,益智玩具,积木,大颗粒积木,2,99.00,198.00,145.02,144.15,0.00,17.23,15.08,10.77,9.90,0.87,0.00,0.00,0.00,130.78,质量问题,仅退款,退款成功,江西省,南昌,APP-Android,否,否,否,,多多支付,否,,,否,否,否,否,否,否,顺丰速运,YT71983710320,运输中,
2705000033,已付款,2026-04-07 20:37:45,2026-04-09 03:12:14,2026-04-10,2026-04-07 02:52:32,2026-04-09,儿童益智积木拼装玩具,PD00003,SP00003,SKU007,大颗粒200粒,SKU007,大颗粒200粒,ST007,母婴玩具,益智玩具,积木,大颗粒积木,1,99.00,99.00,96.17,95.59,0.00,1.13,0.99,0.71,0.00,0.58,0.00,0.00,0.00,0.00,,,,四川省,成都,APP-iOS,否,否,否,,多多支付,否,,,否,否,否,否,是,否,圆通速递,YT23663194339,运输中,
2705000505,待发货,2026-04-07 23:06:44,2026-04-10 15:42:43,2026-04-11,2026-04-07 10:00:13,2026-04-09,夏季冰丝凉席三件套,PD00001,SP00001,SKU003,1.5m床-蓝色,SKU003,1.5m床-蓝色,ST003,家居生活,床上用品,凉席,冰丝凉席,2,89.00,178.00,160.00,159.04,0.00,7.20,6.30,4.50,0.00,0.96,0.00,0.00,0.00,0.00,,,,辽宁省,沈阳,APP-Android,否,否,否,,花呗分期,否,,,否,否,否,否,否,是,申通快递,YT28115733233,运输中,
2705000012,已完成,2026-04-08 02:49:51,2026-04-09 01:27:27,2026-04-15,2026-04-08 06:37:55,2026-04-10,无线蓝牙耳机Pro版,PD00002,SP00002,SKU005,白色降噪版,SKU005,白色降噪版,ST005,数码电器,影音设备,耳机,无线耳机,2,189.00,378.00,375.02,372.77,0.00,1.19,1.04,0.75,0.00,2.25,0.00,0.00,0.00,0.00,,,换货,云南省,昆明,H5,否,否,否,,多多支付,否,,,是,否,否,否,否,否,中通快递,YT51444643892,运输中,
2705000440,已完成,2026-04-08 06:12:25,2026-04-10 11:00:29,2026-04-13,2026-04-08 13:45:10,2026-04-10,夏季冰丝凉席三件套,PD00001,SP00001,SKU003,1.5m床-蓝色,SKU003,1.5m床-蓝色,ST003,家居生活,床上用品,凉席,冰丝凉席,1,89.00,89.00,84.93,84.42,0.00,1.63,1.42,1.02,0.00,0.51,0.00,0.00,0.00,0.00,,,,湖南省,长沙,网页,否,否,否,,支付宝,否,,,否,否,否,否,否,是,申通快递,YT50003264981,运输中,
2705000066,待发货,2026-04-08 14:25:21,2026-04-09 12:04:45,2026-04-12,2026-04-08 01:04:09,2026-04-10,女士防晒衣轻薄透气,PD00006,SP00006,SKU014,L码-粉色,SKU014,L码-粉色,ST014,服饰内衣,女装,外套,防晒衣,2,69.00,138.00,129.45,128.67,0.00,0.66,0.58,0.41,6.90,0.78,0.00,0.00,0.00,0.00,,,,北京市,北京,APP-Android,否,否,是,大悦城店,支付宝,否,,买家,否,否,否,否,否,否,韵达快递,YT53364048717,运输中,
2705000337,已签收,2026-04-08 14:31:13,2026-04-09 04:21:57,2026-04-12,2026-04-08 06:53:07,2026-04-10,儿童益智积木拼装玩具,PD00003,SP00003,SKU006,大颗粒100粒,SKU006,大颗粒100粒,ST006,母婴玩具,益智玩具,积木,大颗粒积木,5,59.00,295.00,236.41,234.99,0.00,23.43,20.51,14.65,0.00,1.42,0.00,0.00,0.00,0.00,,,,广西,南宁,网页,是,否,否,,微信支付,否,,,否,是,否,否,否,是,中通快递,YT85856202652,派送中,
2705000220,已签收,2026-04-08 14:43:07,2026-04-09 14:46:25,2026-04-13,2026-04-08 21:03:10,2026-04-10,有机红枣夹核桃500g,PD00007,SP00007,SKU016,1000g礼盒,SKU016,1000g礼盒,ST016,食品生鲜,坚果零食,红枣,夹心红枣,1,69.00,69.00,58.26,57.91,0.00,4.30,3.76,2.68,0.00,0.35,0.00,0.00,0.00,0.00,,,,云南省,昆明,APP-iOS,否,否,否,,微信支付,否,,,否,否,否,否,否,否,邮政快递,YT84509430773,运输中,集运
2705000460,待发货,2026-04-08 17:34:48,2026-04-08 23:12:46,2026-04-15,2026-04-08 09:32:19,2026-04-10,不锈钢保温杯大容量,PD00004,SP00004,SKU009,800ml-银色,SKU009,800ml-银色,ST009,家居生活,餐饮用具,保温杯,不锈钢保温杯,1,65.00,65.00,55.34,55.01,0.00,3.86,3.38,2.42,0.00,0.33,0.00,0.00,0.00,0.00,,,,湖南省,长沙,APP-Android,否,否,否,,多多支付,否,,,否,否,否,否,否,否,顺丰速运,YT73913309117,运输中,转运
2705000378,已签收,2026-04-08 20:47:34,2026-04-08 19:20:52,2026-04-10,2026-04-08 12:48:53,2026-04-10,儿童益智积木拼装玩具,PD00003,SP00003,SKU006,大颗粒100粒,SKU006,大颗粒100粒,ST006,母婴玩具,益智玩具,积木,大颗粒积木,5,59.00,295.00,289.03,286.14,0.00,2.39,2.09,1.49,0.00,2.89,0.00,0.00,0.00,0.00,,,,广西,南宁,APP-Android,否,否,否,,微信支付,否,,,否,否,否,否,否,否,圆通速递,YT80979262115,运输中,
2705000071,已发货,2026-04-09 01:30:34,2026-04-10 22:47:01,2026-04-15,2026-04-09 04:54:39,2026-04-11,有机红枣夹核桃500g,PD00007,SP00007,SKU015,500g袋装,SKU015,500g袋装,ST015,食品生鲜,坚果零食,红枣,夹心红枣,2,39.00,78.00,72.22,71.79,0.00,0.75,0.66,0.47,3.90,0.43,0.00,0.00,0.00,0.00,,,,上海市,上海,APP-iOS,否,否,否,,支付宝,否,,,否,否,否,否,是,否,顺丰速运,YT78416598201,派送中,
2705000458,已取消,2026-04-09 05:47:52,,,2026-04-09 21:09:29,2026-04-11,无线蓝牙耳机Pro版,PD00002,SP00002,SKU004,黑色标准版,SKU004,黑色标准版,ST004,数码电器,影音设备,耳机,无线耳机,2,129.00,258.00,202.18,200.16,0.00,17.17,15.02,10.73,12.90,2.02,0.00,0.00,0.00,0.00,,,,上海市,上海,APP-Android,否,否,是,万象城店,微信支付,否,,,否,否,否,否,否,否,顺丰速运,YT40484548140,,
2705000345,已退款,2026-04-09 07:20:09,2026-04-12 00:46:56,2026-04-14,2026-04-09 04:05:33,2026-04-11,有机红枣夹核桃500g,PD00007,SP00007,SKU015,500g袋装,SKU015,500g袋装,ST015,食品生鲜,坚果零食,红枣,夹心红枣,1,39.00,39.00,27.44,27.28,0.00,3.85,3.36,2.40,1.95,0.16,0.00,0.00,0.00,23.60,质量问题,退货退款,退款成功,四川省,成都,小程序,否,否,否,,花呗分期,否,,,否,否,否,否,否,否,顺丰速运,YT47989062029,运输中,
2705000019,已退款,2026-04-09 10:35:41,2026-04-10 10:26:15,2026-04-13,2026-04-09 10:43:30,2026-04-11,不锈钢保温杯大容量,PD00004,SP00004,SKU008,500ml-黑色,SKU008,500ml-黑色,ST008,家居生活,餐饮用具,保温杯,不锈钢保温杯,1,45.00,45.00,37.72,37.49,0.00,2.91,2.55,1.82,0.00,0.23,0.00,0.00,0.00,29.41,不喜欢/效果不好,仅退款,退款成功,陕西省,西安,小程序,否,否,否,,支付宝,否,,,否,否,否,否,否,否,申通快递,YT85476697752,已签收,
2705000000,已完成,2026-04-09 12:02:42,2026-04-10 19:21:23,2026-04-14,2026-04-09 22:36:56,2026-04-11,男士运动休闲鞋透气款,PD00005,SP00005,SKU010,39码-黑色,SKU010,39码-黑色,ST010,运动户外,运动鞋服,运动鞋,跑步鞋,1,119.00,119.00,91.62,90.70,0.00,8.57,7.50,5.36,5.95,0.92,0.00,0.00,0.00,0.00,,,,河南省,郑州,小程序,否,否,否,,微信支付,否,,,否,否,否,否,否,否,韵达快递,YT93868748733,运输中,
2705000519,已取消,2026-04-09 21:05:05,,,2026-04-09 06:31:50,2026-04-11,不锈钢保温杯大容量,PD00004,SP00004,SKU009,800ml-银色,SKU009,800ml-银色,ST009,家居生活,餐饮用具,保温杯,不锈钢保温杯,1,65.00,65.00,61.04,60.67,0.00,0.28,0.25,0.18,3.25,0.37,0.00,0.00,0.00,0.00,,,,四川省,成都,小程序,否,否,否,,多多支付,否,,,否,否,否,否,是,否,中通快递,YT35158344157,,
2705000437,已付款,2026-04-10 06:19:47,2026-04-12 02:40:53,2026-04-14,2026-04-10 06:09:10,2026-04-12,儿童益智积木拼装玩具,PD00003,SP00003,SKU006,大颗粒100粒,SKU006,大颗粒100粒,ST006,母婴玩具,益智玩具,积木,大颗粒积木,1,59.00,59.00,50.34,49.84,0.00,3.46,3.03,2.17,0.00,0.50,0.00,0.00,0.00,0.00,,,,云南省,昆明,H5,否,否,否,,花呗分期,否,,,否,否,否,否,否,否,顺丰速运,YT23563057890,运输中,
2705000214,已签收,2026-04-10 06:44:23,2026-04-13 02:41:36,2026-04-20,2026-04-10 13:54:47,2026-04-12,夏季冰丝凉席三件套,PD00001,SP00001,SKU001,1.5m床-灰色,SKU001,1.5m床-灰色,ST001,家居生活,床上用品,凉席,冰丝凉席,2,89.00,178.00,171.49,170.46,0.00,2.60,2.28,1.63,0.00,1.03,0.00,0.00,0.00,0.00,,,,辽宁省,沈阳,小程序,否,否,否,,支付宝,否,,,否,否,否,否,否,否,顺丰速运,YT96367328733,运输中,
2705000094,已完成,2026-04-10 07:11:56,2026-04-12 21:58:31,2026-04-13,2026-04-10 07:12:32,2026-04-12,女士防晒衣轻薄透气,PD00006,SP00006,SKU014,L码-粉色,SKU014,L码-粉色,ST014,服饰内衣,女装,外套,防晒衣,2,69.00,138.00,119.69,118.97,0.00,7.32,6.41,4.58,0.00,0.72,0.00,0.00,0.00,0.00,,,,安徽省,合肥,H5,否,否,否,,支付宝,否,,,否,否,否,否,否,否,邮政快递,YT14124614573,派送中,
2705000006,已发货,2026-04-10 10:46:19,2026-04-11 09:29:48,2026-04-12,2026-04-10 19:57:09,2026-04-12,女士防晒衣轻薄透气,PD00006,SP00006,SKU013,M码-浅蓝,SKU013,M码-浅蓝,ST013,服饰内衣,女装,外套,防晒衣,2,69.00,138.00,108.22,107.57,0.00,9.15,8.01,5.72,6.90,0.65,0.00,0.00,0.00,0.00,,,,陕西省,西安,小程序,否,否,否,,多多支付,否,12,,否,否,否,否,否,否,邮政快递,YT35019608972,派送中,
2705000163,已完成,2026-04-10 13:04:20,2026-04-10 03:20:43,2026-04-17,2026-04-10 17:41:02,2026-04-12,男士运动休闲鞋透气款,PD00005,SP00005,SKU012,41码-白色,SKU012,41码-白色,ST012,运动户外,运动鞋服,运动鞋,跑步鞋,1,119.00,119.00,111.20,110.53,0.00,3.12,2.73,1.95,0.00,0.67,0.00,0.00,0.00,0.00,,,,江西省,南昌,APP-iOS,否,否,否,,支付宝,否,,买家,否,否,否,否,否,否,顺丰速运,YT99761407944,运输中,
2705000304,已完成,2026-04-10 14:56:38,2026-04-11 04:47:25,2026-04-12,2026-04-10 11:20:00,2026-04-12,夏季冰丝凉席三件套,PD00001,SP00001,SKU001,1.5m床-灰色,SKU001,1.5m床-灰色,ST001,家居生活,床上用品,凉席,冰丝凉席,2,89.00,178.00,154.92,153.99,0.00,9.23,8.08,5.77,0.00,0.93,0.00,0.00,0.00,0.00,,,,湖南省,长沙,小程序,否,否,否,,微信支付,否,3,,否,否,否,否,否,否,顺丰速运,YT41711668989,运输中,
2705000041,已发货,2026-04-10 16:27:46,2026-04-13 10:53:01,2026-04-15,2026-04-10 21:01:56,2026-04-12,不锈钢保温杯大容量,PD00004,SP00004,SKU008,500ml-黑色,SKU008,500ml-黑色,ST008,家居生活,餐饮用具,保温杯,不锈钢保温杯,1,45.00,45.00,44.20,43.93,0.00,0.32,0.28,0.20,0.00,0.27,0.00,36.83,0.00,0.00,,,,湖北省,武汉,APP-Android,否,否,否,,花呗分期,否,6,,否,否,否,否,否,否,韵达快递,YT48722013999,派送中,
2705000367,已付款,2026-04-10 20:01:41,2026-04-11 20:51:42,2026-04-12,2026-04-10 21:00:11,2026-04-12,夏季冰丝凉席三件套,PD00001,SP00001,SKU002,1.8m床-灰色,SKU002,1.8m床-灰色,ST002,家居生活,床上用品,凉席,冰丝凉席,2,109.00,218.00,199.95,198.75,0.00,7.22,6.32,4.51,0.00,1.20,0.00,0.00,0.00,0.00,,,,江西省,南昌,小程序,否,否,否,,微信支付,否,,,否,否,否,否,否,否,邮政快递,YT67599327826,已签收,
2705000252,已发货,2026-04-10 22:59:20,2026-04-12 11:02:08,2026-04-17,2026-04-10 11:49:14,2026-04-12,有机红枣夹核桃500g,PD00007,SP00007,SKU015,500g袋装,SKU015,500g袋装,ST015,食品生鲜,坚果零食,红枣,夹心红枣,3,39.00,117.00,94.40,93.83,0.00,9.04,7.91,5.65,0.00,0.57,0.00,0.00,0.00,0.00,,,,河北省,石家庄,APP-Android,否,否,否,,微信支付,否,,,否,否,否,否,否,否,邮政快递,YT20209799338,派送中,
2705000325,已取消,2026-04-11 04:30:25,,,2026-04-11 08:50:06,2026-04-13,桌面手机支架可折叠,PD00008,SP00008,SKU017,基础款-黑色,SKU017,基础款-黑色,ST017,数码电器,手机配件,支架,桌面支架,3,19.90,59.70,51.68,51.37,0.00,2.01,1.76,1.26,2.99,0.31,0.00,0.00,0.00,0.00,,,,广东省,广州,APP-iOS,否,否,否,,微信支付,否,,,否,否,否,否,否,否,顺丰速运,YT76278728016,,
2705000346,待发货,2026-04-11 07:05:27,2026-04-14 11:04:07,2026-04-20,2026-04-11 19:18:11,2026-04-13,桌面手机支架可折叠,PD00008,SP00008,SKU018,升级款-银色,SKU018,升级款-银色,ST018,数码电器,手机配件,支架,桌面支架,2,29.90,59.80,47.65,47.36,0.00,4.86,4.25,3.04,0.00,0.29,0.00,0.00,0.00,0.00,,,,广西,南宁,网页,否,否,否,,支付宝,否,12,,否,否,否,否,否,否,极兔速递,YT17484801516,运输中,
2705000239,已完成,2026-04-11 08:20:34,2026-04-13 15:57:18,2026-04-14,2026-04-11 02:02:41,2026-04-13,不锈钢保温杯大容量,PD00004,SP00004,SKU008,500ml-黑色,SKU008,500ml-黑色,ST008,家居生活,餐饮用具,保温杯,不锈钢保温杯,3,45.00,135.00,108.25,107.60,0.00,10.70,9.36,6.69,0.00,0.65,0.00,0.00,0.00,0.00,,,,湖北省,武汉,APP-iOS,否,否,否,,花呗分期,否,,,否,否,否,否,否,否,顺丰速运,YT13517271545,运输中,
2705000471,已签收,2026-04-11 11:44:30,2026-04-12 19:28:29,2026-04-19,2026-04-11 07:33:43,2026-04-13,有机红枣夹核桃500g,PD00007,SP00007,SKU015,500g袋装,SKU015,500g袋装,ST015,食品生鲜,坚果零食,红枣,夹心红枣,1,39.00,39.00,38.09,37.71,0.00,0.36,0.32,0.23,0.00,0.38,0.00,0.00,0.00,0.00,,,,福建省,厦门,小程序,否,否,是,王府井店,微信支付,否,,,否,否,否,否,否,否,顺丰速运,YT45541994403,运输中,
2705000436,已退款,2026-04-11 15:33:06,2026-04-11 10:58:02,2026-04-12,2026-04-11 05:32:25,2026-04-13,儿童益智积木拼装玩具,PD00003,SP00003,SKU006,大颗粒100粒,SKU006,大颗粒100粒,ST006,母婴玩具,益智玩具,积木,大颗粒积木,1,59.00,59.00,41.82,41.57,0.00,5.69,4.98,3.56,2.95,0.25,0.00,0.00,0.00,35.52,质量问题,退货退款,退款成功,河南省,郑州,H5,否,否,否,,微信支付,否,,,否,否,否,否,否,是,邮政快递,YT38639777135,运输中,
2705000270,已退款,2026-04-11 15:58:51,2026-04-14 15:39:05,2026-04-18,2026-04-11 11:01:41,2026-04-13,男士运动休闲鞋透气款,PD00005,SP00005,SKU012,41码-白色,SKU012,41码-白色,ST012,运动户外,运动鞋服,运动鞋,跑步鞋,3,119.00,357.00,326.93,324.97,0.00,12.03,10.52,7.52,0.00,1.96,0.00,0.00,0.00,172.95,七天无理由退货,退货退款,退款成功,湖南省,长沙,APP-iOS,否,否,否,,支付宝,否,,商家,否,否,否,否,否,否,申通快递,YT64624297074,派送中,
2705000211,待发货,2026-04-11 19:10:43,2026-04-12 22:43:35,2026-04-19,2026-04-11 11:54:21,2026-04-13,桌面手机支架可折叠,PD00008,SP00008,SKU017,基础款-黑色,SKU017,基础款-黑色,ST017,数码电器,手机配件,支架,桌面支架,1,19.90,19.90,16.10,16.00,0.00,1.52,1.33,0.95,0.00,0.10,0.00,0.00,0.00,0.00,,,,福建省,厦门,小程序,否,否,否,,花呗分期,否,,,是,否,否,否,否,否,申通快递,YT51569670437,已签收,
2705000135,已付款,2026-04-11 21:39:00,2026-04-14 03:17:49,2026-04-16,2026-04-11 02:09:54,2026-04-13,儿童益智积木拼装玩具,PD00003,SP00003,SKU006,大颗粒100粒,SKU006,大颗粒100粒,ST006,母婴玩具,益智玩具,积木,大颗粒积木,1,59.00,59.00,47.75,47.46,0.00,4.50,3.94,2.81,0.00,0.29,0.00,0.00,0.00,25.44,七天无理由退货,仅退款,退款成功,山东省,青岛,APP-iOS,否,否,否,,花呗分期,否,,,否,否,否,否,否,否,圆通速递,YT25872114851,运输中,
2705000442,已退款,2026-04-11 22:08:37,2026-04-11 01:02:20,2026-04-12,2026-04-11 12:00:15,2026-04-13,儿童益智积木拼装玩具,PD00003,SP00003,SKU007,大颗粒200粒,SKU007,大颗粒200粒,ST007,母婴玩具,益智玩具,积木,大颗粒积木,1,99.00,99.00,73.78,73.34,0.00,8.11,7.09,5.07,4.95,0.44,0.00,0.00,0.00,38.43,发错货/漏发,仅退款,退款成功,山东省,青岛,APP-Android,否,否,否,,微信支付,否,3,,否,否,否,否,否,否,中通快递,YT55608161154,运输中,
2705000516,已签收,2026-04-12 00:45:41,2026-04-13 18:30:03,2026-04-16,2026-04-12 06:21:38,2026-04-14,不锈钢保温杯大容量,PD00004,SP00004,SKU008,500ml-黑色,SKU008,500ml-黑色,ST008,家居生活,餐饮用具,保温杯,不锈钢保温杯,2,45.00,90.00,71.65,71.22,0.00,5.54,4.85,3.46,4.50,0.43,0.00,0.00,0.00,0.00,,,,福建省,厦门,小程序,否,否,否,,支付宝,否,,,否,否,否,否,否,否,中通快递,YT13971423194,已签收,
2705000178,已付款,2026-04-12 06:40:46,2026-04-12 01:16:06,2026-04-17,2026-04-12 07:21:52,2026-04-14,不锈钢保温杯大容量,PD00004,SP00004,SKU008,500ml-黑色,SKU008,500ml-黑色,ST008,家居生活,餐饮用具,保温杯,不锈钢保温杯,3,45.00,135.00,107.27,106.63,0.00,11.09,9.71,6.93,0.00,0.64,0.00,0.00,0.00,0.00,,,,重庆市,重庆,网页,否,否,否,,多多支付,否,,,是,否,否,否,否,否,顺丰速运,YT49324571704,运输中,
2705000248,已完成,2026-04-12 11:17:13,2026-04-14 15:39:03,2026-04-17,2026-04-12 12:48:08,2026-04-14,有机红枣夹核桃500g,PD00007,SP00007,SKU016,1000g礼盒,SKU016,1000g礼盒,ST016,食品生鲜,坚果零食,红枣,夹心红枣,2,69.00,138.00,123.69,122.95,0.00,5.72,5.01,3.58,0.00,0.74,0.00,0.00,0.00,0.00,,,,北京市,北京,APP-Android,否,否,否,,多多支付,否,,,是,否,否,否,否,否,极兔速递,YT43251150403,运输中,
2705000509,已付款,2026-04-12 11:40:31,2026-04-14 18:10:14,2026-04-16,2026-04-12 11:31:23,2026-04-14,不锈钢保温杯大容量,PD00004,SP00004,SKU009,800ml-银色,SKU009,800ml-银色,ST009,家居生活,餐饮用具,保温杯,不锈钢保温杯,1,65.00,65.00,60.91,60.54,0.00,1.64,1.43,1.02,0.00,0.37,0.00,0.00,0.00,0.00,,,,北京市,北京,APP-Android,否,否,否,,微信支付,否,3,买家,是,否,否,否,否,否,申通快递,YT50530956447,派送中,
2705000210,已付款,2026-04-12 15:23:49,2026-04-13 09:04:44,2026-04-16,2026-04-12 23:30:45,2026-04-14,儿童益智积木拼装玩具,PD00003,SP00003,SKU006,大颗粒100粒,SKU006,大颗粒100粒,ST006,母婴玩具,益智玩具,积木,大颗粒积木,1,59.00,59.00,44.92,44.65,0.00,5.63,4.93,3.52,0.00,0.27,0.00,0.00,0.00,0.00,,,,江西省,南昌,APP-Android,否,否,否,,支付宝,否,,,否,否,否,否,否,否,韵达快递,YT27595538099,运输中,
2705000011,已取消,2026-04-12 16:22:40,,,2026-04-12 05:22:51,2026-04-14,不锈钢保温杯大容量,PD00004,SP00004,SKU009,800ml-银色,SKU009,800ml-银色,ST009,家居生活,餐饮用具,保温杯,不锈钢保温杯,5,65.00,325.00,291.07,288.16,0.00,7.07,6.19,4.42,16.25,2.91,0.00,0.00,0.00,0.00,,,,广东省,广州,APP-Android,否,否,否,,多多支付,否,,,否,否,否,否,否,否,邮政快递,YT64287948675,,
2705000131,已签收,2026-04-12 19:47:57,2026-04-12 02:45:36,2026-04-14,2026-04-12 18:04:00,2026-04-14,不锈钢保温杯大容量,PD00004,SP00004,SKU009,800ml-银色,SKU009,800ml-银色,ST009,家居生活,餐饮用具,保温杯,不锈钢保温杯,2,65.00,130.00,93.89,92.95,0.00,11.85,10.36,7.40,6.50,0.94,0.00,0.00,0.00,0.00,,,,重庆市,重庆,小程序,否,否,否,,微信支付,否,,,否,是,否,否,否,是,申通快递,YT12914461874,已签收,
2705000222,待发货,2026-04-12 23:32:57,2026-04-14 20:11:43,2026-04-16,2026-04-12 06:04:35,2026-04-14,女士防晒衣轻薄透气,PD00006,SP00006,SKU013,M码-浅蓝,SKU013,M码-浅蓝,ST013,服饰内衣,女装,外套,防晒衣,2,69.00,138.00,115.64,114.95,0.00,8.94,7.83,5.59,0.00,0.69,0.00,0.00,0.00,0.00,,,,河北省,石家庄,小程序,否,是,否,,支付宝,否,,,否,否,否,否,否,否,中通快递,YT70463811892,运输中,
2705000073,已取消,2026-04-12 23:49:26,,,2026-04-12 22:11:15,2026-04-14,无线蓝牙耳机Pro版,PD00002,SP00002,SKU004,黑色标准版,SKU004,黑色标准版,ST004,数码电器,影音设备,耳机,无线耳机,1,129.00,129.00,102.78,102.16,0.00,10.49,9.18,6.55,0.00,0.62,0.00,0.00,0.00,0.00,,,,辽宁省,沈阳,H5,否,否,否,,支付宝,否,3,,否,否,否,否,否,否,申通快递,YT56025127772,,
2705000363,已退款,2026-04-13 03:11:45,2026-04-15 20:45:23,2026-04-21,2026-04-13 21:41:34,2026-04-15,有机红枣夹核桃500g,PD00007,SP00007,SKU016,1000g礼盒,SKU016,1000g礼盒,ST016,食品生鲜,坚果零食,红枣,夹心红枣,2,69.00,138.00,118.75,118.04,0.00,7.70,6.74,4.81,0.00,0.71,0.00,0.00,0.00,54.34,七天无理由退货,退货退款,退款成功,山东省,青岛,网页,否,否,否,,多多支付,否,,,否,否,否,否,否,否,韵达快递,YT42594341729,运输中,
2705000474,已退款,2026-04-13 05:12:47,2026-04-14 15:06:28,2026-04-15,2026-04-13 07:42:40,2026-04-15,有机红枣夹核桃500g,PD00007,SP00007,SKU015,500g袋装,SKU015,500g袋装,ST015,食品生鲜,坚果零食,红枣,夹心红枣,1,39.00,39.00,34.96,34.75,0.00,0.84,0.73,0.52,1.95,0.21,0.00,0.00,0.00,15.17,质量问题,仅退款,退货退款,河北省,石家庄,H5,否,否,否,,花呗分期,否,,,否,否,否,否,否,否,邮政快递,YT44467925713,运输中,
2705000501,已付款,2026-04-13 05:37:53,2026-04-14 13:46:41,2026-04-15,2026-04-13 18:02:14,2026-04-15,有机红枣夹核桃500g,PD00007,SP00007,SKU015,500g袋装,SKU015,500g袋装,ST015,食品生鲜,坚果零食,红枣,夹心红枣,2,39.00,78.00,60.53,60.17,0.00,5.43,4.75,3.39,3.90,0.36,0.00,0.00,0.00,0.00,,,,安徽省,合肥,APP-iOS,是,否,否,,微信支付,否,,,否,否,否,否,否,否,中通快递,YT59091490956,已签收,
2705000255,已取消,2026-04-13 07:36:51,,,2026-04-13 12:59:00,2026-04-15,男士运动休闲鞋透气款,PD00005,SP00005,SKU010,39码-黑色,SKU010,39码-黑色,ST010,运动户外,运动鞋服,运动鞋,跑步鞋,5,119.00,595.00,482.47,479.58,0.00,45.01,39.39,28.13,0.00,2.89,0.00,0.00,0.00,0.00,,,,重庆市,重庆,小程序,否,是,否,,支付宝,否,,,否,否,否,否,否,否,圆通速递,YT92002405086,,
2705000119,已退款,2026-04-13 10:30:03,2026-04-14 10:21:01,2026-04-17,2026-04-13 21:27:54,2026-04-15,夏季冰丝凉席三件套,PD00001,SP00001,SKU002,1.8m床-灰色,SKU002,1.8m床-灰色,ST002,家居生活,床上用品,凉席,冰丝凉席,1,109.00,109.00,81.87,81.38,0.00,10.85,9.50,6.78,0.00,0.49,0.00,21.21,0.00,51.67,卖家发错尺码,仅退款,退款成功,重庆市,重庆,网页,否,否,否,,花呗分期,否,,,否,否,否,否,否,否,申通快递,YT16341609451,运输中,
2705000008,已退款,2026-04-13 11:41:38,2026-04-14 05:33:07,2026-04-15,2026-04-13 04:01:52,2026-04-15,桌面手机支架可折叠,PD00008,SP00008,SKU018,升级款-银色,SKU018,升级款-银色,ST018,数码电器,手机配件,支架,桌面支架,3,29.90,89.70,86.53,86.01,0.00,1.27,1.11,0.79,0.00,0.52,0.00,0.00,0.00,85.85,发错货/漏发,仅退款,退款成功,辽宁省,沈阳,APP-iOS,是,否,否,,微信支付,否,,买家,否,否,否,否,否,否,极兔速递,YT96620804539,运输中,
2705000470,已取消,2026-04-13 15:55:51,,,2026-04-13 06:47:15,2026-04-15,无线蓝牙耳机Pro版,PD00002,SP00002,SKU005,白色降噪版,SKU005,白色降噪版,ST005,数码电器,影音设备,耳机,无线耳机,3,189.00,567.00,522.60,519.46,0.00,17.76,15.54,11.10,0.00,3.14,0.00,0.00,0.00,0.00,,,,陕西省,西安,APP-Android,否,否,否,,多多支付,否,,,否,否,否,否,否,否,极兔速递,YT63695127785,,
2705000423,已退款,2026-04-13 18:20:58,2026-04-14 13:09:30,2026-04-20,2026-04-13 11:20:02,2026-04-15,夏季冰丝凉席三件套,PD00001,SP00001,SKU001,1.5m床-灰色,SKU001,1.5m床-灰色,ST001,家居生活,床上用品,凉席,冰丝凉席,1,89.00,89.00,79.56,78.76,0.00,3.78,3.30,2.36,0.00,0.80,0.00,0.00,0.00,37.47,不喜欢/效果不好,退货退款,退货退款,山东省,青岛,APP-Android,否,否,否,,支付宝,否,,,否,否,否,否,是,否,圆通速递,YT75733208898,运输中,
2705000510,已退款,2026-04-13 19:28:49,2026-04-14 20:08:50,2026-04-17,2026-04-13 16:45:39,2026-04-15,儿童益智积木拼装玩具,PD00003,SP00003,SKU006,大颗粒100粒,SKU006,大颗粒100粒,ST006,母婴玩具,益智玩具,积木,大颗粒积木,2,59.00,118.00,114.68,113.99,0.00,1.33,1.16,0.83,0.00,0.69,0.00,0.00,0.00,60.17,七天无理由退货,仅退款,退款成功,湖北省,武汉,APP-iOS,是,否,否,,花呗分期,否,6,,否,否,是,否,否,否,中通快递,YT55916101850,运输中,
2705000292,已完成,2026-04-13 20:26:13,2026-04-16 08:12:07,2026-04-20,2026-04-13 15:40:36,2026-04-15,男士运动休闲鞋透气款,PD00005,SP00005,SKU012,41码-白色,SKU012,41码-白色,ST012,运动户外,运动鞋服,运动鞋,跑步鞋,1,119.00,119.00,103.86,103.24,0.00,6.06,5.30,3.78,0.00,0.62,0.00,0.00,0.00,0.00,,,,辽宁省,沈阳,APP-Android,是,否,否,,多多支付,否,,,否,否,否,否,否,否,邮政快递,YT21330641760,运输中,
2705000162,已取消,2026-04-13 20:27:12,,,2026-04-13 01:58:15,2026-04-15,夏季冰丝凉席三件套,PD00001,SP00001,SKU002,1.8m床-灰色,SKU002,1.8m床-灰色,ST002,家居生活,床上用品,凉席,冰丝凉席,1,109.00,109.00,80.55,80.07,0.00,9.20,8.05,5.75,5.45,0.48,0.00,0.00,0.00,0.00,,,,广西,南宁,APP-iOS,否,否,否,,支付宝,否,,,否,否,否,否,否,否,韵达快递,YT27998820243,,
2705000296,待发货,2026-04-13 22:27:05,2026-04-13 07:44:21,2026-04-14,2026-04-13 13:09:42,2026-04-15,不锈钢保温杯大容量,PD00004,SP00004,SKU008,500ml-黑色,SKU008,500ml-黑色,ST008,家居生活,餐饮用具,保温杯,不锈钢保温杯,2,45.00,90.00,87.28,86.76,0.00,1.09,0.95,0.68,0.00,0.52,0.00,0.00,0.00,0.00,,,,上海市,上海,APP-iOS,否,否,否,,支付宝,否,,,否,否,否,否,否,否,邮政快递,YT75729606461,派送中,
2705000359,待发货,2026-04-14 01:47:04,2026-04-14 19:40:56,2026-04-19,2026-04-14 01:40:45,2026-04-16,夏季冰丝凉席三件套,PD00001,SP00001,SKU001,1.5m床-灰色,SKU001,1.5m床-灰色,ST001,家居生活,床上用品,凉席,冰丝凉席,3,89.00,267.00,215.60,214.31,0.00,20.56,17.99,12.85,0.00,1.29,60.61,34.47,79.62,0.00,,,,河北省,石家庄,小程序,否,否,否,,花呗分期,否,,,否,否,否,否,否,是,邮政快递,YT69004530829,运输中,
2705000462,已付款,2026-04-14 02:56:00,2026-04-16 16:55:13,2026-04-17,2026-04-14 08:54:01,2026-04-16,不锈钢保温杯大容量,PD00004,SP00004,SKU008,500ml-黑色,SKU008,500ml-黑色,ST008,家居生活,餐饮用具,保温杯,不锈钢保温杯,2,45.00,90.00,75.20,74.75,0.00,5.92,5.18,3.70,0.00,0.45,0.00,0.00,0.00,0.00,,,补发,江西省,南昌,APP-iOS,是,否,否,,花呗分期,否,,,否,否,否,否,否,是,圆通速递,YT77371785343,已签收,
2705000043,待发货,2026-04-14 03:55:48,2026-04-17 02:40:36,2026-04-18,2026-04-14 01:36:07,2026-04-16,男士运动休闲鞋透气款,PD00005,SP00005,SKU012,41码-白色,SKU012,41码-白色,ST012,运动户外,运动鞋服,运动鞋,跑步鞋,1,119.00,119.00,97.48,96.90,0.00,8.61,7.53,5.38,0.00,0.58,0.00,0.00,0.00,0.00,,,,江西省,南昌,APP-iOS,否,否,否,,微信支付,否,,商家,否,否,否,否,否,是,邮政快递,YT18549004473,派送中,集运
2705000177,已取消,2026-04-14 04:38:56,,,2026-04-14 13:49:59,2026-04-16,不锈钢保温杯大容量,PD00004,SP00004,SKU009,800ml-银色,SKU009,800ml-银色,ST009,家居生活,餐饮用具,保温杯,不锈钢保温杯,1,65.00,65.00,52.32,52.01,0.00,3.77,3.30,2.36,3.25,0.31,60.88,0.00,0.00,0.00,,,,江西省,南昌,H5,否,否,否,,花呗分期,否,,,否,否,否,否,否,否,韵达快递,YT92481589767,,
2705000170,待发货,2026-04-14 09:32:52,2026-04-16 16:11:03,2026-04-23,2026-04-14 19:25:49,2026-04-16,女士防晒衣轻薄透气,PD00006,SP00006,SKU013,M码-浅蓝,SKU013,M码-浅蓝,ST013,服饰内衣,女装,外套,防晒衣,1,69.00,69.00,50.07,49.77,0.00,6.19,5.42,3.87,3.45,0.30,0.00,0.00,0.00,0.00,,,补发,四川省,成都,H5,否,否,否,,微信支付,否,,,否,否,否,否,否,否,邮政快递,YT41897359118,运输中,
2705000098,已签收,2026-04-14 09:50:10,2026-04-14 17:09:20,2026-04-21,2026-04-14 21:02:35,2026-04-16,无线蓝牙耳机Pro版,PD00002,SP00002,SKU005,白色降噪版,SKU005,白色降噪版,ST005,数码电器,影音设备,耳机,无线耳机,3,189.00,567.00,501.67,498.66,0.00,26.13,22.87,16.33,0.00,3.01,0.00,0.00,0.00,497.54,卖家发错尺码,仅退款,退款成功,广西,南宁,网页,否,否,否,,多多支付,否,,,否,否,否,否,否,否,申通快递,YT24002766557,运输中,
2705000109,已发货,2026-04-14 11:43:08,2026-04-17 13:32:17,2026-04-23,2026-04-14 21:04:06,2026-04-16,儿童益智积木拼装玩具,PD00003,SP00003,SKU006,大颗粒100粒,SKU006,大颗粒100粒,ST006,母婴玩具,益智玩具,积木,大颗粒积木,1,59.00,59.00,44.45,44.18,0.00,5.82,5.09,3.64,0.00,0.27,0.00,0.00,0.00,0.00,,,,云南省,昆明,网页,否,否,否,,微信支付,否,,,否,否,否,否,否,否,韵达快递,YT80958056781,已签收,
2705000243,已签收,2026-04-14 13:27:21,2026-04-16 22:55:47,2026-04-21,2026-04-14 05:10:13,2026-04-16,女士防晒衣轻薄透气,PD00006,SP00006,SKU013,M码-浅蓝,SKU013,M码-浅蓝,ST013,服饰内衣,女装,外套,防晒衣,2,69.00,138.00,97.81,97.22,0.00,13.32,11.65,8.32,6.90,0.59,0.00,0.00,0.00,0.00,,,,福建省,厦门,APP-Android,否,否,否,,多多支付,否,,商家,否,否,否,否,否,是,申通快递,YT94622642472,已签收,
2705000317,已付款,2026-04-14 16:41:36,2026-04-14 10:44:27,2026-04-21,2026-04-14 14:47:55,2026-04-16,桌面手机支架可折叠,PD00008,SP00008,SKU017,基础款-黑色,SKU017,基础款-黑色,ST017,数码电器,手机配件,支架,桌面支架,1,19.90,19.90,15.62,10.46,5.00,1.71,1.50,1.07,0.00,0.16,0.00,0.00,0.00,7.85,不喜欢/效果不好,仅退款,退款成功,重庆市,重庆,网页,否,否,否,,花呗分期,否,,,否,否,否,否,否,否,邮政快递,YT93196628522,运输中,
2705000232,已退款,2026-04-15 02:57:59,2026-04-17 00:05:20,2026-04-18,2026-04-15 19:55:27,2026-04-17,男士运动休闲鞋透气款,PD00005,SP00005,SKU011,40码-黑色,SKU011,40码-黑色,ST011,运动户外,运动鞋服,运动鞋,跑步鞋,1,119.00,119.00,118.31,117.60,0.00,0.28,0.24,0.17,0.00,0.71,0.00,0.00,0.00,115.12,发错货/漏发,退货退款,退款成功,辽宁省,沈阳,H5,否,否,否,,支付宝,否,,,否,否,否,否,否,否,韵达快递,YT85037035942,运输中,
2705000324,已发货,2026-04-15 06:22:34,2026-04-17 15:56:18,2026-04-24,2026-04-15 20:23:54,2026-04-17,儿童益智积木拼装玩具,PD00003,SP00003,SKU006,大颗粒100粒,SKU006,大颗粒100粒,ST006,母婴玩具,益智玩具,积木,大颗粒积木,2,59.00,118.00,91.48,90.93,0.00,10.61,9.28,6.63,0.00,0.55,0.00,0.00,0.00,0.00,,,,安徽省,合肥,APP-Android,否,否,否,,多多支付,否,,,否,否,否,否,是,否,邮政快递,YT79029641594,已签收,
2705000426,已签收,2026-04-15 09:02:30,2026-04-16 14:54:57,2026-04-18,2026-04-15 08:01:15,2026-04-17,有机红枣夹核桃500g,PD00007,SP00007,SKU015,500g袋装,SKU015,500g袋装,ST015,食品生鲜,坚果零食,红枣,夹心红枣,1,39.00,39.00,34.03,33.69,0.00,1.99,1.74,1.24,0.00,0.34,0.00,0.00,0.00,0.00,,,,上海市,上海,网页,否,否,否,,花呗分期,否,,,否,否,否,否,否,否,顺丰速运,YT88934877868,运输中,
2705000077,已取消,2026-04-15 11:25:11,,,2026-04-15 22:15:19,2026-04-17,不锈钢保温杯大容量,PD00004,SP00004,SKU008,500ml-黑色,SKU008,500ml-黑色,ST008,家居生活,餐饮用具,保温杯,不锈钢保温杯,2,45.00,90.00,80.28,79.48,0.00,3.89,3.40,2.43,0.00,0.80,0.00,0.00,0.00,0.00,,,,河北省,石家庄,H5,是,否,否,,微信支付,否,,,否,否,否,否,否,否,极兔速递,YT77950845489,,
2705000227,已付款,2026-04-15 15:10:30,2026-04-16 11:00:20,2026-04-22,2026-04-15 18:04:19,2026-04-17,无线蓝牙耳机Pro版,PD00002,SP00002,SKU005,白色降噪版,SKU005,白色降噪版,ST005,数码电器,影音设备,耳机,无线耳机,1,189.00,189.00,171.18,170.15,0.00,3.35,2.93,2.09,9.45,1.03,0.00,0.00,0.00,0.00,,,,湖南省,长沙,H5,否,否,否,,多多支付,否,,,否,否,否,否,否,是,顺丰速运,YT55240661103,派送中,
2705000376,已取消,2026-04-15 15:33:27,,,2026-04-15 19:25:09,2026-04-17,男士运动休闲鞋透气款,PD00005,SP00005,SKU010,39码-黑色,SKU010,39码-黑色,ST010,运动户外,运动鞋服,运动鞋,跑步鞋,3,119.00,357.00,319.87,317.95,0.00,14.85,13.00,9.28,0.00,1.92,0.00,0.00,0.00,0.00,,,,福建省,厦门,APP-Android,否,否,否,,花呗分期,否,,,否,否,否,否,否,否,韵达快递,YT76061447163,,
2705000240,已取消,2026-04-15 15:45:00,,,2026-04-15 09:51:04,2026-04-17,桌面手机支架可折叠,PD00008,SP00008,SKU017,基础款-黑色,SKU017,基础款-黑色,ST017,数码电器,手机配件,支架,桌面支架,1,19.90,19.90,15.82,15.73,0.00,1.24,1.08,0.77,0.99,0.09,0.00,0.00,0.00,0.00,,,,江苏省,南京,H5,否,是,否,,多多支付,否,,,否,否,否,否,否,否,中通快递,YT40618196100,,
2705000062,待发货,2026-04-15 16:07:18,2026-04-17 11:15:58,2026-04-21,2026-04-15 05:35:12,2026-04-17,男士运动休闲鞋透气款,PD00005,SP00005,SKU010,39码-黑色,SKU010,39码-黑色,ST010,运动户外,运动鞋服,运动鞋,跑步鞋,3,119.00,357.00,299.12,297.33,0.00,16.01,14.01,10.01,17.85,1.79,0.00,0.00,0.00,0.00,,,,云南省,昆明,H5,否,否,否,,花呗分期,否,,,否,否,否,否,否,是,邮政快递,YT78417276466,已签收,
2705000053,已发货,2026-04-15 23:17:17,2026-04-15 00:19:23,2026-04-17,2026-04-15 19:19:24,2026-04-17,无线蓝牙耳机Pro版,PD00002,SP00002,SKU005,白色降噪版,SKU005,白色降噪版,ST005,数码电器,影音设备,耳机,无线耳机,1,189.00,189.00,173.02,171.98,0.00,2.61,2.29,1.63,9.45,1.04,0.00,0.00,0.00,0.00,,,,浙江省,杭州,小程序,否,否,否,,支付宝,否,,,否,否,否,否,否,是,顺丰速运,YT91868386433,运输中,
2705000496,已发货,2026-04-16 04:11:40,2026-04-16 17:00:34,2026-04-19,2026-04-16 14:04:16,2026-04-18,有机红枣夹核桃500g,PD00007,SP00007,SKU016,1000g礼盒,SKU016,1000g礼盒,ST016,食品生鲜,坚果零食,红枣,夹心红枣,5,69.00,345.00,257.52,255.97,0.00,28.09,24.58,17.56,17.25,1.55,0.00,0.00,0.00,0.00,,,,福建省,厦门,APP-iOS,否,否,否,,微信支付,否,,,否,否,否,否,否,否,中通快递,YT67501645715,运输中,
2705000082,已完成,2026-04-16 08:44:28,2026-04-17 01:22:41,2026-04-21,2026-04-16 17:47:56,2026-04-18,男士运动休闲鞋透气款,PD00005,SP00005,SKU011,40码-黑色,SKU011,40码-黑色,ST011,运动户外,运动鞋服,运动鞋,跑步鞋,2,119.00,238.00,200.83,199.63,0.00,14.87,13.01,9.29,0.00,1.20,0.00,0.00,0.00,0.00,,,,河南省,郑州,小程序,否,否,否,,花呗分期,否,3,,否,否,否,否,否,否,邮政快递,YT71971643740,派送中,
2705000422,已完成,2026-04-16 12:15:19,2026-04-19 10:20:49,2026-04-26,2026-04-16 19:23:52,2026-04-18,无线蓝牙耳机Pro版,PD00002,SP00002,SKU004,黑色标准版,SKU004,黑色标准版,ST004,数码电器,影音设备,耳机,无线耳机,2,129.00,258.00,223.39,222.05,0.00,8.68,7.60,5.43,12.90,1.34,0.00,0.00,0.00,0.00,,,,天津市,天津,H5,否,否,否,,支付宝,否,,买家,否,否,否,否,否,否,韵达快递,YT85797632442,已签收,
2705000058,已完成,2026-04-16 19:34:00,2026-04-18 14:07:05,2026-04-25,2026-04-16 13:41:36,2026-04-18,桌面手机支架可折叠,PD00008,SP00008,SKU017,基础款-黑色,SKU017,基础款-黑色,ST017,数码电器,手机配件,支架,桌面支架,1,19.90,19.90,18.84,18.65,0.00,0.42,0.37,0.27,0.00,0.19,0.00,0.00,0.00,0.00,,,,浙江省,杭州,APP-Android,否,否,否,,多多支付,否,,,是,否,否,否,否,否,顺丰速运,YT69065624291,已签收,
2705000446,已付款,2026-04-16 21:53:37,2026-04-18 13:54:24,2026-04-22,2026-04-16 06:29:44,2026-04-18,桌面手机支架可折叠,PD00008,SP00008,SKU018,升级款-银色,SKU018,升级款-银色,ST018,数码电器,手机配件,支架,桌面支架,1,29.90,29.90,23.50,23.36,0.00,2.56,2.24,1.60,0.00,0.14,0.00,0.00,0.00,0.00,,,换货,山东省,青岛,APP-iOS,是,否,否,,微信支付,否,,,否,否,否,否,否,否,圆通速递,YT13071464753,派送中,
2705000230,已取消,2026-04-16 22:15:02,,,2026-04-16 21:03:08,2026-04-18,夏季冰丝凉席三件套,PD00001,SP00001,SKU002,1.8m床-灰色,SKU002,1.8m床-灰色,ST002,家居生活,床上用品,凉席,冰丝凉席,5,109.00,545.00,441.12,438.47,0.00,41.55,36.36,25.97,0.00,2.65,0.00,0.00,0.00,0.00,,,,上海市,上海,网页,否,否,否,,多多支付,否,,,否,否,否,否,否,否,申通快递,YT64656737308,,
2705000288,待发货,2026-04-16 22:29:06,2026-04-18 13:14:36,2026-04-22,2026-04-16 17:59:06,2026-04-18,男士运动休闲鞋透气款,PD00005,SP00005,SKU010,39码-黑色,SKU010,39码-黑色,ST010,运动户外,运动鞋服,运动鞋,跑步鞋,3,119.00,357.00,272.69,271.05,0.00,33.72,29.51,21.08,0.00,1.64,0.00,0.00,0.00,0.00,,,,河北省,石家庄,APP-Android,否,否,否,,支付宝,否,,,否,否,否,否,否,否,顺丰速运,YT85084656286,运输中,
2705000313,已取消,2026-04-17 00:44:45,,,2026-04-17 18:48:23,2026-04-19,女士防晒衣轻薄透气,PD00006,SP00006,SKU014,L码-粉色,SKU014,L码-粉色,ST014,服饰内衣,女装,外套,防晒衣,1,69.00,69.00,59.26,58.90,0.00,2.52,2.20,1.57,3.45,0.36,0.00,0.00,0.00,0.00,,,,江苏省,南京,H5,否,否,否,,支付宝,否,,,否,否,否,否,否,否,中通快递,YT60236834565,,
2705000308,已签收,2026-04-17 03:44:12,2026-04-20 02:33:22,2026-04-26,2026-04-17 06:09:38,2026-04-19,女士防晒衣轻薄透气,PD00006,SP00006,SKU014,L码-粉色,SKU014,L码-粉色,ST014,服饰内衣,女装,外套,防晒衣,1,69.00,69.00,56.15,55.81,0.00,5.14,4.50,3.21,0.00,0.34,0.00,0.00,0.00,0.00,,,,上海市,上海,网页,否,否,否,,微信支付,否,,,否,否,否,否,否,否,申通快递,YT88043301663,运输中,
2705000315,已签收,2026-04-17 05:25:29,2026-04-18 17:35:38,2026-04-23,2026-04-17 20:23:03,2026-04-19,有机红枣夹核桃500g,PD00007,SP00007,SKU015,500g袋装,SKU015,500g袋装,ST015,食品生鲜,坚果零食,红枣,夹心红枣,1,39.00,39.00,28.82,20.65,8.00,3.29,2.88,2.06,1.95,0.17,0.00,0.00,0.00,0.00,,,,湖北省,武汉,H5,否,否,否,,微信支付,否,,,否,否,否,否,否,否,中通快递,YT66503962653,运输中,
2705000171,已付款,2026-04-17 11:19:55,2026-04-19 22:09:34,2026-04-26,2026-04-17 17:05:57,2026-04-19,女士防晒衣轻薄透气,PD00006,SP00006,SKU014,L码-粉色,SKU014,L码-粉色,ST014,服饰内衣,女装,外套,防晒衣,5,69.00,345.00,281.60,278.78,0.00,25.36,22.19,15.85,0.00,2.82,0.00,0.00,0.00,0.00,,,,北京市,北京,网页,否,否,否,,支付宝,否,,,否,否,否,否,否,是,申通快递,YT73722804208,运输中,
2705000351,已完成,2026-04-17 11:49:38,2026-04-18 15:35:15,2026-04-19,2026-04-17 00:36:15,2026-04-19,儿童益智积木拼装玩具,PD00003,SP00003,SKU006,大颗粒100粒,SKU006,大颗粒100粒,ST006,母婴玩具,益智玩具,积木,大颗粒积木,5,59.00,295.00,279.22,277.54,0.00,0.41,0.36,0.26,14.75,1.68,0.00,0.00,0.00,195.06,不喜欢/效果不好,仅退款,退款成功,上海市,上海,APP-iOS,否,否,否,,微信支付,否,,,否,否,否,否,否,否,中通快递,YT73124562348,运输中,
2705000228,已完成,2026-04-17 12:56:51,2026-04-19 13:14:51,2026-04-22,2026-04-17 00:35:39,2026-04-19,夏季冰丝凉席三件套,PD00001,SP00001,SKU003,1.5m床-蓝色,SKU003,1.5m床-蓝色,ST003,家居生活,床上用品,凉席,冰丝凉席,1,89.00,89.00,79.35,78.87,0.00,3.86,3.38,2.41,0.00,0.48,0.00,0.00,0.00,0.00,,,,云南省,昆明,小程序,否,否,否,,花呗分期,否,,买家,是,否,否,否,否,否,申通快递,YT16179819393,运输中,
2705000122,已退款,2026-04-17 14:45:03,2026-04-20 09:41:50,2026-04-23,2026-04-17 00:23:35,2026-04-19,夏季冰丝凉席三件套,PD00001,SP00001,SKU002,1.8m床-灰色,SKU002,1.8m床-灰色,ST002,家居生活,床上用品,凉席,冰丝凉席,2,109.00,218.00,200.45,199.25,0.00,7.02,6.14,4.39,0.00,1.20,0.00,0.00,0.00,69.15,七天无理由退货,退货退款,退款成功,福建省,厦门,H5,否,否,否,,多多支付,否,,,否,否,否,是,否,否,韵达快递,YT65927058496,派送中,
2705000147,已发货,2026-04-17 17:00:38,2026-04-18 01:28:01,2026-04-22,2026-04-17 21:47:26,2026-04-19,桌面手机支架可折叠,PD00008,SP00008,SKU018,升级款-银色,SKU018,升级款-银色,ST018,数码电器,手机配件,支架,桌面支架,1,29.90,29.90,28.95,28.78,0.00,0.38,0.33,0.24,0.00,0.17,0.00,0.00,0.00,0.00,,,,浙江省,杭州,小程序,否,否,否,,微信支付,否,,商家,否,否,否,否,否,否,圆通速递,YT70568141893,运输中,
2705000039,已发货,2026-04-17 20:54:53,2026-04-20 07:16:40,2026-04-22,2026-04-17 07:15:04,2026-04-19,不锈钢保温杯大容量,PD00004,SP00004,SKU009,800ml-银色,SKU009,800ml-银色,ST009,家居生活,餐饮用具,保温杯,不锈钢保温杯,2,65.00,130.00,120.81,120.09,0.00,1.08,0.94,0.67,6.50,0.72,42.17,0.00,0.00,0.00,,,,辽宁省,沈阳,APP-Android,否,否,否,,微信支付,否,,,否,否,是,否,否,否,申通快递,YT18464284693,运输中,
2705000459,已签收,2026-04-17 22:27:20,2026-04-20 02:44:38,2026-04-21,2026-04-17 09:39:52,2026-04-19,无线蓝牙耳机Pro版,PD00002,SP00002,SKU005,白色降噪版,SKU005,白色降噪版,ST005,数码电器,影音设备,耳机,无线耳机,1,189.00,189.00,172.17,171.14,0.00,6.73,5.89,4.21,0.00,1.03,0.00,0.00,0.00,0.00,,,,北京市,北京,APP-Android,是,否,否,,支付宝,否,,,否,否,否,否,否,否,韵达快递,YT93559293908,运输中,
2705000465,已退款,2026-04-18 03:18:25,2026-04-20 00:24:24,2026-04-26,2026-04-18 22:00:37,2026-04-20,无线蓝牙耳机Pro版,PD00002,SP00002,SKU004,黑色标准版,SKU004,黑色标准版,ST004,数码电器,影音设备,耳机,无线耳机,1,129.00,129.00,104.68,104.05,0.00,7.15,6.25,4.47,6.45,0.63,0.00,0.00,0.00,70.41,不喜欢/效果不好,退货退款,退款成功,陕西省,西安,APP-iOS,是,否,否,,支付宝,否,12,,否,否,否,否,否,否,中通快递,YT91723542496,运输中,
2705000406,已付款,2026-04-18 06:20:44,2026-04-19 07:03:33,2026-04-25,2026-04-18 08:28:07,2026-04-20,男士运动休闲鞋透气款,PD00005,SP00005,SKU010,39码-黑色,SKU010,39码-黑色,ST010,运动户外,运动鞋服,运动鞋,跑步鞋,2,119.00,238.00,226.56,225.20,0.00,4.58,4.00,2.86,0.00,1.36,0.00,0.00,0.00,0.00,,,,河北省,石家庄,网页,否,否,否,,微信支付,否,,,否,否,否,否,否,否,申通快递,YT29676722198,运输中,
2705000022,已发货,2026-04-18 07:21:37,2026-04-21 06:28:06,2026-04-26,2026-04-18 09:14:09,2026-04-20,儿童益智积木拼装玩具,PD00003,SP00003,SKU007,大颗粒200粒,SKU007,大颗粒200粒,ST007,母婴玩具,益智玩具,积木,大颗粒积木,1,99.00,99.00,96.15,95.57,0.00,1.14,1.00,0.71,0.00,0.58,0.00,0.00,0.00,0.00,,,,河南省,郑州,APP-Android,否,否,否,,微信支付,否,,买家,否,否,否,否,否,否,顺丰速运,YT14469742445,运输中,
2705000329,已取消,2026-04-18 10:44:43,,,2026-04-18 12:11:15,2026-04-20,有机红枣夹核桃500g,PD00007,SP00007,SKU016,1000g礼盒,SKU016,1000g礼盒,ST016,食品生鲜,坚果零食,红枣,夹心红枣,3,69.00,207.00,177.60,176.53,0.00,7.62,6.67,4.76,10.35,1.07,0.00,0.00,0.00,0.00,,,,湖北省,武汉,H5,否,否,是,万象城店,多多支付,否,,,否,否,否,否,否,否,圆通速递,YT78837017969,,
2705000102,已付款,2026-04-18 12:14:45,2026-04-20 20:35:02,2026-04-26,2026-04-18 07:13:54,2026-04-20,夏季冰丝凉席三件套,PD00001,SP00001,SKU003,1.5m床-蓝色,SKU003,1.5m床-蓝色,ST003,家居生活,床上用品,凉席,冰丝凉席,5,89.00,445.00,360.33,358.17,0.00,24.97,21.85,15.60,22.25,2.16,0.00,0.00,0.00,0.00,,,,天津市,天津,H5,否,否,否,,微信支付,否,,买家,否,否,否,否,否,否,申通快递,YT73618260676,运输中,
2705000145,已完成,2026-04-18 13:16:27,2026-04-21 19:25:59,2026-04-24,2026-04-18 22:46:07,2026-04-20,桌面手机支架可折叠,PD00008,SP00008,SKU018,升级款-银色,SKU018,升级款-银色,ST018,数码电器,手机配件,支架,桌面支架,1,29.90,29.90,26.05,25.89,0.00,0.94,0.82,0.59,1.50,0.16,0.00,0.00,0.00,0.00,,,,广东省,广州,APP-Android,否,否,否,,花呗分期,否,,,否,否,否,否,否,否,邮政快递,YT41615958586,已签收,
2705000269,已完成,2026-04-18 15:18:38,2026-04-19 12:37:22,2026-04-22,2026-04-18 07:33:32,2026-04-20,夏季冰丝凉席三件套,PD00001,SP00001,SKU003,1.5m床-蓝色,SKU003,1.5m床-蓝色,ST003,家居生活,床上用品,凉席,冰丝凉席,5,89.00,445.00,418.07,415.56,0.00,1.87,1.64,1.17,22.25,2.51,0.00,0.00,0.00,0.00,,,,江苏省,南京,H5,否,是,否,,花呗分期,否,,,否,否,否,否,否,否,申通快递,YT39611304386,派送中,
2705000219,已签收,2026-04-18 16:39:31,2026-04-21 06:09:06,2026-04-23,2026-04-18 21:18:57,2026-04-20,桌面手机支架可折叠,PD00008,SP00008,SKU018,升级款-银色,SKU018,升级款-银色,ST018,数码电器,手机配件,支架,桌面支架,2,29.90,59.80,56.20,55.86,0.00,1.44,1.26,0.90,0.00,0.34,0.00,0.00,0.00,0.00,,,,湖南省,长沙,网页,否,否,否,,多多支付,否,,,否,否,否,否,否,否,韵达快递,YT87671618387,运输中,集运
2705000482,已退款,2026-04-19 01:23:03,2026-04-20 14:03:05,2026-04-24,2026-04-19 05:52:21,2026-04-21,儿童益智积木拼装玩具,PD00003,SP00003,SKU006,大颗粒100粒,SKU006,大颗粒100粒,ST006,母婴玩具,益智玩具,积木,大颗粒积木,2,59.00,118.00,88.64,88.11,0.00,9.38,8.21,5.87,5.90,0.53,0.00,0.00,0.00,53.77,不喜欢/效果不好,退货退款,退款成功,云南省,昆明,APP-Android,否,否,是,王府井店,多多支付,否,,,否,否,否,否,否,否,顺丰速运,YT13966289335,派送中,
2705000047,已退款,2026-04-19 03:49:56,2026-04-20 23:27:30,2026-04-26,2026-04-19 00:30:41,2026-04-21,女士防晒衣轻薄透气,PD00006,SP00006,SKU014,L码-粉色,SKU014,L码-粉色,ST014,服饰内衣,女装,外套,防晒衣,1,69.00,69.00,53.16,52.84,0.00,6.34,5.54,3.96,0.00,0.32,0.00,0.00,0.00,29.90,收到商品破损,退货退款,退货退款,广东省,广州,APP-Android,否,否,否,,多多支付,否,,商家,否,否,否,否,是,否,圆通速递,YT38822930604,已签收,
2705000377,已完成,2026-04-19 04:17:28,2026-04-20 13:16:49,2026-04-22,2026-04-19 13:17:47,2026-04-21,男士运动休闲鞋透气款,PD00005,SP00005,SKU011,40码-黑色,SKU011,40码-黑色,ST011,运动户外,运动鞋服,运动鞋,跑步鞋,5,119.00,595.00,530.22,527.04,0.00,14.01,12.26,8.76,29.75,3.18,0.00,0.00,0.00,0.00,,,,湖北省,武汉,APP-Android,否,否,否,,花呗分期,否,,,否,否,否,否,否,否,圆通速递,YT32589492497,运输中,
2705000136,已发货,2026-04-19 04:36:30,2026-04-20 12:31:14,2026-04-25,2026-04-19 17:39:29,2026-04-21,不锈钢保温杯大容量,PD00004,SP00004,SKU009,800ml-银色,SKU009,800ml-银色,ST009,家居生活,餐饮用具,保温杯,不锈钢保温杯,2,65.00,130.00,102.90,102.28,0.00,8.24,7.21,5.15,6.50,0.62,0.00,0.00,0.00,0.00,,,,广西,南宁,APP-Android,否,否,否,,多多支付,否,,,否,否,否,否,否,是,圆通速递,YT73193231462,运输中,
2705000010,已签收,2026-04-19 15:44:20,2026-04-19 05:43:58,2026-04-20,2026-04-19 16:01:11,2026-04-21,女士防晒衣轻薄透气,PD00006,SP00006,SKU013,M码-浅蓝,SKU013,M码-浅蓝,ST013,服饰内衣,女装,外套,防晒衣,2,69.00,138.00,137.20,136.38,0.00,0.32,0.28,0.20,0.00,0.82,0.00,0.00,0.00,0.00,,,,北京市,北京,小程序,否,否,否,,花呗分期,否,3,,否,否,否,否,否,否,邮政快递,YT21794004217,派送中,
2705000155,已完成,2026-04-19 17:41:24,2026-04-21 20:40:17,2026-04-23,2026-04-19 11:49:03,2026-04-21,女士防晒衣轻薄透气,PD00006,SP00006,SKU014,L码-粉色,SKU014,L码-粉色,ST014,服饰内衣,女装,外套,防晒衣,5,69.00,345.00,305.19,303.36,0.00,9.02,7.90,5.64,17.25,1.83,0.00,0.00,0.00,0.00,,,,江西省,南昌,APP-Android,否,否,否,,微信支付,否,,,否,否,否,否,否,否,圆通速递,YT25853393015,运输中,
2705000257,已完成,2026-04-19 18:09:36,2026-04-20 16:56:18,2026-04-26,2026-04-19 16:27:55,2026-04-21,夏季冰丝凉席三件套,PD00001,SP00001,SKU003,1.5m床-蓝色,SKU003,1.5m床-蓝色,ST003,家居生活,床上用品,凉席,冰丝凉席,3,89.00,267.00,225.75,223.49,0.00,16.50,14.44,10.31,0.00,2.26,0.00,33.51,0.00,0.00,,,,福建省,厦门,小程序,否,否,否,,支付宝,否,3,,否,否,否,否,否,否,中通快递,YT21492063737,运输中,
2705000290,已付款,2026-04-19 19:20:50,2026-04-21 13:23:51,2026-04-26,2026-04-19 03:06:09,2026-04-21,儿童益智积木拼装玩具,PD00003,SP00003,SKU006,大颗粒100粒,SKU006,大颗粒100粒,ST006,母婴玩具,益智玩具,积木,大颗粒积木,1,59.00,59.00,48.42,48.13,0.00,4.23,3.70,2.65,0.00,0.29,0.00,0.00,0.00,0.00,,,,天津市,天津,APP-Android,否,否,否,,微信支付,否,,,否,否,否,否,否,否,中通快递,YT81512502339,运输中,
2705000249,待发货,2026-04-19 19:47:01,2026-04-20 21:46:54,2026-04-21,2026-04-19 09:01:43,2026-04-21,桌面手机支架可折叠,PD00008,SP00008,SKU018,升级款-银色,SKU018,升级款-银色,ST018,数码电器,手机配件,支架,桌面支架,1,29.90,29.90,23.93,9.79,14.00,2.39,2.09,1.49,0.00,0.14,0.00,0.00,0.00,0.00,,,,江苏省,南京,H5,否,否,是,万象城店,支付宝,否,12,,否,否,否,否,否,否,圆通速递,YT15537046953,运输中,
2705000060,已取消,2026-04-19 21:30:13,,,2026-04-19 19:26:51,2026-04-21,女士防晒衣轻薄透气,PD00006,SP00006,SKU013,M码-浅蓝,SKU013,M码-浅蓝,ST013,服饰内衣,女装,外套,防晒衣,5,69.00,345.00,270.62,267.91,0.00,22.85,20.00,14.28,17.25,2.71,0.00,0.00,0.00,0.00,,,,北京市,北京,H5,否,否,否,,花呗分期,否,6,,否,否,否,否,否,是,邮政快递,YT69483528765,,
2705000344,已付款,2026-04-20 01:28:20,2026-04-22 06:13:01,2026-04-25,2026-04-20 15:50:28,2026-04-22,儿童益智积木拼装玩具,PD00003,SP00003,SKU007,大颗粒200粒,SKU007,大颗粒200粒,ST007,母婴玩具,益智玩具,积木,大颗粒积木,1,99.00,99.00,96.77,96.19,0.00,0.89,0.78,0.56,0.00,0.58,0.00,0.00,0.00,0.00,,,,浙江省,杭州,小程序,否,否,否,,花呗分期,否,,,否,否,否,否,否,否,邮政快递,YT88974526021,运输中,
2705000212,待发货,2026-04-20 02:34:46,2026-04-21 22:29:20,2026-04-27,2026-04-20 04:31:38,2026-04-22,夏季冰丝凉席三件套,PD00001,SP00001,SKU002,1.8m床-灰色,SKU002,1.8m床-灰色,ST002,家居生活,床上用品,凉席,冰丝凉席,1,109.00,109.00,82.53,82.03,0.00,10.59,9.26,6.62,0.00,0.50,0.00,32.48,0.00,0.00,,,,山东省,青岛,APP-Android,否,是,否,,花呗分期,否,,,否,否,否,否,否,是,极兔速递,YT16458051712,运输中,
2705000411,已签收,2026-04-20 03:18:26,2026-04-20 05:04:34,2026-04-23,2026-04-20 00:44:40,2026-04-22,女士防晒衣轻薄透气,PD00006,SP00006,SKU013,M码-浅蓝,SKU013,M码-浅蓝,ST013,服饰内衣,女装,外套,防晒衣,1,69.00,69.00,58.84,58.49,0.00,4.06,3.56,2.54,0.00,0.35,0.00,0.00,0.00,0.00,,,,湖南省,长沙,网页,否,否,否,,花呗分期,否,,,否,否,是,否,否,否,邮政快递,YT80306967520,运输中,集运
2705000416,已完成,2026-04-20 05:21:11,2026-04-20 15:54:50,2026-04-22,2026-04-20 23:37:55,2026-04-22,桌面手机支架可折叠,PD00008,SP00008,SKU018,升级款-银色,SKU018,升级款-银色,ST018,数码电器,手机配件,支架,桌面支架,2,29.90,59.80,56.80,56.46,0.00,1.20,1.05,0.75,0.00,0.34,0.00,0.00,0.00,0.00,,,,上海市,上海,网页,否,否,否,,微信支付,否,,,否,否,否,否,否,是,圆通速递,YT65392096302,运输中,
2705000473,已取消,2026-04-20 05:25:41,,,2026-04-20 20:32:50,2026-04-22,儿童益智积木拼装玩具,PD00003,SP00003,SKU007,大颗粒200粒,SKU007,大颗粒200粒,ST007,母婴玩具,益智玩具,积木,大颗粒积木,3,99.00,297.00,266.00,264.40,0.00,12.40,10.85,7.75,0.00,1.60,0.00,0.00,0.00,0.00,,,,四川省,成都,APP-iOS,是,否,否,,花呗分期,否,12,,否,否,否,否,否,否,韵达快递,YT95196617869,,
2705000403,已取消,2026-04-20 08:00:44,,,2026-04-20 14:07:18,2026-04-22,有机红枣夹核桃500g,PD00007,SP00007,SKU016,1000g礼盒,SKU016,1000g礼盒,ST016,食品生鲜,坚果零食,红枣,夹心红枣,2,69.00,138.00,122.42,121.69,0.00,3.47,3.04,2.17,6.90,0.73,0.00,0.00,0.00,0.00,,,,重庆市,重庆,H5,否,否,否,,微信支付,否,12,,否,否,否,否,否,是,中通快递,YT69010425587,,
2705000287,已付款,2026-04-20 08:01:29,2026-04-20 13:29:47,2026-04-21,2026-04-20 03:27:08,2026-04-22,儿童益智积木拼装玩具,PD00003,SP00003,SKU007,大颗粒200粒,SKU007,大颗粒200粒,ST007,母婴玩具,益智玩具,积木,大颗粒积木,1,99.00,99.00,81.81,81.32,0.00,4.90,4.28,3.06,4.95,0.49,0.00,0.00,0.00,0.00,,,,河南省,郑州,H5,否,否,否,,支付宝,否,,,否,否,否,否,否,否,中通快递,YT53479739707,派送中,
2705000407,已退款,2026-04-20 08:31:19,2026-04-22 15:17:49,2026-04-23,2026-04-20 03:50:35,2026-04-22,无线蓝牙耳机Pro版,PD00002,SP00002,SKU005,白色降噪版,SKU005,白色降噪版,ST005,数码电器,影音设备,耳机,无线耳机,1,189.00,189.00,140.78,139.94,0.00,15.51,13.57,9.69,9.45,0.84,0.00,0.00,0.00,122.46,七天无理由退货,仅退款,退货退款,重庆市,重庆,APP-Android,否,否,否,,支付宝,否,,,是,否,否,否,否,否,极兔速递,YT14207600759,运输中,
2705000354,已取消,2026-04-20 21:16:15,,,2026-04-20 03:17:07,2026-04-22,桌面手机支架可折叠,PD00008,SP00008,SKU017,基础款-黑色,SKU017,基础款-黑色,ST017,数码电器,手机配件,支架,桌面支架,1,19.90,19.90,15.65,15.56,0.00,1.70,1.49,1.06,0.00,0.09,0.00,0.00,0.00,0.00,,,,云南省,昆明,网页,否,否,否,,支付宝,否,6,,否,否,否,否,是,否,极兔速递,YT45921776306,,
2705000185,已签收,2026-04-20 21:27:12,2026-04-22 10:51:06,2026-04-28,2026-04-20 17:49:58,2026-04-22,不锈钢保温杯大容量,PD00004,SP00004,SKU008,500ml-黑色,SKU008,500ml-黑色,ST008,家居生活,餐饮用具,保温杯,不锈钢保温杯,1,45.00,45.00,37.07,36.85,0.00,2.27,1.99,1.42,2.25,0.22,0.00,0.00,0.00,0.00,,,,湖南省,长沙,APP-iOS,否,否,否,,多多支付,否,,,否,否,否,否,否,是,申通快递,YT89929331422,运输中,转运
2705000401,已发货,2026-04-21 10:39:43,2026-04-24 08:55:07,2026-04-25,2026-04-21 06:35:56,2026-04-23,男士运动休闲鞋透气款,PD00005,SP00005,SKU012,41码-白色,SKU012,41码-白色,ST012,运动户外,运动鞋服,运动鞋,跑步鞋,1,119.00,119.00,114.28,113.59,0.00,1.89,1.65,1.18,0.00,0.69,0.00,0.00,0.00,0.00,,,,陕西省,西安,小程序,否,否,否,,多多支付,否,,,否,否,否,否,否,否,申通快递,YT17398129426,运输中,
2705000158,已完成,2026-04-21 11:24:47,2026-04-23 10:38:11,2026-04-29,2026-04-21 05:41:18,2026-04-23,无线蓝牙耳机Pro版,PD00002,SP00002,SKU004,黑色标准版,SKU004,黑色标准版,ST004,数码电器,影音设备,耳机,无线耳机,5,129.00,645.00,632.23,628.44,0.00,5.11,4.47,3.19,0.00,3.79,0.00,0.00,0.00,0.00,,,,江苏省,南京,小程序,否,否,否,,支付宝,否,,买家,否,否,否,否,否,否,邮政快递,YT16561393644,派送中,
2705000156,已完成,2026-04-21 12:00:05,2026-04-21 12:53:19,2026-04-24,2026-04-21 10:31:35,2026-04-23,女士防晒衣轻薄透气,PD00006,SP00006,SKU013,M码-浅蓝,SKU013,M码-浅蓝,ST013,服饰内衣,女装,外套,防晒衣,1,69.00,69.00,60.68,60.32,0.00,3.33,2.91,2.08,0.00,0.36,0.00,0.00,0.00,0.00,,,,辽宁省,沈阳,H5,否,否,否,,微信支付,否,,,否,否,否,否,否,否,申通快递,YT58296964280,运输中,
2705000072,已发货,2026-04-21 17:58:57,2026-04-23 00:12:02,2026-04-29,2026-04-21 05:30:19,2026-04-23,不锈钢保温杯大容量,PD00004,SP00004,SKU008,500ml-黑色,SKU008,500ml-黑色,ST008,家居生活,餐饮用具,保温杯,不锈钢保温杯,1,45.00,45.00,37.83,37.60,0.00,2.87,2.51,1.79,0.00,0.23,0.00,0.00,0.00,19.72,七天无理由退货,仅退款,退款成功,天津市,天津,小程序,否,否,否,,多多支付,否,3,,是,否,否,否,否,是,圆通速递,YT85523400549,运输中,
2705000305,已退款,2026-04-21 18:05:06,2026-04-21 00:45:54,2026-04-28,2026-04-21 11:52:39,2026-04-23,夏季冰丝凉席三件套,PD00001,SP00001,SKU002,1.8m床-灰色,SKU002,1.8m床-灰色,ST002,家居生活,床上用品,凉席,冰丝凉席,3,109.00,327.00,275.02,273.37,0.00,20.79,18.19,13.00,0.00,1.65,0.00,0.00,0.00,85.76,商品与描述不符,仅退款,退货退款,重庆市,重庆,小程序,否,否,否,,多多支付,否,,,是,否,是,否,否,否,中通快递,YT67770944188,运输中,转运
2705000074,已签收,2026-04-21 23:27:14,2026-04-22 01:01:09,2026-04-25,2026-04-21 11:53:49,2026-04-23,桌面手机支架可折叠,PD00008,SP00008,SKU017,基础款-黑色,SKU017,基础款-黑色,ST017,数码电器,手机配件,支架,桌面支架,2,19.90,39.80,36.45,36.23,0.00,1.34,1.17,0.84,0.00,0.22,0.00,0.00,0.00,0.00,,,,浙江省,杭州,小程序,否,否,否,,多多支付,否,,,否,是,否,否,否,否,顺丰速运,YT88041306966,派送中,
2705000415,已签收,2026-04-22 01:20:23,2026-04-22 04:16:43,2026-04-26,2026-04-22 22:57:04,2026-04-24,桌面手机支架可折叠,PD00008,SP00008,SKU018,升级款-银色,SKU018,升级款-银色,ST018,数码电器,手机配件,支架,桌面支架,3,29.90,89.70,70.83,70.12,0.00,7.55,6.60,4.72,0.00,0.71,0.00,0.00,0.00,0.00,,,,天津市,天津,网页,是,否,否,,多多支付,否,,,否,否,否,否,否,否,圆通速递,YT32331557216,已签收,
2705000333,已退款,2026-04-22 07:36:27,2026-04-24 20:24:00,2026-04-26,2026-04-22 09:41:55,2026-04-24,儿童益智积木拼装玩具,PD00003,SP00003,SKU006,大颗粒100粒,SKU006,大颗粒100粒,ST006,母婴玩具,益智玩具,积木,大颗粒积木,3,59.00,177.00,156.40,155.46,0.00,8.24,7.21,5.15,0.00,0.94,0.00,0.00,0.00,108.48,不喜欢/效果不好,退货退款,退款成功,湖北省,武汉,H5,是,否,否,,微信支付,否,,,否,否,否,否,否,否,邮政快递,YT24464465312,已签收,集运
2705000386,待发货,2026-04-22 08:19:52,2026-04-23 01:21:36,2026-04-25,2026-04-22 11:55:20,2026-04-24,儿童益智积木拼装玩具,PD00003,SP00003,SKU006,大颗粒100粒,SKU006,大颗粒100粒,ST006,母婴玩具,益智玩具,积木,大颗粒积木,2,59.00,118.00,102.05,101.44,0.00,6.38,5.58,3.99,0.00,0.61,0.00,0.00,0.00,0.00,,,,重庆市,重庆,网页,否,否,否,,多多支付,否,,,是,否,否,否,否,否,邮政快递,YT61124602981,派送中,
2705000268,已付款,2026-04-22 09:47:56,2026-04-22 00:39:45,2026-04-25,2026-04-22 04:36:49,2026-04-24,女士防晒衣轻薄透气,PD00006,SP00006,SKU013,M码-浅蓝,SKU013,M码-浅蓝,ST013,服饰内衣,女装,外套,防晒衣,5,69.00,345.00,301.95,300.14,0.00,10.32,9.03,6.45,17.25,1.81,0.00,0.00,0.00,0.00,,,,云南省,昆明,APP-Android,否,否,否,,支付宝,否,,买家,否,否,否,否,否,否,极兔速递,YT27055443999,运输中,
2705000445,已退款,2026-04-22 19:57:26,2026-04-24 05:34:44,2026-04-30,2026-04-22 15:33:51,2026-04-24,桌面手机支架可折叠,PD00008,SP00008,SKU018,升级款-银色,SKU018,升级款-银色,ST018,数码电器,手机配件,支架,桌面支架,1,29.90,29.90,24.50,24.35,0.00,2.16,1.89,1.35,0.00,0.15,0.00,0.00,0.00,14.03,物流太慢,仅退款,退款成功,辽宁省,沈阳,APP-iOS,否,否,否,,花呗分期,否,6,,否,否,否,否,否,是,极兔速递,YT17893167082,已签收,
2705000322,已退款,2026-04-22 22:43:24,2026-04-24 12:43:24,2026-04-27,2026-04-22 02:48:23,2026-04-24,夏季冰丝凉席三件套,PD00001,SP00001,SKU001,1.5m床-灰色,SKU001,1.5m床-灰色,ST001,家居生活,床上用品,凉席,冰丝凉席,1,89.00,89.00,75.08,74.63,0.00,5.57,4.87,3.48,0.00,0.45,0.00,0.00,0.00,49.72,物流太慢,仅退款,退款成功,湖南省,长沙,APP-iOS,否,否,否,,花呗分期,否,,,否,否,否,否,否,否,极兔速递,YT23510957954,运输中,
2705000425,待发货,2026-04-23 00:57:39,2026-04-25 16:13:32,2026-04-26,2026-04-23 20:40:56,2026-04-25,女士防晒衣轻薄透气,PD00006,SP00006,SKU014,L码-粉色,SKU014,L码-粉色,ST014,服饰内衣,女装,外套,防晒衣,2,69.00,138.00,117.59,116.88,0.00,8.17,7.14,5.10,0.00,0.71,0.00,0.00,0.00,0.00,,,,天津市,天津,H5,否,否,否,,微信支付,否,,,否,否,否,否,否,否,中通快递,YT20509863101,运输中,
2705000106,待发货,2026-04-23 04:10:38,2026-04-25 00:02:15,2026-04-26,2026-04-23 17:24:28,2026-04-25,儿童益智积木拼装玩具,PD00003,SP00003,SKU006,大颗粒100粒,SKU006,大颗粒100粒,ST006,母婴玩具,益智玩具,积木,大颗粒积木,1,59.00,59.00,58.20,57.85,0.00,0.32,0.28,0.20,0.00,0.35,0.00,0.00,0.00,0.00,,,,重庆市,重庆,小程序,否,否,否,,支付宝,否,,,否,否,否,否,否,否,顺丰速运,YT48651799954,派送中,
2705000293,已退款,2026-04-23 06:27:44,2026-04-24 09:27:57,2026-04-28,2026-04-23 21:15:30,2026-04-25,男士运动休闲鞋透气款,PD00005,SP00005,SKU010,39码-黑色,SKU010,39码-黑色,ST010,运动户外,运动鞋服,运动鞋,跑步鞋,1,119.00,119.00,102.12,101.51,0.00,6.75,5.91,4.22,0.00,0.61,0.00,0.00,0.00,88.66,卖家发错尺码,仅退款,退货退款,陕西省,西安,APP-iOS,否,否,否,,支付宝,否,,,否,否,否,否,否,否,极兔速递,YT82966305655,运输中,
2705000199,已退款,2026-04-23 10:39:05,2026-04-23 02:08:10,2026-04-24,2026-04-23 18:17:10,2026-04-25,有机红枣夹核桃500g,PD00007,SP00007,SKU016,1000g礼盒,SKU016,1000g礼盒,ST016,食品生鲜,坚果零食,红枣,夹心红枣,1,69.00,69.00,56.40,55.84,0.00,5.04,4.41,3.15,0.00,0.56,0.00,0.00,0.00,34.62,不喜欢/效果不好,退货退款,退款成功,安徽省,合肥,APP-iOS,否,否,否,,支付宝,否,,,否,否,否,否,否,否,邮政快递,YT95673781189,运输中,
2705000044,已取消,2026-04-23 11:59:32,,,2026-04-23 23:37:02,2026-04-25,男士运动休闲鞋透气款,PD00005,SP00005,SKU012,41码-白色,SKU012,41码-白色,ST012,运动户外,运动鞋服,运动鞋,跑步鞋,2,119.00,238.00,214.30,212.16,0.00,4.72,4.13,2.95,11.90,2.14,0.00,0.00,0.00,0.00,,,,重庆市,重庆,网页,否,否,否,,多多支付,否,,,是,否,否,否,是,否,圆通速递,YT68155334982,,
2705000318,已取消,2026-04-23 19:46:40,,,2026-04-23 05:33:55,2026-04-25,桌面手机支架可折叠,PD00008,SP00008,SKU018,升级款-银色,SKU018,升级款-银色,ST018,数码电器,手机配件,支架,桌面支架,1,29.90,29.90,25.92,25.76,0.00,0.99,0.87,0.62,1.50,0.16,0.00,0.00,0.00,0.00,,,,北京市,北京,H5,是,否,否,,支付宝,否,,,否,否,否,否,否,否,申通快递,YT92824431263,,
2705000285,已完成,2026-04-24 18:32:47,2026-04-27 04:09:31,2026-04-29,2026-04-24 05:21:08,2026-04-26,夏季冰丝凉席三件套,PD00001,SP00001,SKU002,1.8m床-灰色,SKU002,1.8m床-灰色,ST002,家居生活,床上用品,凉席,冰丝凉席,1,109.00,109.00,87.85,87.32,0.00,8.46,7.40,5.29,0.00,0.53,0.00,0.00,0.00,0.00,,,,重庆市,重庆,APP-iOS,否,否,否,,微信支付,否,,,是,否,否,是,否,否,极兔速递,YT21089388598,运输中,
2705000291,已完成,2026-04-24 22:18:40,2026-04-26 23:29:02,2026-04-28,2026-04-24 17:20:28,2026-04-26,儿童益智积木拼装玩具,PD00003,SP00003,SKU007,大颗粒200粒,SKU007,大颗粒200粒,ST007,母婴玩具,益智玩具,积木,大颗粒积木,1,99.00,99.00,78.50,78.03,0.00,6.22,5.44,3.89,4.95,0.47,0.00,0.00,0.00,0.00,,,,浙江省,杭州,网页,否,否,否,,多多支付,否,,,否,是,否,否,否,否,韵达快递,YT65304508597,派送中,
2705000281,待发货,2026-04-25 00:21:12,2026-04-25 07:40:27,2026-04-30,2026-04-25 23:05:12,2026-04-27,夏季冰丝凉席三件套,PD00001,SP00001,SKU003,1.5m床-蓝色,SKU003,1.5m床-蓝色,ST003,家居生活,床上用品,凉席,冰丝凉席,2,89.00,178.00,165.42,164.43,0.00,1.47,1.29,0.92,8.90,0.99,0.00,0.00,0.00,0.00,,,,浙江省,杭州,小程序,是,否,否,,多多支付,否,3,,是,否,否,否,否,否,韵达快递,YT77736047585,运输中,
2705000190,已付款,2026-04-25 00:39:23,2026-04-25 03:28:35,2026-04-27,2026-04-25 13:21:00,2026-04-27,有机红枣夹核桃500g,PD00007,SP00007,SKU016,1000g礼盒,SKU016,1000g礼盒,ST016,食品生鲜,坚果零食,红枣,夹心红枣,1,69.00,69.00,62.12,61.75,0.00,2.75,2.41,1.72,0.00,0.37,0.00,0.00,0.00,0.00,,,,江西省,南昌,APP-Android,否,否,否,,支付宝,否,,,否,否,否,否,否,否,极兔速递,YT42266048263,派送中,
2705000026,待发货,2026-04-25 05:14:58,2026-04-25 06:34:12,2026-04-28,2026-04-25 18:14:46,2026-04-27,女士防晒衣轻薄透气,PD00006,SP00006,SKU013,M码-浅蓝,SKU013,M码-浅蓝,ST013,服饰内衣,女装,外套,防晒衣,1,69.00,69.00,49.02,48.73,0.00,6.61,5.79,4.13,3.45,0.29,0.00,0.00,0.00,0.00,,,,广西,南宁,网页,否,否,否,,支付宝,否,,,否,否,否,否,否,否,中通快递,YT54841664754,运输中,
2705000392,已发货,2026-04-25 07:00:41,2026-04-26 16:17:10,2026-05-02,2026-04-25 20:34:54,2026-04-27,桌面手机支架可折叠,PD00008,SP00008,SKU017,基础款-黑色,SKU017,基础款-黑色,ST017,数码电器,手机配件,支架,桌面支架,2,19.90,39.80,35.68,35.47,0.00,0.85,0.75,0.53,1.99,0.21,0.00,0.00,0.00,0.00,,,,浙江省,杭州,APP-iOS,否,否,否,,微信支付,否,12,,否,是,否,否,否,否,中通快递,YT14895807539,派送中,
2705000217,已取消,2026-04-25 10:53:35,,,2026-04-25 04:08:27,2026-04-27,有机红枣夹核桃500g,PD00007,SP00007,SKU016,1000g礼盒,SKU016,1000g礼盒,ST016,食品生鲜,坚果零食,红枣,夹心红枣,3,69.00,207.00,189.60,188.46,0.00,2.82,2.47,1.76,10.35,1.14,0.00,0.00,0.00,0.00,,,,陕西省,西安,APP-Android,否,否,否,,支付宝,否,3,,否,否,否,否,否,否,中通快递,YT87564153909,,
2705000495,已签收,2026-04-25 12:32:17,2026-04-26 15:58:36,2026-04-30,2026-04-25 11:42:34,2026-04-27,桌面手机支架可折叠,PD00008,SP00008,SKU018,升级款-银色,SKU018,升级款-银色,ST018,数码电器,手机配件,支架,桌面支架,1,29.90,29.90,26.60,26.44,0.00,0.72,0.63,0.45,1.50,0.16,0.00,0.00,0.00,0.00,,,,天津市,天津,小程序,否,否,否,,花呗分期,否,,,是,否,否,否,否,是,申通快递,YT24599511477,运输中,
2705000142,已退款,2026-04-25 13:30:47,2026-04-26 08:06:18,2026-05-03,2026-04-25 09:58:06,2026-04-27,无线蓝牙耳机Pro版,PD00002,SP00002,SKU004,黑色标准版,SKU004,黑色标准版,ST004,数码电器,影音设备,耳机,无线耳机,5,129.00,645.00,597.85,594.26,0.00,18.86,16.50,11.79,0.00,3.59,0.00,0.00,0.00,383.40,质量问题,仅退款,退款成功,广西,南宁,小程序,否,否,否,,支付宝,否,,买家,否,否,否,否,否,否,邮政快递,YT69261505275,派送中,
2705000161,已完成,2026-04-25 13:44:27,2026-04-27 11:21:20,2026-05-03,2026-04-25 13:18:23,2026-04-27,有机红枣夹核桃500g,PD00007,SP00007,SKU016,1000g礼盒,SKU016,1000g礼盒,ST016,食品生鲜,坚果零食,红枣,夹心红枣,5,69.00,345.00,299.91,298.11,0.00,18.04,15.78,11.27,0.00,1.80,0.00,0.00,0.00,0.00,,,,广西,南宁,小程序,否,否,否,,微信支付,否,,,否,否,否,否,否,否,申通快递,YT72126235450,运输中,
2705000397,已发货,2026-04-25 16:08:54,2026-04-27 06:25:31,2026-05-03,2026-04-25 13:53:42,2026-04-27,夏季冰丝凉席三件套,PD00001,SP00001,SKU003,1.5m床-蓝色,SKU003,1.5m床-蓝色,ST003,家居生活,床上用品,凉席,冰丝凉席,2,89.00,178.00,157.83,156.25,0.00,4.51,3.94,2.82,8.90,1.58,0.00,0.00,0.00,0.00,,,,北京市,北京,小程序,否,否,否,,微信支付,否,,,否,否,否,否,否,否,邮政快递,YT93918238887,运输中,
2705000348,已签收,2026-04-25 16:14:01,2026-04-26 07:07:35,2026-05-01,2026-04-25 16:08:01,2026-04-27,无线蓝牙耳机Pro版,PD00002,SP00002,SKU005,白色降噪版,SKU005,白色降噪版,ST005,数码电器,影音设备,耳机,无线耳机,2,189.00,378.00,339.57,336.17,0.00,15.37,13.45,9.61,0.00,3.40,0.00,0.00,0.00,0.00,,,,上海市,上海,小程序,否,否,否,,支付宝,否,,,否,否,否,否,否,否,中通快递,YT44151504066,运输中,
2705000497,待发货,2026-04-25 19:04:58,2026-04-27 21:11:06,2026-05-03,2026-04-25 01:27:12,2026-04-27,夏季冰丝凉席三件套,PD00001,SP00001,SKU003,1.5m床-蓝色,SKU003,1.5m床-蓝色,ST003,家居生活,床上用品,凉席,冰丝凉席,1,89.00,89.00,69.80,69.38,0.00,7.68,6.72,4.80,0.00,0.42,0.00,0.00,0.00,0.00,,,,陕西省,西安,APP-Android,是,否,否,,支付宝,否,,,否,否,否,否,否,否,中通快递,YT54184078870,运输中,
2705000068,已签收,2026-04-25 23:03:23,2026-04-27 06:19:14,2026-04-28,2026-04-25 15:57:58,2026-04-27,夏季冰丝凉席三件套,PD00001,SP00001,SKU003,1.5m床-蓝色,SKU003,1.5m床-蓝色,ST003,家居生活,床上用品,凉席,冰丝凉席,1,89.00,89.00,68.49,67.81,0.00,8.20,7.18,5.13,0.00,0.68,0.00,0.00,0.00,0.00,,,,安徽省,合肥,APP-Android,否,否,否,,微信支付,否,,,否,否,否,否,否,否,韵达快递,YT89294441611,已签收,
2705000061,已签收,2026-04-26 00:29:57,2026-04-27 07:58:39,2026-05-02,2026-04-26 10:26:39,2026-04-28,不锈钢保温杯大容量,PD00004,SP00004,SKU008,500ml-黑色,SKU008,500ml-黑色,ST008,家居生活,餐饮用具,保温杯,不锈钢保温杯,1,45.00,45.00,42.58,42.32,0.00,0.07,0.06,0.04,2.25,0.26,0.00,0.00,0.00,0.00,,,,浙江省,杭州,APP-iOS,否,否,否,,花呗分期,否,,,否,否,否,否,否,否,极兔速递,YT97314257141,运输中,
2705000250,已发货,2026-04-26 06:11:29,2026-04-27 20:00:52,2026-04-29,2026-04-26 22:35:29,2026-04-28,无线蓝牙耳机Pro版,PD00002,SP00002,SKU004,黑色标准版,SKU004,黑色标准版,ST004,数码电器,影音设备,耳机,无线耳机,1,129.00,129.00,111.77,111.10,0.00,6.89,6.03,4.31,0.00,0.67,0.00,0.00,0.00,0.00,,,,重庆市,重庆,网页,否,否,否,,微信支付,否,,,否,否,否,否,否,否,申通快递,YT67380348623,派送中,
2705000183,已发货,2026-04-26 08:36:26,2026-04-26 12:48:59,2026-04-30,2026-04-26 03:18:36,2026-04-28,男士运动休闲鞋透气款,PD00005,SP00005,SKU012,41码-白色,SKU012,41码-白色,ST012,运动户外,运动鞋服,运动鞋,跑步鞋,2,119.00,238.00,229.69,228.31,0.00,3.32,2.91,2.08,0.00,1.38,0.00,0.00,0.00,0.00,,,,广西,南宁,小程序,否,否,否,,支付宝,否,,,否,否,否,否,否,否,中通快递,YT92845417874,运输中,
2705000186,已完成,2026-04-26 08:41:14,2026-04-29 04:34:21,2026-05-03,2026-04-26 00:42:31,2026-04-28,女士防晒衣轻薄透气,PD00006,SP00006,SKU013,M码-浅蓝,SKU013,M码-浅蓝,ST013,服饰内衣,女装,外套,防晒衣,2,69.00,138.00,120.98,120.25,0.00,6.81,5.96,4.25,0.00,0.73,0.00,0.00,0.00,0.00,,,,辽宁省,沈阳,APP-Android,是,否,否,,多多支付,否,,,否,否,否,否,否,是,申通快递,YT86468461542,已签收,
2705000229,已取消,2026-04-26 09:42:10,,,2026-04-26 08:08:20,2026-04-28,桌面手机支架可折叠,PD00008,SP00008,SKU018,升级款-银色,SKU018,升级款-银色,ST018,数码电器,手机配件,支架,桌面支架,1,29.90,29.90,27.38,27.22,0.00,0.41,0.36,0.25,1.50,0.16,0.00,0.00,0.00,0.00,,,,安徽省,合肥,网页,否,否,否,,多多支付,否,,,否,否,否,否,否,是,顺丰速运,YT85241084197,,
2705000120,已完成,2026-04-26 12:30:48,2026-04-28 12:11:54,2026-05-04,2026-04-26 12:41:41,2026-04-28,女士防晒衣轻薄透气,PD00006,SP00006,SKU014,L码-粉色,SKU014,L码-粉色,ST014,服饰内衣,女装,外套,防晒衣,1,69.00,69.00,57.68,57.33,0.00,3.15,2.75,1.97,3.45,0.35,0.00,0.00,0.00,0.00,,,,四川省,成都,APP-iOS,否,否,否,,多多支付,否,,,否,是,否,是,否,否,极兔速递,YT35174895192,运输中,
2705000113,已签收,2026-04-26 18:36:46,2026-04-27 22:26:17,2026-05-04,2026-04-26 11:00:27,2026-04-28,儿童益智积木拼装玩具,PD00003,SP00003,SKU006,大颗粒100粒,SKU006,大颗粒100粒,ST006,母婴玩具,益智玩具,积木,大颗粒积木,1,59.00,59.00,55.01,54.46,0.00,1.59,1.40,1.00,0.00,0.55,0.00,0.00,0.00,19.68,质量问题,仅退款,退款成功,河南省,郑州,网页,否,否,否,,多多支付,否,,,否,否,否,否,否,否,顺丰速运,YT97028955702,派送中,
2705000283,待发货,2026-04-27 05:08:48,2026-04-29 08:05:42,2026-05-04,2026-04-27 09:50:23,2026-04-29,不锈钢保温杯大容量,PD00004,SP00004,SKU009,800ml-银色,SKU009,800ml-银色,ST009,家居生活,餐饮用具,保温杯,不锈钢保温杯,5,65.00,325.00,248.83,247.34,0.00,30.47,26.66,19.04,0.00,1.49,0.00,0.00,0.00,0.00,,,,湖北省,武汉,H5,是,否,否,,花呗分期,否,,商家,否,是,否,否,否,否,邮政快递,YT52714071614,派送中,转运
2705000319,已完成,2026-04-27 06:24:59,2026-04-29 02:07:45,2026-05-02,2026-04-27 21:54:19,2026-04-29,女士防晒衣轻薄透气,PD00006,SP00006,SKU014,L码-粉色,SKU014,L码-粉色,ST014,服饰内衣,女装,外套,防晒衣,2,69.00,138.00,113.67,112.99,0.00,6.97,6.10,4.36,6.90,0.68,0.00,0.00,0.00,0.00,,,,云南省,昆明,APP-Android,否,是,否,,多多支付,否,12,,否,否,否,否,否,否,极兔速递,YT78539733368,运输中,
2705000261,已签收,2026-04-27 07:09:36,2026-04-29 22:39:58,2026-05-06,2026-04-27 00:35:49,2026-04-29,儿童益智积木拼装玩具,PD00003,SP00003,SKU007,大颗粒200粒,SKU007,大颗粒200粒,ST007,母婴玩具,益智玩具,积木,大颗粒积木,1,99.00,99.00,85.33,84.82,0.00,3.49,3.05,2.18,4.95,0.51,0.00,0.00,0.00,0.00,,,,云南省,昆明,APP-Android,否,否,否,,多多支付,否,3,,否,否,否,否,否,否,申通快递,YT32010008090,运输中,
2705000323,待发货,2026-04-27 09:12:35,2026-04-28 14:02:49,2026-05-03,2026-04-27 11:26:50,2026-04-29,无线蓝牙耳机Pro版,PD00002,SP00002,SKU004,黑色标准版,SKU004,黑色标准版,ST004,数码电器,影音设备,耳机,无线耳机,1,129.00,129.00,121.32,120.59,0.00,3.07,2.69,1.92,0.00,0.73,0.00,0.00,0.00,0.00,,,,福建省,厦门,网页,否,否,否,,多多支付,否,6,,否,否,否,否,否,是,韵达快递,YT93993763398,派送中,
2705000092,已退款,2026-04-27 09:58:41,2026-04-29 07:06:18,2026-05-04,2026-04-27 21:15:01,2026-04-29,桌面手机支架可折叠,PD00008,SP00008,SKU018,升级款-银色,SKU018,升级款-银色,ST018,数码电器,手机配件,支架,桌面支架,1,29.90,29.90,27.56,27.39,0.00,0.34,0.29,0.21,1.50,0.17,0.00,0.00,0.00,26.77,质量问题,退货退款,退货退款,山东省,青岛,网页,否,否,否,,微信支付,否,,商家,否,否,否,否,否,否,韵达快递,YT37899240664,运输中,集运
2705000402,已发货,2026-04-27 10:38:21,2026-04-28 04:46:32,2026-05-03,2026-04-27 13:51:50,2026-04-29,桌面手机支架可折叠,PD00008,SP00008,SKU017,基础款-黑色,SKU017,基础款-黑色,ST017,数码电器,手机配件,支架,桌面支架,1,19.90,19.90,19.39,19.27,0.00,0.20,0.18,0.13,0.00,0.12,0.00,0.00,0.00,0.00,,,,广西,南宁,APP-Android,否,否,否,,多多支付,否,,,否,否,否,否,否,否,邮政快递,YT18776739907,派送中,
2705000067,已签收,2026-04-27 14:27:16,2026-04-28 19:43:31,2026-04-30,2026-04-27 08:36:32,2026-04-29,有机红枣夹核桃500g,PD00007,SP00007,SKU016,1000g礼盒,SKU016,1000g礼盒,ST016,食品生鲜,坚果零食,红枣,夹心红枣,1,69.00,69.00,67.80,67.39,0.00,0.48,0.42,0.30,0.00,0.41,0.00,0.00,0.00,0.00,,,,北京市,北京,APP-iOS,否,否,否,,多多支付,否,,,否,否,否,否,否,是,申通快递,YT97456745383,已签收,
2705000049,待发货,2026-04-27 16:23:35,2026-04-29 09:27:02,2026-05-01,2026-04-27 06:40:33,2026-04-29,儿童益智积木拼装玩具,PD00003,SP00003,SKU006,大颗粒100粒,SKU006,大颗粒100粒,ST006,母婴玩具,益智玩具,积木,大颗粒积木,3,59.00,177.00,162.19,161.22,0.00,5.93,5.18,3.70,0.00,0.97,0.00,0.00,0.00,0.00,,,,陕西省,西安,H5,否,是,否,,微信支付,否,,商家,否,否,否,否,否,否,顺丰速运,YT67392428267,派送中,
2705000441,已取消,2026-04-27 20:24:58,,,2026-04-27 00:39:04,2026-04-29,不锈钢保温杯大容量,PD00004,SP00004,SKU008,500ml-黑色,SKU008,500ml-黑色,ST008,家居生活,餐饮用具,保温杯,不锈钢保温杯,2,45.00,90.00,85.15,84.64,0.00,1.94,1.70,1.21,0.00,0.51,0.00,0.00,0.00,0.00,,,,山东省,青岛,APP-iOS,否,否,否,,支付宝,否,,,否,否,否,否,否,否,极兔速递,YT86518840694,,
2705000206,已完成,2026-04-27 20:48:12,2026-04-28 00:06:28,2026-05-02,2026-04-27 05:03:48,2026-04-29,女士防晒衣轻薄透气,PD00006,SP00006,SKU014,L码-粉色,SKU014,L码-粉色,ST014,服饰内衣,女装,外套,防晒衣,5,69.00,345.00,270.35,268.73,0.00,29.86,26.13,18.66,0.00,1.62,0.00,0.00,0.00,0.00,,,,四川省,成都,H5,否,否,否,,支付宝,否,,,否,否,否,否,否,否,中通快递,YT82826624079,运输中,
2705000216,已退款,2026-04-27 21:40:55,2026-04-28 13:01:00,2026-04-29,2026-04-27 03:18:09,2026-04-29,有机红枣夹核桃500g,PD00007,SP00007,SKU016,1000g礼盒,SKU016,1000g礼盒,ST016,食品生鲜,坚果零食,红枣,夹心红枣,3,69.00,207.00,179.48,178.40,0.00,11.01,9.63,6.88,0.00,1.08,0.00,0.00,0.00,135.56,商品与描述不符,退货退款,退货退款,安徽省,合肥,小程序,否,否,否,,支付宝,否,,商家,否,否,否,否,否,否,申通快递,YT24993823558,运输中,
2705000152,待发货,2026-04-27 22:09:20,2026-04-29 18:26:31,2026-05-06,2026-04-27 16:12:03,2026-04-29,女士防晒衣轻薄透气,PD00006,SP00006,SKU013,M码-浅蓝,SKU013,M码-浅蓝,ST013,服饰内衣,女装,外套,防晒衣,5,69.00,345.00,310.88,309.01,0.00,13.65,11.94,8.53,0.00,1.87,0.00,0.00,0.00,0.00,,,补发,上海市,上海,APP-iOS,否,否,否,,支付宝,否,,,否,否,否,否,否,否,韵达快递,YT93169372993,运输中,
2705000168,已完成,2026-04-27 22:44:09,2026-04-27 08:40:16,2026-04-29,2026-04-27 10:21:21,2026-04-29,女士防晒衣轻薄透气,PD00006,SP00006,SKU014,L码-粉色,SKU014,L码-粉色,ST014,服饰内衣,女装,外套,防晒衣,1,69.00,69.00,57.43,57.09,0.00,4.63,4.05,2.89,0.00,0.34,0.00,0.00,0.00,0.00,,,,四川省,成都,小程序,是,否,否,,微信支付,否,,,否,否,否,否,否,否,圆通速递,YT10115993964,已签收,
2705000081,已取消,2026-04-28 00:49:22,,,2026-04-28 08:08:38,2026-04-30,男士运动休闲鞋透气款,PD00005,SP00005,SKU011,40码-黑色,SKU011,40码-黑色,ST011,运动户外,运动鞋服,运动鞋,跑步鞋,5,119.00,595.00,585.77,582.26,0.00,3.69,3.23,2.31,0.00,3.51,0.00,0.00,0.00,0.00,,,,湖南省,长沙,H5,否,否,否,,微信支付,否,,,否,否,否,否,否,是,韵达快递,YT30487137473,,
2705000297,已退款,2026-04-28 01:53:57,2026-04-30 18:36:04,2026-05-02,2026-04-28 11:37:33,2026-04-30,有机红枣夹核桃500g,PD00007,SP00007,SKU016,1000g礼盒,SKU016,1000g礼盒,ST016,食品生鲜,坚果零食,红枣,夹心红枣,2,69.00,138.00,104.26,103.63,0.00,10.74,9.39,6.71,6.90,0.63,0.00,0.00,0.00,77.69,发错货/漏发,退货退款,退货退款,广西,南宁,网页,否,否,否,,花呗分期,否,3,,否,否,否,否,否,否,邮政快递,YT26487108824,派送中,
2705000105,待发货,2026-04-28 05:07:38,2026-04-28 06:06:59,2026-05-05,2026-04-28 01:45:26,2026-04-30,桌面手机支架可折叠,PD00008,SP00008,SKU018,升级款-银色,SKU018,升级款-银色,ST018,数码电器,手机配件,支架,桌面支架,1,29.90,29.90,28.23,28.06,0.00,0.67,0.58,0.42,0.00,0.17,0.00,0.00,0.00,0.00,,,,福建省,厦门,H5,否,否,否,,微信支付,否,,,是,否,否,否,否,否,韵达快递,YT79466589921,运输中,
2705000198,已退款,2026-04-28 07:07:17,2026-04-29 04:53:57,2026-05-06,2026-04-28 00:59:06,2026-04-30,桌面手机支架可折叠,PD00008,SP00008,SKU017,基础款-黑色,SKU017,基础款-黑色,ST017,数码电器,手机配件,支架,桌面支架,5,19.90,99.50,99.21,98.61,0.00,0.12,0.10,0.07,0.00,0.60,0.00,0.00,0.00,31.13,发错货/漏发,退货退款,退款成功,江西省,南昌,H5,否,否,否,,支付宝,否,,,否,否,否,否,否,否,中通快递,YT12185839096,运输中,
2705000126,已签收,2026-04-28 11:12:21,2026-04-30 15:44:53,2026-05-01,2026-04-28 14:46:47,2026-04-30,桌面手机支架可折叠,PD00008,SP00008,SKU017,基础款-黑色,SKU017,基础款-黑色,ST017,数码电器,手机配件,支架,桌面支架,1,19.90,19.90,19.75,19.55,0.00,0.06,0.05,0.04,0.00,0.20,0.00,0.00,0.00,0.00,,,,浙江省,杭州,H5,否,否,否,,支付宝,否,,,否,否,否,否,否,否,韵达快递,YT83474487369,派送中,
2705000015,已完成,2026-04-28 11:59:51,2026-04-29 02:48:54,2026-05-04,2026-04-28 22:45:42,2026-04-30,男士运动休闲鞋透气款,PD00005,SP00005,SKU012,41码-白色,SKU012,41码-白色,ST012,运动户外,运动鞋服,运动鞋,跑步鞋,1,119.00,119.00,96.03,95.45,0.00,9.19,8.04,5.74,0.00,0.58,0.00,0.00,0.00,0.00,,,,湖北省,武汉,H5,否,否,否,,微信支付,否,,,否,否,否,否,否,否,邮政快递,YT19235097736,运输中,
2705000221,已取消,2026-04-28 13:29:36,,,2026-04-28 02:52:12,2026-04-30,桌面手机支架可折叠,PD00008,SP00008,SKU018,升级款-银色,SKU018,升级款-银色,ST018,数码电器,手机配件,支架,桌面支架,1,29.90,29.90,24.85,24.70,0.00,2.02,1.77,1.26,0.00,0.15,0.00,0.00,0.00,0.00,,,,安徽省,合肥,APP-Android,否,否,否,,支付宝,否,,,否,否,否,否,否,否,中通快递,YT20116872878,,
2705000289,已取消,2026-04-28 15:56:52,,,2026-04-28 01:37:26,2026-04-30,桌面手机支架可折叠,PD00008,SP00008,SKU017,基础款-黑色,SKU017,基础款-黑色,ST017,数码电器,手机配件,支架,桌面支架,5,19.90,99.50,95.04,94.47,0.00,1.78,1.56,1.12,0.00,0.57,0.00,0.00,0.00,0.00,,,,北京市,北京,APP-Android,是,否,否,,微信支付,否,,,否,否,否,否,否,否,韵达快递,YT82780094303,,
2705000080,已发货,2026-04-28 17:39:07,2026-04-28 14:58:59,2026-05-03,2026-04-28 05:47:16,2026-04-30,桌面手机支架可折叠,PD00008,SP00008,SKU018,升级款-银色,SKU018,升级款-银色,ST018,数码电器,手机配件,支架,桌面支架,1,29.90,29.90,26.51,26.35,0.00,1.35,1.19,0.85,0.00,0.16,0.00,0.00,0.00,0.00,,,,湖北省,武汉,小程序,否,否,否,,多多支付,否,,,否,否,否,否,否,否,极兔速递,YT72608098447,派送中,
2705000263,已取消,2026-04-28 17:46:47,,,2026-04-28 16:48:38,2026-04-30,桌面手机支架可折叠,PD00008,SP00008,SKU018,升级款-银色,SKU018,升级款-银色,ST018,数码电器,手机配件,支架,桌面支架,2,29.90,59.80,56.93,56.59,0.00,1.15,1.00,0.72,0.00,0.34,0.00,0.00,0.00,0.00,,,,湖北省,武汉,小程序,否,否,否,,支付宝,否,,,否,否,否,否,否,否,圆通速递,YT31901641727,,
2705000130,已付款,2026-04-28 22:24:24,2026-05-01 20:28:10,2026-05-03,2026-04-28 12:55:58,2026-04-30,无线蓝牙耳机Pro版,PD00002,SP00002,SKU004,黑色标准版,SKU004,黑色标准版,ST004,数码电器,影音设备,耳机,无线耳机,1,129.00,129.00,127.75,126.98,0.00,0.50,0.44,0.31,0.00,0.77,0.00,0.00,0.00,0.00,,,换货,广西,南宁,APP-Android,否,否,否,,支付宝,否,,,是,否,否,否,否,否,顺丰速运,YT94339083515,运输中,
2705000036,已付款,2026-04-28 23:10:57,2026-04-29 12:15:03,2026-04-30,2026-04-28 19:10:03,2026-04-30,女士防晒衣轻薄透气,PD00006,SP00006,SKU013,M码-浅蓝,SKU013,M码-浅蓝,ST013,服饰内衣,女装,外套,防晒衣,1,69.00,69.00,54.40,54.07,0.00,5.84,5.11,3.65,0.00,0.33,0.00,0.00,0.00,0.00,,,,北京市,北京,APP-iOS,否,否,否,,微信支付,否,,,否,否,否,否,否,否,申通快递,YT88273557736,运输中,
2705000427,已取消,2026-04-28 23:54:50,,,2026-04-28 10:07:32,2026-04-30,男士运动休闲鞋透气款,PD00005,SP00005,SKU010,39码-黑色,SKU010,39码-黑色,ST010,运动户外,运动鞋服,运动鞋,跑步鞋,1,119.00,119.00,103.56,102.94,0.00,3.80,3.32,2.37,5.95,0.62,0.00,0.00,0.00,0.00,,,,江西省,南昌,H5,否,否,否,,微信支付,否,,,否,否,否,否,否,否,极兔速递,YT80380626911,,
2705000431,已退款,2026-04-29 00:30:15,2026-05-01 04:50:33,2026-05-03,2026-04-29 13:36:25,2026-05-01,儿童益智积木拼装玩具,PD00003,SP00003,SKU006,大颗粒100粒,SKU006,大颗粒100粒,ST006,母婴玩具,益智玩具,积木,大颗粒积木,1,59.00,59.00,49.68,49.38,0.00,2.55,2.23,1.59,2.95,0.30,0.00,0.00,0.00,36.83,收到商品破损,仅退款,退货退款,陕西省,西安,H5,是,否,否,,微信支付,否,,,否,否,是,否,否,否,圆通速递,YT85868608257,运输中,
2705000456,待发货,2026-04-29 01:52:30,2026-05-01 17:46:14,2026-05-02,2026-04-29 19:45:44,2026-05-01,男士运动休闲鞋透气款,PD00005,SP00005,SKU011,40码-黑色,SKU011,40码-黑色,ST011,运动户外,运动鞋服,运动鞋,跑步鞋,1,119.00,119.00,116.55,115.38,0.00,0.98,0.86,0.61,0.00,1.17,0.00,0.00,0.00,0.00,,,,云南省,昆明,网页,否,否,否,,微信支付,否,,买家,否,否,否,否,否,是,申通快递,YT49369762121,运输中,
2705000137,已签收,2026-04-29 01:52:31,2026-04-29 10:29:44,2026-05-05,2026-04-29 10:18:29,2026-05-01,儿童益智积木拼装玩具,PD00003,SP00003,SKU006,大颗粒100粒,SKU006,大颗粒100粒,ST006,母婴玩具,益智玩具,积木,大颗粒积木,1,59.00,59.00,53.33,53.01,0.00,2.27,1.98,1.42,0.00,0.32,0.00,0.00,0.00,0.00,,,,福建省,厦门,H5,否,否,否,,微信支付,否,,,否,否,否,否,否,否,邮政快递,YT74953945342,运输中,
2705000463,已完成,2026-04-29 03:55:25,2026-04-30 07:20:56,2026-05-05,2026-04-29 06:38:14,2026-05-01,儿童益智积木拼装玩具,PD00003,SP00003,SKU006,大颗粒100粒,SKU006,大颗粒100粒,ST006,母婴玩具,益智玩具,积木,大颗粒积木,1,59.00,59.00,45.39,44.94,0.00,4.26,3.73,2.67,2.95,0.45,0.00,0.00,0.00,0.00,,,,辽宁省,沈阳,网页,否,否,否,,支付宝,否,,,否,否,否,否,否,否,申通快递,YT59456056410,运输中,
2705000032,待发货,2026-04-29 11:31:22,2026-04-30 05:34:43,2026-05-02,2026-04-29 18:23:07,2026-05-01,儿童益智积木拼装玩具,PD00003,SP00003,SKU007,大颗粒200粒,SKU007,大颗粒200粒,ST007,母婴玩具,益智玩具,积木,大颗粒积木,2,99.00,198.00,172.78,171.74,0.00,6.13,5.36,3.83,9.90,1.04,0.00,0.00,0.00,0.00,,,,河南省,郑州,网页,否,否,否,,支付宝,否,,,否,否,否,否,否,否,申通快递,YT90470273130,运输中,
2705000447,已付款,2026-04-29 12:19:04,2026-04-30 07:40:08,2026-05-03,2026-04-29 11:16:15,2026-05-01,夏季冰丝凉席三件套,PD00001,SP00001,SKU003,1.5m床-蓝色,SKU003,1.5m床-蓝色,ST003,家居生活,床上用品,凉席,冰丝凉席,1,89.00,89.00,77.65,76.87,0.00,4.54,3.97,2.84,0.00,0.78,57.51,0.00,0.00,0.00,,,,安徽省,合肥,小程序,否,否,否,,支付宝,否,,,否,否,否,否,否,否,中通快递,YT64353589906,运输中,
2705000487,已付款,2026-04-29 17:02:51,2026-04-30 05:32:57,2026-05-01,2026-04-29 03:43:34,2026-05-01,男士运动休闲鞋透气款,PD00005,SP00005,SKU010,39码-黑色,SKU010,39码-黑色,ST010,运动户外,运动鞋服,运动鞋,跑步鞋,2,119.00,238.00,223.26,221.92,0.00,5.90,5.16,3.68,0.00,1.34,0.00,0.00,0.00,0.00,,,,湖南省,长沙,APP-iOS,否,否,否,,支付宝,否,,,否,否,否,否,否,否,中通快递,YT88320630121,运输中,
2705000336,已发货,2026-04-29 17:47:53,2026-04-30 08:10:33,2026-05-05,2026-04-29 12:47:43,2026-05-01,无线蓝牙耳机Pro版,PD00002,SP00002,SKU005,白色降噪版,SKU005,白色降噪版,ST005,数码电器,影音设备,耳机,无线耳机,1,189.00,189.00,171.65,170.62,0.00,6.94,6.07,4.34,0.00,1.03,0.00,0.00,0.00,0.00,,,,陕西省,西安,APP-Android,否,否,否,,支付宝,否,,,是,否,否,否,否,否,极兔速递,YT65357264173,运输中,
2705000150,待发货,2026-04-29 20:16:03,2026-04-29 20:58:39,2026-05-01,2026-04-29 07:45:51,2026-05-01,无线蓝牙耳机Pro版,PD00002,SP00002,SKU004,黑色标准版,SKU004,黑色标准版,ST004,数码电器,影音设备,耳机,无线耳机,2,129.00,258.00,197.92,196.73,0.00,24.03,21.03,15.02,0.00,1.19,0.00,0.00,0.00,0.00,,,,重庆市,重庆,小程序,否,否,否,,微信支付,否,,,否,否,否,否,否,否,韵达快递,YT79395694555,运输中,
2705000176,已取消,2026-04-29 23:00:49,,,2026-04-29 22:56:57,2026-05-01,不锈钢保温杯大容量,PD00004,SP00004,SKU008,500ml-黑色,SKU008,500ml-黑色,ST008,家居生活,餐饮用具,保温杯,不锈钢保温杯,1,45.00,45.00,35.30,35.09,0.00,2.98,2.61,1.86,2.25,0.21,0.00,0.00,0.00,0.00,,,,湖北省,武汉,小程序,否,否,否,,多多支付,否,,商家,否,否,否,否,否,否,圆通速递,YT17471097454,,
2705000390,已取消,2026-04-29 23:52:26,,,2026-04-29 04:08:06,2026-05-01,女士防晒衣轻薄透气,PD00006,SP00006,SKU013,M码-浅蓝,SKU013,M码-浅蓝,ST013,服饰内衣,女装,外套,防晒衣,1,69.00,69.00,51.74,51.43,0.00,5.53,4.83,3.45,3.45,0.31,0.00,0.00,0.00,0.00,,,,天津市,天津,小程序,是,否,否,,微信支付,否,,,否,否,否,否,否,否,邮政快递,YT73498279383,,
2705000054,已完成,2026-04-30 01:41:12,2026-05-02 02:06:47,2026-05-08,2026-04-30 16:09:08,2026-05-02,男士运动休闲鞋透气款,PD00005,SP00005,SKU012,41码-白色,SKU012,41码-白色,ST012,运动户外,运动鞋服,运动鞋,跑步鞋,1,119.00,119.00,98.65,98.06,0.00,5.76,5.04,3.60,5.95,0.59,0.00,0.00,0.00,0.00,,,,云南省,昆明,网页,否,否,否,,微信支付,否,,,否,否,否,否,否,否,中通快递,YT73039681359,运输中,
2705000128,已退款,2026-04-30 02:34:07,2026-05-01 02:37:07,2026-05-05,2026-04-30 16:43:46,2026-05-02,桌面手机支架可折叠,PD00008,SP00008,SKU018,升级款-银色,SKU018,升级款-银色,ST018,数码电器,手机配件,支架,桌面支架,3,29.90,89.70,84.81,84.30,0.00,0.16,0.14,0.10,4.49,0.51,0.00,0.00,0.00,64.30,不喜欢/效果不好,退货退款,退货退款,山东省,青岛,APP-Android,否,否,否,,花呗分期,否,,,否,否,否,否,否,否,极兔速递,YT96741886135,运输中,
2705000479,已发货,2026-04-30 03:06:42,2026-05-02 04:55:00,2026-05-09,2026-04-30 00:12:57,2026-05-02,儿童益智积木拼装玩具,PD00003,SP00003,SKU007,大颗粒200粒,SKU007,大颗粒200粒,ST007,母婴玩具,益智玩具,积木,大颗粒积木,2,99.00,198.00,196.23,194.27,0.00,0.71,0.62,0.44,0.00,1.96,0.00,0.00,0.00,0.00,,,,广东省,广州,H5,否,否,否,,支付宝,否,,,否,否,否,否,否,是,韵达快递,YT10881788927,运输中,
2705000260,已签收,2026-04-30 05:07:18,2026-05-02 15:56:32,2026-05-09,2026-04-30 13:23:10,2026-05-02,有机红枣夹核桃500g,PD00007,SP00007,SKU015,500g袋装,SKU015,500g袋装,ST015,食品生鲜,坚果零食,红枣,夹心红枣,2,39.00,78.00,70.06,69.64,0.00,1.62,1.41,1.01,3.90,0.42,0.00,0.00,0.00,0.00,,,,湖南省,长沙,网页,否,否,否,,支付宝,否,,,是,否,否,否,否,否,中通快递,YT98817319259,派送中,
2705000056,已完成,2026-04-30 08:18:20,2026-05-01 02:12:18,2026-05-02,2026-04-30 04:27:30,2026-05-02,无线蓝牙耳机Pro版,PD00002,SP00002,SKU004,黑色标准版,SKU004,黑色标准版,ST004,数码电器,影音设备,耳机,无线耳机,2,129.00,258.00,228.20,226.83,0.00,11.92,10.43,7.45,0.00,1.37,0.00,0.00,0.00,0.00,,,,重庆市,重庆,小程序,否,是,否,,多多支付,否,,,是,否,否,否,否,否,申通快递,YT49769196489,已签收,
2705000048,已退款,2026-04-30 09:18:04,2026-05-01 08:43:35,2026-05-08,2026-04-30 17:49:56,2026-05-02,无线蓝牙耳机Pro版,PD00002,SP00002,SKU005,白色降噪版,SKU005,白色降噪版,ST005,数码电器,影音设备,耳机,无线耳机,1,189.00,189.00,144.50,143.63,0.00,14.02,12.27,8.76,9.45,0.87,0.00,0.00,0.00,76.45,七天无理由退货,退货退款,退款成功,浙江省,杭州,网页,否,否,否,,多多支付,否,,,否,否,否,否,否,是,申通快递,YT33019900234,运输中,
2705000472,已签收,2026-04-30 11:48:04,2026-05-02 22:57:05,2026-05-08,2026-04-30 13:27:35,2026-05-02,夏季冰丝凉席三件套,PD00001,SP00001,SKU001,1.5m床-灰色,SKU001,1.5m床-灰色,ST001,家居生活,床上用品,凉席,冰丝凉席,3,89.00,267.00,256.91,255.37,0.00,4.04,3.53,2.52,0.00,1.54,0.00,0.00,0.00,0.00,,,,陕西省,西安,APP-iOS,否,否,否,,多多支付,否,,,否,否,否,否,否,是,申通快递,YT19751921962,派送中,
2705000457,已发货,2026-04-30 13:15:36,2026-05-01 20:09:57,2026-05-08,2026-04-30 08:05:21,2026-05-02,无线蓝牙耳机Pro版,PD00002,SP00002,SKU004,黑色标准版,SKU004,黑色标准版,ST004,数码电器,影音设备,耳机,无线耳机,1,129.00,129.00,111.23,110.56,0.00,4.53,3.96,2.83,6.45,0.67,0.00,0.00,0.00,0.00,,,,云南省,昆明,小程序,否,否,是,万象城店,支付宝,否,,,否,否,否,否,否,否,中通快递,YT72718891128,运输中,
2705000335,待发货,2026-04-30 16:56:41,2026-04-30 04:48:06,2026-05-05,2026-04-30 09:42:53,2026-05-02,桌面手机支架可折叠,PD00008,SP00008,SKU018,升级款-银色,SKU018,升级款-银色,ST018,数码电器,手机配件,支架,桌面支架,1,29.90,29.90,22.75,22.61,0.00,2.86,2.50,1.79,0.00,0.14,0.00,0.00,0.00,0.00,,,,北京市,北京,H5,否,否,否,,花呗分期,否,3,商家,是,否,否,否,否,否,顺丰速运,YT15060268096,派送中,
2705000314,已取消,2026-04-30 18:07:46,,,2026-04-30 22:44:04,2026-05-02,桌面手机支架可折叠,PD00008,SP00008,SKU017,基础款-黑色,SKU017,基础款-黑色,ST017,数码电器,手机配件,支架,桌面支架,2,19.90,39.80,33.77,33.57,0.00,2.41,2.11,1.51,0.00,0.20,0.00,0.00,0.00,0.00,,,,湖北省,武汉,网页,否,否,否,,多多支付,否,,买家,是,否,否,否,否,是,邮政快递,YT19118685377,,
2705000413,已退款,2026-04-30 21:33:33,2026-05-02 13:40:57,2026-05-04,2026-04-30 15:04:54,2026-05-02,儿童益智积木拼装玩具,PD00003,SP00003,SKU006,大颗粒100粒,SKU006,大颗粒100粒,ST006,母婴玩具,益智玩具,积木,大颗粒积木,2,59.00,118.00,96.83,96.25,0.00,8.47,7.41,5.29,0.00,0.58,0.00,0.00,0.00,95.20,物流太慢,退货退款,退货退款,上海市,上海,网页,是,否,否,,支付宝,否,3,,否,否,否,否,否,否,邮政快递,YT82966310257,派送中,
2705000489,已完成,2026-04-30 23:38:53,2026-05-02 06:31:52,2026-05-08,2026-04-30 16:57:43,2026-05-02,无线蓝牙耳机Pro版,PD00002,SP00002,SKU005,白色降噪版,SKU005,白色降噪版,ST005,数码电器,影音设备,耳机,无线耳机,2,189.00,378.00,331.23,329.24,0.00,18.71,16.37,11.69,0.00,1.99,0.00,0.00,0.00,0.00,,,,云南省,昆明,APP-Android,否,否,否,,花呗分期,否,,,否,否,否,否,是,否,顺丰速运,YT12808243721,运输中,
2705000356,已取消,2026-05-01 03:55:49,,,2026-05-01 17:59:55,2026-05-03,男士运动休闲鞋透气款,PD00005,SP00005,SKU010,39码-黑色,SKU010,39码-黑色,ST010,运动户外,运动鞋服,运动鞋,跑步鞋,1,119.00,119.00,96.38,95.80,0.00,6.67,5.83,4.17,5.95,0.58,0.00,0.00,0.00,0.00,,,,江西省,南昌,网页,否,否,否,,多多支付,否,,,是,否,否,否,否,是,圆通速递,YT31219583480,,
2705000320,已签收,2026-05-01 04:46:12,2026-05-03 05:05:04,2026-05-09,2026-05-01 05:58:28,2026-05-03,无线蓝牙耳机Pro版,PD00002,SP00002,SKU004,黑色标准版,SKU004,黑色标准版,ST004,数码电器,影音设备,耳机,无线耳机,3,129.00,387.00,331.23,329.24,0.00,22.31,19.52,13.94,0.00,1.99,0.00,0.00,0.00,0.00,,,,天津市,天津,APP-Android,否,否,否,,多多支付,否,,,是,否,否,否,否,否,邮政快递,YT64735353538,运输中,
2705000393,已完成,2026-05-01 12:52:47,2026-05-02 06:53:39,2026-05-07,2026-05-01 23:14:09,2026-05-03,女士防晒衣轻薄透气,PD00006,SP00006,SKU013,M码-浅蓝,SKU013,M码-浅蓝,ST013,服饰内衣,女装,外套,防晒衣,3,69.00,207.00,174.25,173.20,0.00,8.96,7.84,5.60,10.35,1.05,0.00,0.00,0.00,0.00,,,,四川省,成都,APP-Android,否,否,否,,多多支付,否,,,否,否,否,否,否,是,极兔速递,YT30860787530,运输中,
2705000127,已付款,2026-05-01 15:01:31,2026-05-01 20:45:19,2026-05-02,2026-05-01 15:05:25,2026-05-03,有机红枣夹核桃500g,PD00007,SP00007,SKU016,1000g礼盒,SKU016,1000g礼盒,ST016,食品生鲜,坚果零食,红枣,夹心红枣,3,69.00,207.00,181.45,180.36,0.00,10.22,8.94,6.39,0.00,1.09,0.00,0.00,0.00,0.00,,,,上海市,上海,网页,否,否,否,,花呗分期,否,,,否,否,否,否,否,否,韵达快递,YT75918181185,运输中,
2705000258,已付款,2026-05-02 01:25:05,2026-05-05 17:43:26,2026-05-06,2026-05-02 03:46:13,2026-05-04,夏季冰丝凉席三件套,PD00001,SP00001,SKU003,1.5m床-蓝色,SKU003,1.5m床-蓝色,ST003,家居生活,床上用品,凉席,冰丝凉席,2,89.00,178.00,167.35,166.35,0.00,4.26,3.73,2.66,0.00,1.00,0.00,0.00,0.00,0.00,,,,安徽省,合肥,APP-iOS,否,否,否,,多多支付,否,,商家,否,否,否,否,否,否,中通快递,YT68266158043,运输中,
2705000369,已签收,2026-05-02 02:20:26,2026-05-02 20:23:39,2026-05-03,2026-05-02 21:52:09,2026-05-04,女士防晒衣轻薄透气,PD00006,SP00006,SKU014,L码-粉色,SKU014,L码-粉色,ST014,服饰内衣,女装,外套,防晒衣,2,69.00,138.00,111.93,110.81,0.00,7.67,6.71,4.79,6.90,1.12,0.00,0.00,0.00,0.00,,,,安徽省,合肥,H5,否,否,否,,多多支付,否,,,否,否,否,否,否,否,韵达快递,YT15373765892,运输中,
2705000009,已取消,2026-05-02 06:34:54,,,2026-05-02 06:26:07,2026-05-04,夏季冰丝凉席三件套,PD00001,SP00001,SKU003,1.5m床-蓝色,SKU003,1.5m床-蓝色,ST003,家居生活,床上用品,凉席,冰丝凉席,2,89.00,178.00,173.48,172.44,0.00,1.81,1.58,1.13,0.00,1.04,0.00,28.19,0.00,0.00,,,,浙江省,杭州,APP-Android,否,否,否,,多多支付,否,,,否,否,否,否,否,否,中通快递,YT18733292974,,
2705000352,已签收,2026-05-02 10:07:42,2026-05-03 19:18:08,2026-05-08,2026-05-02 16:01:43,2026-05-04,夏季冰丝凉席三件套,PD00001,SP00001,SKU001,1.5m床-灰色,SKU001,1.5m床-灰色,ST001,家居生活,床上用品,凉席,冰丝凉席,1,89.00,89.00,71.00,70.57,0.00,7.20,6.30,4.50,0.00,0.43,40.60,0.00,0.00,0.00,,,,重庆市,重庆,网页,是,否,否,,花呗分期,否,,,否,否,否,否,是,否,顺丰速运,YT17096537324,运输中,
2705000213,已退款,2026-05-02 15:42:55,2026-05-04 07:11:06,2026-05-08,2026-05-02 05:17:22,2026-05-04,儿童益智积木拼装玩具,PD00003,SP00003,SKU007,大颗粒200粒,SKU007,大颗粒200粒,ST007,母婴玩具,益智玩具,积木,大颗粒积木,1,99.00,99.00,88.09,87.56,0.00,4.36,3.82,2.73,0.00,0.53,0.00,0.00,0.00,73.98,物流太慢,仅退款,退款成功,江苏省,南京,H5,否,否,否,,微信支付,否,,,否,否,否,否,否,否,圆通速递,YT44290021444,运输中,
2705000399,待发货,2026-05-02 16:09:08,2026-05-05 20:35:53,2026-05-09,2026-05-02 02:14:40,2026-05-04,有机红枣夹核桃500g,PD00007,SP00007,SKU016,1000g礼盒,SKU016,1000g礼盒,ST016,食品生鲜,坚果零食,红枣,夹心红枣,1,69.00,69.00,63.72,63.08,0.00,2.11,1.85,1.32,0.00,0.64,0.00,0.00,0.00,0.00,,,,重庆市,重庆,小程序,否,否,否,,支付宝,否,,,否,否,否,否,是,否,邮政快递,YT63100380744,运输中,
2705000449,已退款,2026-05-02 17:12:33,2026-05-04 02:20:12,2026-05-11,2026-05-02 13:14:41,2026-05-04,男士运动休闲鞋透气款,PD00005,SP00005,SKU012,41码-白色,SKU012,41码-白色,ST012,运动户外,运动鞋服,运动鞋,跑步鞋,1,119.00,119.00,102.80,102.18,0.00,4.10,3.59,2.56,5.95,0.62,0.00,0.00,0.00,83.56,商品与描述不符,仅退款,退款成功,上海市,上海,网页,否,否,否,,多多支付,否,,,否,否,否,否,否,否,申通快递,YT95631268194,派送中,
2705000405,已付款,2026-05-02 17:16:31,2026-05-04 18:47:48,2026-05-09,2026-05-02 05:30:24,2026-05-04,不锈钢保温杯大容量,PD00004,SP00004,SKU008,500ml-黑色,SKU008,500ml-黑色,ST008,家居生活,餐饮用具,保温杯,不锈钢保温杯,1,45.00,45.00,37.60,37.37,0.00,2.96,2.59,1.85,0.00,0.23,0.00,0.00,0.00,0.00,,,,四川省,成都,APP-Android,否,否,否,,微信支付,否,,商家,否,否,否,否,否,否,申通快递,YT19912394811,运输中,
2705000412,已发货,2026-05-02 19:27:50,2026-05-05 19:17:48,2026-05-09,2026-05-02 04:41:21,2026-05-04,有机红枣夹核桃500g,PD00007,SP00007,SKU016,1000g礼盒,SKU016,1000g礼盒,ST016,食品生鲜,坚果零食,红枣,夹心红枣,1,69.00,69.00,62.45,62.08,0.00,2.62,2.29,1.64,0.00,0.37,0.00,0.00,0.00,0.00,,,,湖南省,长沙,APP-Android,否,否,否,,微信支付,否,,,否,否,否,否,否,否,申通快递,YT25599242377,运输中,
2705000076,已发货,2026-05-03 00:02:53,2026-05-06 06:09:48,2026-05-10,2026-05-03 03:02:33,2026-05-05,女士防晒衣轻薄透气,PD00006,SP00006,SKU013,M码-浅蓝,SKU013,M码-浅蓝,ST013,服饰内衣,女装,外套,防晒衣,1,69.00,69.00,62.97,62.59,0.00,2.41,2.11,1.51,0.00,0.38,0.00,0.00,0.00,0.00,,,,广东省,广州,网页,否,否,否,,微信支付,否,,,否,否,否,否,否,否,邮政快递,YT80370657005,运输中,
2705000443,已发货,2026-05-03 01:15:01,2026-05-05 06:15:22,2026-05-10,2026-05-03 18:15:25,2026-05-05,无线蓝牙耳机Pro版,PD00002,SP00002,SKU005,白色降噪版,SKU005,白色降噪版,ST005,数码电器,影音设备,耳机,无线耳机,3,189.00,567.00,474.89,472.04,0.00,36.84,32.24,23.03,0.00,2.85,0.00,0.00,0.00,0.00,,,,河北省,石家庄,小程序,否,否,否,,花呗分期,否,,,否,否,否,否,否,否,顺丰速运,YT80136613090,已签收,
2705000191,待发货,2026-05-03 02:30:17,2026-05-04 06:15:16,2026-05-11,2026-05-03 02:15:11,2026-05-05,不锈钢保温杯大容量,PD00004,SP00004,SKU009,800ml-银色,SKU009,800ml-银色,ST009,家居生活,餐饮用具,保温杯,不锈钢保温杯,1,65.00,65.00,56.58,56.24,0.00,2.07,1.81,1.29,3.25,0.34,34.57,0.00,0.00,0.00,,,,上海市,上海,H5,否,否,否,,花呗分期,否,,,否,否,否,否,否,否,邮政快递,YT52079561622,已签收,
2705000444,已签收,2026-05-03 02:47:11,2026-05-05 06:32:17,2026-05-09,2026-05-03 03:31:21,2026-05-05,儿童益智积木拼装玩具,PD00003,SP00003,SKU006,大颗粒100粒,SKU006,大颗粒100粒,ST006,母婴玩具,益智玩具,积木,大颗粒积木,2,59.00,118.00,106.77,106.13,0.00,4.49,3.93,2.81,0.00,0.64,0.00,0.00,0.00,0.00,,,,重庆市,重庆,APP-Android,是,否,否,,花呗分期,否,,,否,否,否,否,否,是,邮政快递,YT99176889467,运输中,
2705000174,已签收,2026-05-03 03:51:16,2026-05-04 14:39:15,2026-05-06,2026-05-03 18:25:15,2026-05-05,无线蓝牙耳机Pro版,PD00002,SP00002,SKU005,白色降噪版,SKU005,白色降噪版,ST005,数码电器,影音设备,耳机,无线耳机,1,189.00,189.00,154.45,153.52,0.00,13.82,12.09,8.64,0.00,0.93,0.00,0.00,0.00,0.00,,,,河南省,郑州,小程序,否,否,否,,支付宝,否,,,否,否,否,否,否,否,中通快递,YT12654294714,已签收,
2705000491,已取消,2026-05-03 03:52:00,,,2026-05-03 13:38:21,2026-05-05,不锈钢保温杯大容量,PD00004,SP00004,SKU009,800ml-银色,SKU009,800ml-银色,ST009,家居生活,餐饮用具,保温杯,不锈钢保温杯,3,65.00,195.00,172.57,171.53,0.00,5.07,4.44,3.17,9.75,1.04,0.00,0.00,0.00,0.00,,,,安徽省,合肥,APP-Android,否,否,否,,微信支付,否,,,否,否,否,否,否,是,顺丰速运,YT95511767816,,
2705000034,已取消,2026-05-03 06:41:33,,,2026-05-03 08:14:24,2026-05-05,女士防晒衣轻薄透气,PD00006,SP00006,SKU014,L码-粉色,SKU014,L码-粉色,ST014,服饰内衣,女装,外套,防晒衣,1,69.00,69.00,53.84,53.52,0.00,6.06,5.31,3.79,0.00,0.32,0.00,0.00,0.00,0.00,,,,广西,南宁,小程序,是,否,否,,微信支付,否,,,否,否,否,否,否,否,邮政快递,YT99399560521,,
2705000278,待发货,2026-05-03 09:16:25,2026-05-03 21:45:38,2026-05-05,2026-05-03 10:46:19,2026-05-05,夏季冰丝凉席三件套,PD00001,SP00001,SKU003,1.5m床-蓝色,SKU003,1.5m床-蓝色,ST003,家居生活,床上用品,凉席,冰丝凉席,1,89.00,89.00,66.62,66.22,0.00,7.17,6.28,4.48,4.45,0.40,0.00,0.00,0.00,0.00,,,,湖南省,长沙,APP-iOS,否,否,否,,多多支付,否,,,否,否,否,否,否,否,邮政快递,YT99599334995,已签收,
2705000078,已发货,2026-05-03 10:19:28,2026-05-03 20:39:25,2026-05-08,2026-05-03 10:13:01,2026-05-05,儿童益智积木拼装玩具,PD00003,SP00003,SKU007,大颗粒200粒,SKU007,大颗粒200粒,ST007,母婴玩具,益智玩具,积木,大颗粒积木,1,99.00,99.00,84.27,83.76,0.00,3.91,3.42,2.45,4.95,0.51,0.00,0.00,0.00,0.00,,,,湖南省,长沙,小程序,否,否,否,,多多支付,否,,,否,否,否,否,是,否,圆通速递,YT69404537929,已签收,
2705000112,已完成,2026-05-03 15:57:58,2026-05-04 08:24:12,2026-05-10,2026-05-03 09:18:47,2026-05-05,无线蓝牙耳机Pro版,PD00002,SP00002,SKU005,白色降噪版,SKU005,白色降噪版,ST005,数码电器,影音设备,耳机,无线耳机,1,189.00,189.00,151.68,150.16,0.00,14.93,13.06,9.33,0.00,1.52,0.00,0.00,0.00,0.00,,,,安徽省,合肥,网页,否,否,是,万象城店,花呗分期,否,,,否,否,否,否,否,否,顺丰速运,YT26599595753,运输中,集运
2705000194,已发货,2026-05-03 16:18:32,2026-05-05 18:24:05,2026-05-12,2026-05-03 02:56:34,2026-05-05,男士运动休闲鞋透气款,PD00005,SP00005,SKU010,39码-黑色,SKU010,39码-黑色,ST010,运动户外,运动鞋服,运动鞋,跑步鞋,2,119.00,238.00,211.28,210.01,0.00,10.69,9.35,6.68,0.00,1.27,0.00,0.00,0.00,0.00,,,,云南省,昆明,APP-iOS,否,否,否,,花呗分期,否,,,否,否,否,否,否,否,极兔速递,YT83469244966,派送中,
2705000256,已取消,2026-05-03 16:48:27,,,2026-05-03 16:46:34,2026-05-05,女士防晒衣轻薄透气,PD00006,SP00006,SKU013,M码-浅蓝,SKU013,M码-浅蓝,ST013,服饰内衣,女装,外套,防晒衣,3,69.00,207.00,166.20,165.20,0.00,16.32,14.28,10.20,0.00,1.00,0.00,0.00,0.00,0.00,,,,江苏省,南京,APP-Android,否,否,否,,花呗分期,否,,,否,是,否,否,否,是,圆通速递,YT47253111621,,
2705000079,已付款,2026-05-03 18:01:17,2026-05-06 22:48:00,2026-05-08,2026-05-03 12:55:52,2026-05-05,不锈钢保温杯大容量,PD00004,SP00004,SKU008,500ml-黑色,SKU008,500ml-黑色,ST008,家居生活,餐饮用具,保温杯,不锈钢保温杯,5,45.00,225.00,199.58,198.38,0.00,10.17,8.90,6.35,0.00,1.20,0.00,0.00,0.00,0.00,,,,浙江省,杭州,网页,否,否,否,,多多支付,否,,,否,否,否,否,否,否,邮政快递,YT80872824773,派送中,
2705000007,已取消,2026-05-04 03:15:27,,,2026-05-04 02:54:17,2026-05-06,不锈钢保温杯大容量,PD00004,SP00004,SKU009,800ml-银色,SKU009,800ml-银色,ST009,家居生活,餐饮用具,保温杯,不锈钢保温杯,1,65.00,65.00,64.89,64.50,0.00,0.04,0.04,0.03,0.00,0.39,0.00,0.00,0.00,0.00,,,,江苏省,南京,APP-iOS,否,否,否,,多多支付,否,,,否,否,否,否,否,否,韵达快递,YT57830299914,,
2705000138,已付款,2026-05-04 06:45:56,2026-05-04 00:48:14,2026-05-06,2026-05-04 03:28:52,2026-05-06,夏季冰丝凉席三件套,PD00001,SP00001,SKU002,1.8m床-灰色,SKU002,1.8m床-灰色,ST002,家居生活,床上用品,凉席,冰丝凉席,3,109.00,327.00,325.44,323.49,0.00,0.62,0.55,0.39,0.00,1.95,69.00,0.00,0.00,0.00,,,,河北省,石家庄,APP-Android,否,否,否,,微信支付,否,,买家,是,否,否,否,否,否,韵达快递,YT67764929474,运输中,
2705000514,已发货,2026-05-04 12:39:19,2026-05-04 19:42:55,2026-05-09,2026-05-04 12:30:02,2026-05-06,男士运动休闲鞋透气款,PD00005,SP00005,SKU011,40码-黑色,SKU011,40码-黑色,ST011,运动户外,运动鞋服,运动鞋,跑步鞋,2,119.00,238.00,182.67,181.57,0.00,17.37,15.20,10.86,11.90,1.10,0.00,0.00,0.00,0.00,,,,云南省,昆明,APP-Android,否,否,否,,微信支付,否,,,是,否,否,否,否,否,中通快递,YT73385042524,已签收,转运
2705000275,已付款,2026-05-04 13:11:18,2026-05-05 17:20:35,2026-05-06,2026-05-04 10:32:22,2026-05-06,不锈钢保温杯大容量,PD00004,SP00004,SKU008,500ml-黑色,SKU008,500ml-黑色,ST008,家居生活,餐饮用具,保温杯,不锈钢保温杯,2,45.00,90.00,83.69,83.19,0.00,2.52,2.21,1.58,0.00,0.50,0.00,0.00,0.00,0.00,,,,天津市,天津,APP-iOS,否,否,否,,多多支付,否,6,,否,否,否,否,是,否,极兔速递,YT88832282050,派送中,
2705000172,待发货,2026-05-04 13:52:17,2026-05-05 13:24:46,2026-05-10,2026-05-04 09:58:03,2026-05-06,男士运动休闲鞋透气款,PD00005,SP00005,SKU012,41码-白色,SKU012,41码-白色,ST012,运动户外,运动鞋服,运动鞋,跑步鞋,2,119.00,238.00,189.85,188.71,0.00,14.50,12.69,9.06,11.90,1.14,0.00,0.00,0.00,0.00,,,,浙江省,杭州,小程序,否,否,否,,微信支付,否,,,否,否,否,否,否,否,韵达快递,YT26016648988,已签收,
2705000517,已完成,2026-05-04 16:39:30,2026-05-07 07:27:10,2026-05-11,2026-05-04 03:41:03,2026-05-06,无线蓝牙耳机Pro版,PD00002,SP00002,SKU005,白色降噪版,SKU005,白色降噪版,ST005,数码电器,影音设备,耳机,无线耳机,5,189.00,945.00,753.83,746.29,0.00,76.47,66.91,47.79,0.00,7.54,0.00,0.00,0.00,0.00,,,,河南省,郑州,APP-Android,否,否,否,,微信支付,否,,买家,否,否,否,否,否,否,圆通速递,YT32445148843,运输中,
2705000374,已签收,2026-05-04 16:44:27,2026-05-05 05:57:58,2026-05-10,2026-05-04 01:00:38,2026-05-06,男士运动休闲鞋透气款,PD00005,SP00005,SKU011,40码-黑色,SKU011,40码-黑色,ST011,运动户外,运动鞋服,运动鞋,跑步鞋,1,119.00,119.00,91.78,91.23,0.00,8.51,7.44,5.32,5.95,0.55,0.00,0.00,0.00,0.00,,,,江苏省,南京,网页,否,否,否,,支付宝,否,,,是,否,否,否,否,否,申通快递,YT73963534286,运输中,
2705000140,已付款,2026-05-04 20:17:57,2026-05-07 23:12:04,2026-05-09,2026-05-04 18:26:51,2026-05-06,男士运动休闲鞋透气款,PD00005,SP00005,SKU010,39码-黑色,SKU010,39码-黑色,ST010,运动户外,运动鞋服,运动鞋,跑步鞋,1,119.00,119.00,112.17,111.50,0.00,2.73,2.39,1.71,0.00,0.67,0.00,0.00,0.00,0.00,,,,陕西省,西安,H5,否,否,否,,花呗分期,否,,,否,否,否,否,否,否,中通快递,YT38174119487,已签收,
2705000016,已完成,2026-05-04 22:16:06,2026-05-05 19:00:44,2026-05-06,2026-05-04 14:27:52,2026-05-06,夏季冰丝凉席三件套,PD00001,SP00001,SKU001,1.5m床-灰色,SKU001,1.5m床-灰色,ST001,家居生活,床上用品,凉席,冰丝凉席,1,89.00,89.00,85.24,84.73,0.00,1.50,1.32,0.94,0.00,0.51,0.00,0.00,0.00,0.00,,,,江西省,南昌,APP-Android,否,否,否,,支付宝,否,,,否,否,否,否,否,否,邮政快递,YT26825333670,运输中,
2705000450,已完成,2026-05-05 00:41:38,2026-05-05 22:48:37,2026-05-06,2026-05-05 01:19:15,2026-05-07,桌面手机支架可折叠,PD00008,SP00008,SKU017,基础款-黑色,SKU017,基础款-黑色,ST017,数码电器,手机配件,支架,桌面支架,5,19.90,99.50,82.15,81.66,0.00,6.94,6.07,4.34,0.00,0.49,0.00,0.00,0.00,0.00,,,,天津市,天津,APP-Android,否,否,否,,花呗分期,否,,,否,否,否,否,否,否,极兔速递,YT70709981568,运输中,
2705000500,已发货,2026-05-05 00:53:03,2026-05-07 07:25:11,2026-05-09,2026-05-05 11:55:27,2026-05-07,夏季冰丝凉席三件套,PD00001,SP00001,SKU003,1.5m床-蓝色,SKU003,1.5m床-蓝色,ST003,家居生活,床上用品,凉席,冰丝凉席,1,89.00,89.00,68.26,67.85,0.00,6.52,5.70,4.07,4.45,0.41,51.07,0.00,0.00,0.00,,,,广东省,广州,APP-Android,否,否,否,,花呗分期,否,3,,否,否,否,否,否,否,韵达快递,YT74683111840,运输中,
2705000187,已完成,2026-05-05 02:55:59,2026-05-07 19:29:20,2026-05-08,2026-05-05 13:31:07,2026-05-07,夏季冰丝凉席三件套,PD00001,SP00001,SKU002,1.8m床-灰色,SKU002,1.8m床-灰色,ST002,家居生活,床上用品,凉席,冰丝凉席,1,109.00,109.00,101.35,100.74,0.00,3.06,2.68,1.91,0.00,0.61,0.00,0.00,0.00,0.00,,,,云南省,昆明,APP-iOS,否,否,否,,多多支付,否,,买家,否,否,否,否,否,是,中通快递,YT74750344897,运输中,
2705000452,已付款,2026-05-05 03:37:39,2026-05-08 04:18:21,2026-05-13,2026-05-05 19:47:50,2026-05-07,无线蓝牙耳机Pro版,PD00002,SP00002,SKU005,白色降噪版,SKU005,白色降噪版,ST005,数码电器,影音设备,耳机,无线耳机,1,189.00,189.00,163.42,162.44,0.00,10.23,8.95,6.40,0.00,0.98,0.00,0.00,0.00,0.00,,,,山东省,青岛,H5,否,否,否,,多多支付,否,,,否,否,否,否,否,否,极兔速递,YT53653470868,运输中,转运
2705000375,待发货,2026-05-05 05:37:17,2026-05-07 03:14:36,2026-05-08,2026-05-05 21:40:42,2026-05-07,无线蓝牙耳机Pro版,PD00002,SP00002,SKU005,白色降噪版,SKU005,白色降噪版,ST005,数码电器,影音设备,耳机,无线耳机,1,189.00,189.00,147.83,146.94,0.00,16.47,14.41,10.29,0.00,0.89,0.00,0.00,0.00,0.00,,,,湖南省,长沙,APP-iOS,否,否,否,,多多支付,否,,,否,否,否,否,否,否,极兔速递,YT98709805989,运输中,
2705000237,已签收,2026-05-05 07:20:09,2026-05-06 11:35:22,2026-05-08,2026-05-05 21:28:15,2026-05-07,不锈钢保温杯大容量,PD00004,SP00004,SKU009,800ml-银色,SKU009,800ml-银色,ST009,家居生活,餐饮用具,保温杯,不锈钢保温杯,2,65.00,130.00,103.18,102.15,0.00,10.73,9.39,6.70,0.00,1.03,0.00,0.00,0.00,0.00,,,,辽宁省,沈阳,H5,否,否,否,,花呗分期,否,,,否,否,否,是,否,否,申通快递,YT46369721646,派送中,
2705000133,已取消,2026-05-05 10:23:09,,,2026-05-05 02:03:04,2026-05-07,男士运动休闲鞋透气款,PD00005,SP00005,SKU010,39码-黑色,SKU010,39码-黑色,ST010,运动户外,运动鞋服,运动鞋,跑步鞋,1,119.00,119.00,112.74,112.06,0.00,0.12,0.11,0.08,5.95,0.68,0.00,0.00,0.00,0.00,,,,北京市,北京,APP-iOS,否,否,否,,多多支付,否,,,否,否,否,否,否,否,邮政快递,YT44362835278,,
2705000341,待发货,2026-05-05 10:42:45,2026-05-07 22:32:49,2026-05-10,2026-05-05 09:15:46,2026-05-07,桌面手机支架可折叠,PD00008,SP00008,SKU018,升级款-银色,SKU018,升级款-银色,ST018,数码电器,手机配件,支架,桌面支架,1,29.90,29.90,27.32,27.16,0.00,0.43,0.38,0.27,1.50,0.16,0.00,0.00,0.00,0.00,,,,河南省,郑州,网页,否,否,否,,支付宝,否,,,否,否,否,否,否,否,极兔速递,YT33810794392,运输中,
2705000028,已发货,2026-05-05 15:20:30,2026-05-07 02:30:27,2026-05-13,2026-05-05 05:23:39,2026-05-07,儿童益智积木拼装玩具,PD00003,SP00003,SKU007,大颗粒200粒,SKU007,大颗粒200粒,ST007,母婴玩具,益智玩具,积木,大颗粒积木,1,99.00,99.00,84.48,83.64,0.00,5.81,5.08,3.63,0.00,0.84,0.00,0.00,0.00,0.00,,,,湖南省,长沙,小程序,否,否,否,,花呗分期,否,,,否,否,否,否,否,否,邮政快递,YT36737193058,运输中,
2705000017,已完成,2026-05-05 18:16:46,2026-05-07 12:31:30,2026-05-09,2026-05-05 21:46:18,2026-05-07,女士防晒衣轻薄透气,PD00006,SP00006,SKU014,L码-粉色,SKU014,L码-粉色,ST014,服饰内衣,女装,外套,防晒衣,1,69.00,69.00,68.12,67.71,0.00,0.35,0.31,0.22,0.00,0.41,0.00,0.00,0.00,0.00,,,,湖北省,武汉,网页,否,是,否,,微信支付,否,3,,否,否,否,否,否,否,邮政快递,YT65190219274,运输中,
2705000312,待发货,2026-05-06 01:12:16,2026-05-09 20:10:03,2026-05-15,2026-05-06 14:21:32,2026-05-08,不锈钢保温杯大容量,PD00004,SP00004,SKU008,500ml-黑色,SKU008,500ml-黑色,ST008,家居生活,餐饮用具,保温杯,不锈钢保温杯,1,45.00,45.00,38.53,38.30,0.00,2.59,2.26,1.62,0.00,0.23,0.00,0.00,0.00,26.99,商品与描述不符,仅退款,退款成功,陕西省,西安,APP-iOS,否,否,否,,多多支付,否,,,否,否,否,否,否,否,顺丰速运,YT80691254553,运输中,
2705000396,已退款,2026-05-06 02:44:33,2026-05-09 12:26:53,2026-05-12,2026-05-06 05:38:07,2026-05-08,儿童益智积木拼装玩具,PD00003,SP00003,SKU006,大颗粒100粒,SKU006,大颗粒100粒,ST006,母婴玩具,益智玩具,积木,大颗粒积木,5,59.00,295.00,212.65,211.37,0.00,27.04,23.66,16.90,14.75,1.28,0.00,0.00,0.00,85.76,物流太慢,退货退款,退货退款,河北省,石家庄,APP-Android,是,否,否,,多多支付,否,,,否,否,否,否,否,否,申通快递,YT45724144599,派送中,
2705000264,待发货,2026-05-06 10:06:15,2026-05-06 10:05:23,2026-05-12,2026-05-06 04:51:03,2026-05-08,女士防晒衣轻薄透气,PD00006,SP00006,SKU013,M码-浅蓝,SKU013,M码-浅蓝,ST013,服饰内衣,女装,外套,防晒衣,1,69.00,69.00,65.24,64.59,0.00,1.50,1.32,0.94,0.00,0.65,0.00,0.00,0.00,0.00,,,,山东省,青岛,APP-iOS,否,否,否,,支付宝,否,,,是,否,否,否,否,否,圆通速递,YT89017856947,派送中,
2705000141,已签收,2026-05-06 11:01:05,2026-05-09 08:12:32,2026-05-10,2026-05-06 14:37:55,2026-05-08,有机红枣夹核桃500g,PD00007,SP00007,SKU015,500g袋装,SKU015,500g袋装,ST015,食品生鲜,坚果零食,红枣,夹心红枣,5,39.00,195.00,191.73,190.58,0.00,1.31,1.14,0.82,0.00,1.15,0.00,0.00,0.00,75.23,卖家发错尺码,仅退款,退款成功,陕西省,西安,网页,否,否,否,,支付宝,否,,,否,否,否,否,否,否,中通快递,YT75169511561,运输中,
2705000025,已完成,2026-05-06 19:34:10,2026-05-08 02:10:01,2026-05-10,2026-05-06 09:44:38,2026-05-08,不锈钢保温杯大容量,PD00004,SP00004,SKU008,500ml-黑色,SKU008,500ml-黑色,ST008,家居生活,餐饮用具,保温杯,不锈钢保温杯,3,45.00,135.00,106.70,106.06,0.00,8.62,7.54,5.39,6.75,0.64,72.00,0.00,0.00,0.00,,,,江西省,南昌,网页,否,否,否,,花呗分期,否,6,,否,否,否,否,否,否,圆通速递,YT41721264573,已签收,
2705000089,已取消,2026-05-06 21:12:27,,,2026-05-06 13:16:48,2026-05-08,男士运动休闲鞋透气款,PD00005,SP00005,SKU011,40码-黑色,SKU011,40码-黑色,ST011,运动户外,运动鞋服,运动鞋,跑步鞋,1,119.00,119.00,95.82,95.25,0.00,9.27,8.11,5.80,0.00,0.57,0.00,0.00,0.00,0.00,,,,天津市,天津,H5,否,否,否,,微信支付,否,,,否,否,否,否,否,是,邮政快递,YT75908941809,,
2705000207,已退款,2026-05-06 21:15:01,2026-05-08 23:12:46,2026-05-12,2026-05-06 13:17:58,2026-05-08,女士防晒衣轻薄透气,PD00006,SP00006,SKU013,M码-浅蓝,SKU013,M码-浅蓝,ST013,服饰内衣,女装,外套,防晒衣,2,69.00,138.00,117.25,116.55,0.00,8.30,7.26,5.19,0.00,0.70,0.00,0.00,0.00,89.35,不喜欢/效果不好,仅退款,退款成功,重庆市,重庆,小程序,否,否,否,,多多支付,否,,,否,否,否,否,否,否,申通快递,YT66949988135,运输中,
2705000408,已完成,2026-05-06 23:22:51,2026-05-08 04:26:21,2026-05-10,2026-05-06 16:47:04,2026-05-08,无线蓝牙耳机Pro版,PD00002,SP00002,SKU005,白色降噪版,SKU005,白色降噪版,ST005,数码电器,影音设备,耳机,无线耳机,1,189.00,189.00,158.40,157.45,0.00,12.24,10.71,7.65,0.00,0.95,0.00,0.00,0.00,0.00,,,,云南省,昆明,H5,否,否,否,,多多支付,否,,,否,否,否,否,否,否,韵达快递,YT92329727623,运输中,
2705000506,待发货,2026-05-06 23:57:50,2026-05-08 11:14:28,2026-05-13,2026-05-06 08:05:20,2026-05-08,女士防晒衣轻薄透气,PD00006,SP00006,SKU014,L码-粉色,SKU014,L码-粉色,ST014,服饰内衣,女装,外套,防晒衣,1,69.00,69.00,64.52,64.13,0.00,1.79,1.57,1.12,0.00,0.39,0.00,0.00,0.00,0.00,,,补发,广东省,广州,H5,否,否,否,,多多支付,否,6,,否,否,否,否,否,是,极兔速递,YT19462677668,已签收,
2705000435,已签收,2026-05-07 01:21:14,2026-05-08 04:39:20,2026-05-11,2026-05-07 17:37:44,2026-05-09,有机红枣夹核桃500g,PD00007,SP00007,SKU015,500g袋装,SKU015,500g袋装,ST015,食品生鲜,坚果零食,红枣,夹心红枣,1,39.00,39.00,32.98,32.78,0.00,1.63,1.42,1.02,1.95,0.20,0.00,0.00,0.00,0.00,,,,广东省,广州,APP-Android,否,否,否,,花呗分期,否,,,否,否,否,是,否,否,申通快递,YT53985487394,派送中,
2705000438,待发货,2026-05-07 02:12:39,2026-05-08 16:02:39,2026-05-13,2026-05-07 16:21:32,2026-05-09,女士防晒衣轻薄透气,PD00006,SP00006,SKU014,L码-粉色,SKU014,L码-粉色,ST014,服饰内衣,女装,外套,防晒衣,5,69.00,345.00,307.40,304.33,0.00,8.14,7.12,5.09,17.25,3.07,0.00,0.00,0.00,0.00,,,补发,湖北省,武汉,网页,否,否,否,,微信支付,否,,,否,否,否,否,否,否,申通快递,YT73654630455,运输中,
2705000154,已完成,2026-05-07 02:24:56,2026-05-08 11:55:48,2026-05-10,2026-05-07 18:20:36,2026-05-09,桌面手机支架可折叠,PD00008,SP00008,SKU017,基础款-黑色,SKU017,基础款-黑色,ST017,数码电器,手机配件,支架,桌面支架,1,19.90,19.90,18.17,18.06,0.00,0.69,0.61,0.43,0.00,0.11,0.00,0.00,0.00,0.00,,,,湖北省,武汉,H5,否,否,否,,多多支付,否,,,否,否,否,否,否,否,中通快递,YT57215374529,运输中,
2705000419,待发货,2026-05-07 03:56:45,2026-05-08 03:24:43,2026-05-15,2026-05-07 10:59:21,2026-05-09,儿童益智积木拼装玩具,PD00003,SP00003,SKU007,大颗粒200粒,SKU007,大颗粒200粒,ST007,母婴玩具,益智玩具,积木,大颗粒积木,2,99.00,198.00,153.23,151.70,0.00,17.91,15.67,11.19,0.00,1.53,0.00,0.00,0.00,0.00,,,,江西省,南昌,H5,否,否,否,,微信支付,否,,,否,否,否,否,否,否,中通快递,YT68934754779,运输中,
2705000342,已取消,2026-05-07 04:26:57,,,2026-05-07 23:15:21,2026-05-09,有机红枣夹核桃500g,PD00007,SP00007,SKU015,500g袋装,SKU015,500g袋装,ST015,食品生鲜,坚果零食,红枣,夹心红枣,1,39.00,39.00,30.83,30.65,0.00,3.27,2.86,2.04,0.00,0.18,0.00,0.00,0.00,0.00,,,,辽宁省,沈阳,H5,否,否,否,,支付宝,否,,,是,否,否,否,否,否,极兔速递,YT40348562497,,
2705000432,已发货,2026-05-07 06:06:16,2026-05-08 00:25:35,2026-05-15,2026-05-07 13:47:42,2026-05-09,桌面手机支架可折叠,PD00008,SP00008,SKU018,升级款-银色,SKU018,升级款-银色,ST018,数码电器,手机配件,支架,桌面支架,1,29.90,29.90,27.19,27.03,0.00,1.08,0.95,0.68,0.00,0.16,0.00,0.00,0.00,0.00,,,,北京市,北京,H5,否,否,否,,支付宝,否,,,是,否,否,否,否,否,顺丰速运,YT95642553240,运输中,
2705000001,已取消,2026-05-07 06:37:34,,,2026-05-07 13:29:38,2026-05-09,夏季冰丝凉席三件套,PD00001,SP00001,SKU003,1.5m床-蓝色,SKU003,1.5m床-蓝色,ST003,家居生活,床上用品,凉席,冰丝凉席,3,89.00,267.00,234.60,233.19,0.00,12.96,11.34,8.10,0.00,1.41,0.00,0.00,0.00,0.00,,,,天津市,天津,网页,是,否,否,,花呗分期,否,,,否,否,否,否,否,否,韵达快递,YT74129654593,,
2705000355,已签收,2026-05-07 07:15:37,2026-05-08 17:55:41,2026-05-14,2026-05-07 16:31:45,2026-05-09,桌面手机支架可折叠,PD00008,SP00008,SKU017,基础款-黑色,SKU017,基础款-黑色,ST017,数码电器,手机配件,支架,桌面支架,1,19.90,19.90,19.45,19.33,0.00,0.18,0.16,0.11,0.00,0.12,0.00,0.00,0.00,0.00,,,,湖北省,武汉,小程序,否,否,否,,多多支付,否,12,,否,否,否,否,否,否,顺丰速运,YT79827272193,已签收,
2705000494,已取消,2026-05-07 07:38:13,,,2026-05-07 13:50:53,2026-05-09,无线蓝牙耳机Pro版,PD00002,SP00002,SKU005,白色降噪版,SKU005,白色降噪版,ST005,数码电器,影音设备,耳机,无线耳机,2,189.00,378.00,320.09,316.89,0.00,23.16,20.27,14.48,0.00,3.20,0.00,0.00,0.00,0.00,,,,重庆市,重庆,APP-iOS,是,否,否,,微信支付,否,3,,否,否,否,否,否,是,邮政快递,YT31427675966,,
2705000302,已付款,2026-05-07 08:17:58,2026-05-08 13:58:59,2026-05-13,2026-05-07 16:45:43,2026-05-09,男士运动休闲鞋透气款,PD00005,SP00005,SKU011,40码-黑色,SKU011,40码-黑色,ST011,运动户外,运动鞋服,运动鞋,跑步鞋,2,119.00,238.00,206.90,204.83,0.00,7.68,6.72,4.80,11.90,2.07,0.00,0.00,0.00,0.00,,,补发,北京市,北京,H5,否,否,否,,支付宝,否,,,否,否,否,否,否,否,中通快递,YT11847448254,派送中,
2705000475,已完成,2026-05-07 08:53:04,2026-05-07 16:14:05,2026-05-08,2026-05-07 03:47:47,2026-05-09,儿童益智积木拼装玩具,PD00003,SP00003,SKU007,大颗粒200粒,SKU007,大颗粒200粒,ST007,母婴玩具,益智玩具,积木,大颗粒积木,3,99.00,297.00,236.28,234.86,0.00,24.29,21.25,15.18,0.00,1.42,0.00,0.00,0.00,0.00,,,,湖北省,武汉,小程序,否,否,否,,多多支付,否,,,是,否,否,否,否,否,极兔速递,YT67593823583,运输中,集运
2705000075,已退款,2026-05-07 11:17:23,2026-05-08 06:54:54,2026-05-09,2026-05-07 05:39:08,2026-05-09,女士防晒衣轻薄透气,PD00006,SP00006,SKU014,L码-粉色,SKU014,L码-粉色,ST014,服饰内衣,女装,外套,防晒衣,1,69.00,69.00,58.40,57.82,0.00,4.24,3.71,2.65,0.00,0.58,0.00,0.00,0.00,50.23,商品与描述不符,退货退款,退款成功,江西省,南昌,APP-Android,否,否,否,,花呗分期,否,,,否,否,是,否,否,否,顺丰速运,YT67519479007,运输中,
2705000114,已付款,2026-05-07 12:13:43,2026-05-09 07:23:14,2026-05-14,2026-05-07 16:45:26,2026-05-09,儿童益智积木拼装玩具,PD00003,SP00003,SKU007,大颗粒200粒,SKU007,大颗粒200粒,ST007,母婴玩具,益智玩具,积木,大颗粒积木,3,99.00,297.00,247.58,246.09,0.00,13.83,12.10,8.64,14.85,1.49,0.00,0.00,0.00,0.00,,,,福建省,厦门,H5,否,否,否,,支付宝,否,,,否,否,是,否,否,否,圆通速递,YT48962717923,运输中,集运
2705000429,已付款,2026-05-07 17:12:24,2026-05-08 17:53:45,2026-05-12,2026-05-07 15:29:06,2026-05-09,有机红枣夹核桃500g,PD00007,SP00007,SKU016,1000g礼盒,SKU016,1000g礼盒,ST016,食品生鲜,坚果零食,红枣,夹心红枣,1,69.00,69.00,68.92,68.51,0.00,0.03,0.03,0.02,0.00,0.41,0.00,0.00,0.00,0.00,,,,湖北省,武汉,网页,否,否,否,,花呗分期,否,3,,否,否,否,否,否,否,邮政快递,YT21859705939,运输中,
2705000193,已取消,2026-05-07 18:01:02,,,2026-05-07 06:04:56,2026-05-09,不锈钢保温杯大容量,PD00004,SP00004,SKU009,800ml-银色,SKU009,800ml-银色,ST009,家居生活,餐饮用具,保温杯,不锈钢保温杯,2,65.00,130.00,117.49,116.79,0.00,5.00,4.38,3.13,0.00,0.70,0.00,0.00,0.00,0.00,,,,浙江省,杭州,小程序,否,否,否,,支付宝,否,,,否,否,否,否,否,否,顺丰速运,YT56258375543,,
2705000299,已签收,2026-05-07 18:09:58,2026-05-08 05:11:07,2026-05-11,2026-05-07 19:12:50,2026-05-09,男士运动休闲鞋透气款,PD00005,SP00005,SKU011,40码-黑色,SKU011,40码-黑色,ST011,运动户外,运动鞋服,运动鞋,跑步鞋,5,119.00,595.00,588.88,585.35,0.00,2.45,2.14,1.53,0.00,3.53,0.00,0.00,0.00,363.98,不喜欢/效果不好,仅退款,退款成功,广东省,广州,小程序,否,否,否,,微信支付,否,,,否,否,否,否,否,否,申通快递,YT63402785434,运输中,
2705000242,已取消,2026-05-08 00:29:39,,,2026-05-08 15:10:48,2026-05-10,不锈钢保温杯大容量,PD00004,SP00004,SKU008,500ml-黑色,SKU008,500ml-黑色,ST008,家居生活,餐饮用具,保温杯,不锈钢保温杯,2,45.00,90.00,87.23,86.71,0.00,1.11,0.97,0.69,0.00,0.52,0.00,0.00,0.00,0.00,,,,江西省,南昌,APP-iOS,否,否,否,,花呗分期,否,,,是,否,否,否,否,否,中通快递,YT26556244842,,
2705000224,已退款,2026-05-08 00:42:16,2026-05-09 13:12:47,2026-05-10,2026-05-08 03:27:26,2026-05-10,男士运动休闲鞋透气款,PD00005,SP00005,SKU011,40码-黑色,SKU011,40码-黑色,ST011,运动户外,运动鞋服,运动鞋,跑步鞋,3,119.00,357.00,274.24,272.59,0.00,33.10,28.97,20.69,0.00,1.65,0.00,0.00,0.00,231.21,发错货/漏发,仅退款,退款成功,四川省,成都,网页,否,否,否,,多多支付,否,,,否,否,否,否,否,否,中通快递,YT90579963275,派送中,
2705000279,已付款,2026-05-08 01:59:33,2026-05-11 19:47:58,2026-05-16,2026-05-08 14:09:54,2026-05-10,有机红枣夹核桃500g,PD00007,SP00007,SKU016,1000g礼盒,SKU016,1000g礼盒,ST016,食品生鲜,坚果零食,红枣,夹心红枣,1,69.00,69.00,53.18,52.86,0.00,6.33,5.54,3.95,0.00,0.32,0.00,0.00,0.00,0.00,,,,广西,南宁,APP-iOS,否,否,否,,花呗分期,否,6,,是,否,否,否,否,否,中通快递,YT57766077619,运输中,集运
2705000148,已发货,2026-05-08 06:28:05,2026-05-10 13:32:05,2026-05-16,2026-05-08 12:12:31,2026-05-10,夏季冰丝凉席三件套,PD00001,SP00001,SKU003,1.5m床-蓝色,SKU003,1.5m床-蓝色,ST003,家居生活,床上用品,凉席,冰丝凉席,1,89.00,89.00,82.43,81.61,0.00,2.63,2.30,1.64,0.00,0.82,0.00,0.00,0.00,0.00,,,,湖南省,长沙,网页,否,否,否,,微信支付,否,,,否,否,否,否,否,否,申通快递,YT60685327843,已签收,
2705000042,已退款,2026-05-08 11:51:12,2026-05-11 11:36:16,2026-05-17,2026-05-08 00:29:25,2026-05-10,有机红枣夹核桃500g,PD00007,SP00007,SKU015,500g袋装,SKU015,500g袋装,ST015,食品生鲜,坚果零食,红枣,夹心红枣,2,39.00,78.00,69.11,68.70,0.00,3.56,3.11,2.22,0.00,0.41,0.00,0.00,0.00,45.59,收到商品破损,退货退款,退货退款,安徽省,合肥,网页,否,否,否,,花呗分期,否,,,否,否,否,否,否,否,申通快递,YT97785346755,已签收,
2705000175,已取消,2026-05-08 13:47:10,,,2026-05-08 17:17:31,2026-05-10,桌面手机支架可折叠,PD00008,SP00008,SKU018,升级款-银色,SKU018,升级款-银色,ST018,数码电器,手机配件,支架,桌面支架,3,29.90,89.70,83.17,82.34,0.00,0.82,0.71,0.51,4.49,0.83,0.00,0.00,0.00,0.00,,,,浙江省,杭州,小程序,否,否,否,,微信支付,否,,,否,否,否,否,否,否,申通快递,YT29906244279,,
2705000310,已付款,2026-05-08 14:17:41,2026-05-10 03:09:04,2026-05-17,2026-05-08 09:09:31,2026-05-10,桌面手机支架可折叠,PD00008,SP00008,SKU017,基础款-黑色,SKU017,基础款-黑色,ST017,数码电器,手机配件,支架,桌面支架,1,19.90,19.90,19.13,19.02,0.00,0.31,0.27,0.19,0.00,0.11,0.00,0.00,0.00,0.00,,,补发,河北省,石家庄,APP-Android,否,否,否,,微信支付,否,,商家,否,否,否,否,否,否,圆通速递,YT77743652039,运输中,
2705000160,已取消,2026-05-08 14:36:15,,,2026-05-08 03:49:25,2026-05-10,不锈钢保温杯大容量,PD00004,SP00004,SKU009,800ml-银色,SKU009,800ml-银色,ST009,家居生活,餐饮用具,保温杯,不锈钢保温杯,2,65.00,130.00,116.86,116.16,0.00,5.26,4.60,3.28,0.00,0.70,0.00,0.00,0.00,0.00,,,,福建省,厦门,网页,否,否,否,,花呗分期,否,,,否,否,否,否,否,否,申通快递,YT46647249372,,
2705000157,待发货,2026-05-08 15:33:01,2026-05-10 13:41:51,2026-05-11,2026-05-08 06:28:29,2026-05-10,夏季冰丝凉席三件套,PD00001,SP00001,SKU002,1.8m床-灰色,SKU002,1.8m床-灰色,ST002,家居生活,床上用品,凉席,冰丝凉席,1,109.00,109.00,82.18,81.69,0.00,8.55,7.48,5.34,5.45,0.49,0.00,0.00,0.00,0.00,,,,陕西省,西安,H5,否,否,否,,微信支付,否,,,否,否,否,否,否,否,圆通速递,YT76756454143,派送中,
2705000453,已退款,2026-05-08 17:00:18,2026-05-09 21:56:17,2026-05-13,2026-05-08 12:21:00,2026-05-10,有机红枣夹核桃500g,PD00007,SP00007,SKU015,500g袋装,SKU015,500g袋装,ST015,食品生鲜,坚果零食,红枣,夹心红枣,5,39.00,195.00,169.72,168.70,0.00,10.11,8.85,6.32,0.00,1.02,0.00,0.00,0.00,58.39,不喜欢/效果不好,仅退款,退款成功,陕西省,西安,APP-iOS,否,否,否,,花呗分期,否,,,否,否,否,否,否,否,申通快递,YT92535519855,已签收,转运
2705000083,已完成,2026-05-08 19:26:50,2026-05-09 00:29:47,2026-05-10,2026-05-08 02:34:23,2026-05-10,无线蓝牙耳机Pro版,PD00002,SP00002,SKU005,白色降噪版,SKU005,白色降噪版,ST005,数码电器,影音设备,耳机,无线耳机,1,189.00,189.00,147.37,146.49,0.00,16.65,14.57,10.41,0.00,0.88,0.00,0.00,0.00,0.00,,,,广东省,广州,APP-Android,否,否,否,,花呗分期,否,,,否,否,否,否,否,否,极兔速递,YT63967936754,派送中,
2705000503,待发货,2026-05-08 19:46:01,2026-05-09 07:49:15,2026-05-16,2026-05-08 14:28:10,2026-05-10,桌面手机支架可折叠,PD00008,SP00008,SKU017,基础款-黑色,SKU017,基础款-黑色,ST017,数码电器,手机配件,支架,桌面支架,5,19.90,99.50,80.90,80.09,0.00,7.44,6.51,4.65,0.00,0.81,0.00,0.00,0.00,0.00,,,,山东省,青岛,网页,否,否,否,,微信支付,否,,,否,否,否,否,否,否,顺丰速运,YT21035161758,运输中,
2705000381,已付款,2026-05-08 22:08:28,2026-05-09 00:41:30,2026-05-10,2026-05-08 19:24:35,2026-05-10,不锈钢保温杯大容量,PD00004,SP00004,SKU009,800ml-银色,SKU009,800ml-银色,ST009,家居生活,餐饮用具,保温杯,不锈钢保温杯,2,65.00,130.00,115.95,115.25,0.00,5.62,4.92,3.51,0.00,0.70,0.00,31.11,0.00,0.00,,,,湖南省,长沙,H5,否,否,否,,支付宝,否,,,否,否,否,否,否,否,韵达快递,YT49619618894,派送中,
2705000507,已退款,2026-05-08 23:29:07,2026-05-10 01:19:37,2026-05-15,2026-05-08 00:45:46,2026-05-10,不锈钢保温杯大容量,PD00004,SP00004,SKU008,500ml-黑色,SKU008,500ml-黑色,ST008,家居生活,餐饮用具,保温杯,不锈钢保温杯,1,45.00,45.00,41.82,41.57,0.00,1.27,1.11,0.80,0.00,0.25,0.00,0.00,0.00,35.73,卖家发错尺码,仅退款,退款成功,江苏省,南京,小程序,否,否,否,,花呗分期,否,,,是,否,否,否,否,是,邮政快递,YT17184204238,运输中,
2705000097,已付款,2026-05-09 02:31:41,2026-05-09 13:28:59,2026-05-16,2026-05-09 12:36:14,2026-05-11,夏季冰丝凉席三件套,PD00001,SP00001,SKU003,1.5m床-蓝色,SKU003,1.5m床-蓝色,ST003,家居生活,床上用品,凉席,冰丝凉席,2,89.00,178.00,135.85,134.49,0.00,16.86,14.75,10.54,0.00,1.36,40.89,0.00,0.00,0.00,,,,湖南省,长沙,APP-iOS,否,否,否,,多多支付,否,,商家,否,否,否,否,否,否,极兔速递,YT48172965235,运输中,
2705000383,已取消,2026-05-09 02:38:17,,,2026-05-09 18:28:02,2026-05-11,不锈钢保温杯大容量,PD00004,SP00004,SKU009,800ml-银色,SKU009,800ml-银色,ST009,家居生活,餐饮用具,保温杯,不锈钢保温杯,1,65.00,65.00,50.97,50.66,0.00,5.61,4.91,3.51,0.00,0.31,0.00,0.00,0.00,0.00,,,,江苏省,南京,小程序,否,否,否,,微信支付,否,,,否,否,否,否,否,否,圆通速递,YT40764954488,,
2705000277,待发货,2026-05-09 05:02:39,2026-05-11 13:49:07,2026-05-17,2026-05-09 19:17:54,2026-05-11,桌面手机支架可折叠,PD00008,SP00008,SKU018,升级款-银色,SKU018,升级款-银色,ST018,数码电器,手机配件,支架,桌面支架,1,29.90,29.90,27.65,27.48,0.00,0.30,0.26,0.19,1.50,0.17,0.00,0.00,0.00,0.00,,,,福建省,厦门,小程序,否,否,否,,支付宝,否,,,否,否,否,否,否,是,韵达快递,YT83120206590,派送中,
2705000398,已取消,2026-05-09 10:58:19,,,2026-05-09 12:02:32,2026-05-11,女士防晒衣轻薄透气,PD00006,SP00006,SKU014,L码-粉色,SKU014,L码-粉色,ST014,服饰内衣,女装,外套,防晒衣,3,69.00,207.00,159.40,158.44,0.00,14.90,13.04,9.31,10.35,0.96,0.00,0.00,0.00,0.00,,,,河北省,石家庄,APP-iOS,否,否,否,,微信支付,否,12,,否,否,否,否,否,否,邮政快递,YT73848395008,,
2705000349,待发货,2026-05-09 12:11:18,2026-05-10 05:46:52,2026-05-17,2026-05-09 12:20:48,2026-05-11,男士运动休闲鞋透气款,PD00005,SP00005,SKU012,41码-白色,SKU012,41码-白色,ST012,运动户外,运动鞋服,运动鞋,跑步鞋,2,119.00,238.00,226.38,225.02,0.00,4.65,4.07,2.90,0.00,1.36,0.00,0.00,0.00,0.00,,,,云南省,昆明,APP-Android,是,否,否,,支付宝,否,,,否,否,否,否,否,否,邮政快递,YT88951389520,运输中,
2705000037,已取消,2026-05-09 14:51:24,,,2026-05-09 15:35:53,2026-05-11,有机红枣夹核桃500g,PD00007,SP00007,SKU015,500g袋装,SKU015,500g袋装,ST015,食品生鲜,坚果零食,红枣,夹心红枣,1,39.00,39.00,33.34,33.14,0.00,2.26,1.98,1.42,0.00,0.20,0.00,0.00,0.00,0.00,,,,天津市,天津,APP-Android,否,否,否,,多多支付,否,,,是,否,否,否,否,否,顺丰速运,YT45136961920,,
2705000002,已发货,2026-05-09 20:41:46,2026-05-10 01:57:18,2026-05-17,2026-05-09 12:43:10,2026-05-11,女士防晒衣轻薄透气,PD00006,SP00006,SKU013,M码-浅蓝,SKU013,M码-浅蓝,ST013,服饰内衣,女装,外套,防晒衣,1,69.00,69.00,53.07,52.75,0.00,6.37,5.58,3.98,0.00,0.32,0.00,0.00,0.00,0.00,,,,河北省,石家庄,小程序,否,否,否,,多多支付,否,,,是,否,否,否,否,否,邮政快递,YT45757198586,已签收,
2705000241,待发货,2026-05-09 22:30:01,2026-05-12 06:16:00,2026-05-18,2026-05-09 06:59:41,2026-05-11,无线蓝牙耳机Pro版,PD00002,SP00002,SKU004,黑色标准版,SKU004,黑色标准版,ST004,数码电器,影音设备,耳机,无线耳机,2,129.00,258.00,241.48,240.03,0.00,1.45,1.27,0.90,12.90,1.45,0.00,0.00,0.00,0.00,,,,江苏省,南京,小程序,否,否,否,,多多支付,否,,商家,是,否,否,否,否,否,极兔速递,YT27952209521,运输中,
2705000159,已签收,2026-05-10 00:36:25,2026-05-11 20:49:41,2026-05-13,2026-05-10 13:16:26,2026-05-12,无线蓝牙耳机Pro版,PD00002,SP00002,SKU004,黑色标准版,SKU004,黑色标准版,ST004,数码电器,影音设备,耳机,无线耳机,5,129.00,645.00,607.24,603.60,0.00,15.10,13.22,9.44,0.00,3.64,0.00,0.00,0.00,0.00,,,,湖南省,长沙,H5,否,否,否,,微信支付,否,,,否,否,否,否,是,否,极兔速递,YT45346210700,运输中,
2705000327,待发货,2026-05-10 08:30:51,2026-05-12 21:52:16,2026-05-13,2026-05-10 09:05:06,2026-05-12,男士运动休闲鞋透气款,PD00005,SP00005,SKU012,41码-白色,SKU012,41码-白色,ST012,运动户外,运动鞋服,运动鞋,跑步鞋,2,119.00,238.00,185.46,184.35,0.00,21.02,18.39,13.13,0.00,1.11,0.00,0.00,0.00,0.00,,,,广东省,广州,H5,否,否,否,,花呗分期,否,,,否,否,否,否,否,否,韵达快递,YT25934717741,运输中,
2705000353,已签收,2026-05-10 09:27:04,2026-05-10 09:01:57,2026-05-13,2026-05-10 20:13:28,2026-05-12,儿童益智积木拼装玩具,PD00003,SP00003,SKU006,大颗粒100粒,SKU006,大颗粒100粒,ST006,母婴玩具,益智玩具,积木,大颗粒积木,2,59.00,118.00,90.13,89.59,0.00,8.79,7.69,5.49,5.90,0.54,0.00,0.00,0.00,0.00,,,,北京市,北京,小程序,否,否,否,,微信支付,否,,,否,否,否,否,是,否,中通快递,YT46111430028,运输中,
2705000455,待发货,2026-05-10 09:27:27,2026-05-12 15:47:53,2026-05-17,2026-05-10 21:21:27,2026-05-12,男士运动休闲鞋透气款,PD00005,SP00005,SKU010,39码-黑色,SKU010,39码-黑色,ST010,运动户外,运动鞋服,运动鞋,跑步鞋,3,119.00,357.00,304.38,302.55,0.00,13.91,12.17,8.69,17.85,1.83,0.00,0.00,0.00,0.00,,,,湖北省,武汉,APP-Android,否,否,否,,微信支付,否,,,否,否,否,否,是,否,中通快递,YT32526884706,派送中,
2705000021,已取消,2026-05-10 10:04:04,,,2026-05-10 09:19:42,2026-05-12,不锈钢保温杯大容量,PD00004,SP00004,SKU008,500ml-黑色,SKU008,500ml-黑色,ST008,家居生活,餐饮用具,保温杯,不锈钢保温杯,2,45.00,90.00,73.05,72.61,0.00,6.78,5.93,4.24,0.00,0.44,33.66,0.00,0.00,0.00,,,,湖北省,武汉,H5,否,否,否,,多多支付,否,3,,否,否,否,否,否,否,极兔速递,YT10102839728,,
2705000205,待发货,2026-05-10 12:14:58,2026-05-10 04:55:46,2026-05-15,2026-05-10 16:46:59,2026-05-12,夏季冰丝凉席三件套,PD00001,SP00001,SKU002,1.8m床-灰色,SKU002,1.8m床-灰色,ST002,家居生活,床上用品,凉席,冰丝凉席,1,109.00,109.00,100.97,100.36,0.00,3.21,2.81,2.01,0.00,0.61,0.00,0.00,0.00,0.00,,,,湖南省,长沙,小程序,否,否,否,,花呗分期,否,,,否,否,否,否,否,否,韵达快递,YT70484558454,派送中,
2705000234,待发货,2026-05-10 16:32:27,2026-05-13 12:55:13,2026-05-20,2026-05-10 10:37:58,2026-05-12,无线蓝牙耳机Pro版,PD00002,SP00002,SKU004,黑色标准版,SKU004,黑色标准版,ST004,数码电器,影音设备,耳机,无线耳机,1,129.00,129.00,110.40,109.74,0.00,4.86,4.25,3.04,6.45,0.66,0.00,0.00,0.00,0.00,,,,辽宁省,沈阳,网页,否,否,否,,支付宝,否,,,否,否,否,否,否,否,邮政快递,YT41713595458,运输中,
2705000400,已退款,2026-05-10 17:46:23,2026-05-10 20:46:17,2026-05-16,2026-05-10 10:44:45,2026-05-12,男士运动休闲鞋透气款,PD00005,SP00005,SKU011,40码-黑色,SKU011,40码-黑色,ST011,运动户外,运动鞋服,运动鞋,跑步鞋,1,119.00,119.00,103.76,103.14,0.00,6.10,5.33,3.81,0.00,0.62,0.00,0.00,0.00,66.87,不喜欢/效果不好,退货退款,退款成功,浙江省,杭州,网页,否,否,否,,多多支付,否,,,否,否,否,否,否,否,邮政快递,YT14366617294,派送中,转运
2705000231,已付款,2026-05-11 00:52:11,2026-05-11 04:21:10,2026-05-18,2026-05-11 21:49:09,2026-05-13,女士防晒衣轻薄透气,PD00006,SP00006,SKU014,L码-粉色,SKU014,L码-粉色,ST014,服饰内衣,女装,外套,防晒衣,5,69.00,345.00,320.18,316.98,0.00,3.03,2.65,1.89,17.25,3.20,0.00,0.00,0.00,0.00,,,,山东省,青岛,网页,否,否,否,,花呗分期,否,,,否,否,否,否,否,否,邮政快递,YT64875319619,派送中,
2705000233,已签收,2026-05-11 09:45:10,2026-05-13 00:45:17,2026-05-15,2026-05-11 06:14:20,2026-05-13,男士运动休闲鞋透气款,PD00005,SP00005,SKU012,41码-白色,SKU012,41码-白色,ST012,运动户外,运动鞋服,运动鞋,跑步鞋,2,119.00,238.00,233.92,232.52,0.00,1.63,1.43,1.02,0.00,1.40,0.00,0.00,0.00,184.74,七天无理由退货,仅退款,退款成功,福建省,厦门,网页,否,否,否,,多多支付,否,,,否,是,否,否,否,否,顺丰速运,YT69025009346,运输中,
2705000477,已发货,2026-05-11 10:40:31,2026-05-11 06:07:10,2026-05-17,2026-05-11 05:34:57,2026-05-13,有机红枣夹核桃500g,PD00007,SP00007,SKU015,500g袋装,SKU015,500g袋装,ST015,食品生鲜,坚果零食,红枣,夹心红枣,3,39.00,117.00,110.77,110.11,0.00,0.15,0.13,0.10,5.85,0.66,0.00,0.00,0.00,0.00,,,,北京市,北京,网页,否,是,否,,支付宝,否,,商家,否,否,否,否,否,否,韵达快递,YT74413015650,派送中,
2705000116,已取消,2026-05-11 18:57:30,,,2026-05-11 12:33:01,2026-05-13,有机红枣夹核桃500g,PD00007,SP00007,SKU015,500g袋装,SKU015,500g袋装,ST015,食品生鲜,坚果零食,红枣,夹心红枣,5,39.00,195.00,164.91,163.92,0.00,12.04,10.53,7.52,0.00,0.99,0.00,0.00,0.00,0.00,,,,河北省,石家庄,APP-iOS,否,否,否,,支付宝,否,,,否,否,否,否,否,否,邮政快递,YT85956144324,,集运
2705000266,已退款,2026-05-11 21:35:13,2026-05-13 12:42:01,2026-05-14,2026-05-11 19:01:33,2026-05-13,女士防晒衣轻薄透气,PD00006,SP00006,SKU013,M码-浅蓝,SKU013,M码-浅蓝,ST013,服饰内衣,女装,外套,防晒衣,1,69.00,69.00,53.02,52.70,0.00,6.39,5.59,4.00,0.00,0.32,0.00,0.00,0.00,23.84,不喜欢/效果不好,退货退款,退款成功,福建省,厦门,APP-Android,是,否,否,,支付宝,否,12,,否,否,否,否,否,否,韵达快递,YT73349034324,运输中,
2705000024,待发货,2026-05-12 01:52:22,2026-05-13 10:31:25,2026-05-20,2026-05-12 15:21:17,2026-05-14,女士防晒衣轻薄透气,PD00006,SP00006,SKU013,M码-浅蓝,SKU013,M码-浅蓝,ST013,服饰内衣,女装,外套,防晒衣,1,69.00,69.00,66.85,66.45,0.00,0.86,0.75,0.54,0.00,0.40,0.00,0.00,0.00,0.00,,,,重庆市,重庆,H5,否,否,否,,支付宝,否,,,否,否,否,否,否,否,申通快递,YT77890321395,已签收,
2705000087,已签收,2026-05-12 03:14:34,2026-05-14 04:19:54,2026-05-19,2026-05-12 16:46:14,2026-05-14,女士防晒衣轻薄透气,PD00006,SP00006,SKU014,L码-粉色,SKU014,L码-粉色,ST014,服饰内衣,女装,外套,防晒衣,1,69.00,69.00,57.43,57.09,0.00,4.63,4.05,2.89,0.00,0.34,0.00,0.00,0.00,0.00,,,,湖北省,武汉,APP-iOS,否,否,否,,微信支付,否,,商家,否,否,否,否,是,否,顺丰速运,YT43328566137,已签收,
2705000223,已退款,2026-05-12 03:18:04,2026-05-13 08:50:09,2026-05-18,2026-05-12 06:41:30,2026-05-14,不锈钢保温杯大容量,PD00004,SP00004,SKU009,800ml-银色,SKU009,800ml-银色,ST009,家居生活,餐饮用具,保温杯,不锈钢保温杯,1,65.00,65.00,58.11,57.76,0.00,2.76,2.41,1.72,0.00,0.35,0.00,0.00,0.00,19.60,发错货/漏发,仅退款,退款成功,湖南省,长沙,网页,否,否,否,,花呗分期,否,,,否,否,否,否,否,是,中通快递,YT31310307596,运输中,
2705000124,已付款,2026-05-12 06:43:25,2026-05-12 20:38:05,2026-05-18,2026-05-12 14:52:55,2026-05-14,不锈钢保温杯大容量,PD00004,SP00004,SKU009,800ml-银色,SKU009,800ml-银色,ST009,家居生活,餐饮用具,保温杯,不锈钢保温杯,3,65.00,195.00,151.45,150.54,0.00,17.42,15.24,10.89,0.00,0.91,0.00,0.00,0.00,0.00,,,,北京市,北京,H5,否,否,否,,支付宝,否,,,否,是,否,否,否,否,圆通速递,YT76687745078,运输中,
2705000301,已发货,2026-05-12 09:40:52,2026-05-14 20:51:45,2026-05-16,2026-05-12 15:17:14,2026-05-14,桌面手机支架可折叠,PD00008,SP00008,SKU018,升级款-银色,SKU018,升级款-银色,ST018,数码电器,手机配件,支架,桌面支架,1,29.90,29.90,24.09,23.95,0.00,1.72,1.51,1.08,1.50,0.14,0.00,0.00,0.00,0.00,,,,湖南省,长沙,小程序,否,否,否,,微信支付,否,,,是,否,否,否,否,否,顺丰速运,YT87392436679,运输中,
2705000139,已完成,2026-05-12 10:29:09,2026-05-13 11:47:22,2026-05-17,2026-05-12 04:41:27,2026-05-14,男士运动休闲鞋透气款,PD00005,SP00005,SKU010,39码-黑色,SKU010,39码-黑色,ST010,运动户外,运动鞋服,运动鞋,跑步鞋,1,119.00,119.00,107.97,107.32,0.00,4.41,3.86,2.76,0.00,0.65,0.00,0.00,0.00,0.00,,,换货,河南省,郑州,网页,否,否,否,,微信支付,否,,,否,否,否,否,否,否,韵达快递,YT14864721065,已签收,
2705000334,已退款,2026-05-12 11:33:52,2026-05-15 13:12:18,2026-05-17,2026-05-12 08:25:56,2026-05-14,男士运动休闲鞋透气款,PD00005,SP00005,SKU011,40码-黑色,SKU011,40码-黑色,ST011,运动户外,运动鞋服,运动鞋,跑步鞋,1,119.00,119.00,112.72,112.04,0.00,2.51,2.20,1.57,0.00,0.68,0.00,0.00,0.00,82.69,七天无理由退货,仅退款,退款成功,云南省,昆明,网页,否,否,否,,花呗分期,否,,,否,否,否,否,否,否,极兔速递,YT77031537787,运输中,
2705000358,已取消,2026-05-12 14:57:57,,,2026-05-12 12:19:21,2026-05-14,不锈钢保温杯大容量,PD00004,SP00004,SKU008,500ml-黑色,SKU008,500ml-黑色,ST008,家居生活,餐饮用具,保温杯,不锈钢保温杯,5,45.00,225.00,172.71,171.67,0.00,20.92,18.30,13.07,0.00,1.04,0.00,0.00,0.00,0.00,,,,辽宁省,沈阳,APP-iOS,否,否,否,,支付宝,否,,,否,否,否,否,否,否,顺丰速运,YT56216136205,,
2705000379,已完成,2026-05-12 15:37:02,2026-05-14 14:39:56,2026-05-15,2026-05-12 15:09:50,2026-05-14,男士运动休闲鞋透气款,PD00005,SP00005,SKU012,41码-白色,SKU012,41码-白色,ST012,运动户外,运动鞋服,运动鞋,跑步鞋,2,119.00,238.00,184.22,183.11,0.00,16.75,14.66,10.47,11.90,1.11,0.00,0.00,0.00,147.28,七天无理由退货,退货退款,退款成功,福建省,厦门,APP-iOS,否,否,否,,花呗分期,否,12,,否,否,否,否,否,否,极兔速递,YT16439582043,运输中,
2705000515,已取消,2026-05-12 16:17:04,,,2026-05-12 01:41:51,2026-05-14,桌面手机支架可折叠,PD00008,SP00008,SKU018,升级款-银色,SKU018,升级款-银色,ST018,数码电器,手机配件,支架,桌面支架,1,29.90,29.90,24.68,24.53,0.00,1.49,1.30,0.93,1.50,0.15,0.00,0.00,0.00,0.00,,,,广东省,广州,H5,是,否,否,,支付宝,否,,,否,否,否,否,否,否,中通快递,YT59986714056,,
2705000469,已签收,2026-05-12 18:09:15,2026-05-13 22:07:10,2026-05-14,2026-05-12 12:39:50,2026-05-14,不锈钢保温杯大容量,PD00004,SP00004,SKU008,500ml-黑色,SKU008,500ml-黑色,ST008,家居生活,餐饮用具,保温杯,不锈钢保温杯,2,45.00,90.00,72.75,72.31,0.00,5.10,4.46,3.19,4.50,0.44,0.00,0.00,0.00,0.00,,,,陕西省,西安,小程序,否,是,否,,支付宝,否,,,否,否,否,否,是,否,邮政快递,YT78063017975,已签收,
2705000483,已完成,2026-05-12 19:41:06,2026-05-15 04:23:44,2026-05-19,2026-05-12 07:22:51,2026-05-14,儿童益智积木拼装玩具,PD00003,SP00003,SKU006,大颗粒100粒,SKU006,大颗粒100粒,ST006,母婴玩具,益智玩具,积木,大颗粒积木,1,59.00,59.00,53.96,53.42,0.00,0.84,0.73,0.52,2.95,0.54,0.00,0.00,0.00,0.00,,,,福建省,厦门,APP-Android,否,是,否,,微信支付,否,,,否,否,否,否,否,否,韵达快递,YT56708957946,运输中,
2705000280,已取消,2026-05-13 02:51:38,,,2026-05-13 07:19:47,2026-05-15,不锈钢保温杯大容量,PD00004,SP00004,SKU009,800ml-银色,SKU009,800ml-银色,ST009,家居生活,餐饮用具,保温杯,不锈钢保温杯,3,65.00,195.00,142.90,142.04,0.00,16.94,14.82,10.59,9.75,0.86,0.00,0.00,0.00,0.00,,,,陕西省,西安,小程序,否,否,否,,多多支付,否,6,,否,否,否,否,否,否,中通快递,YT31162702149,,
2705000272,已取消,2026-05-13 07:47:25,,,2026-05-13 08:01:24,2026-05-15,儿童益智积木拼装玩具,PD00003,SP00003,SKU006,大颗粒100粒,SKU006,大颗粒100粒,ST006,母婴玩具,益智玩具,积木,大颗粒积木,3,59.00,177.00,169.36,168.34,0.00,3.06,2.67,1.91,0.00,1.02,0.00,0.00,0.00,0.00,,,,湖北省,武汉,APP-Android,否,否,否,,微信支付,否,,,是,否,否,否,否,否,极兔速递,YT94761536558,,
2705000005,已签收,2026-05-13 11:47:19,2026-05-13 18:46:00,2026-05-16,2026-05-13 06:21:55,2026-05-15,桌面手机支架可折叠,PD00008,SP00008,SKU018,升级款-银色,SKU018,升级款-银色,ST018,数码电器,手机配件,支架,桌面支架,1,29.90,29.90,23.95,23.71,0.00,1.78,1.56,1.11,1.50,0.24,0.00,0.00,0.00,0.00,,,,江西省,南昌,APP-iOS,否,否,否,,支付宝,否,,,否,否,否,否,否,否,邮政快递,YT52993598454,运输中,
2705000404,已完成,2026-05-13 16:50:01,2026-05-15 22:06:08,2026-05-19,2026-05-13 15:07:20,2026-05-15,不锈钢保温杯大容量,PD00004,SP00004,SKU009,800ml-银色,SKU009,800ml-银色,ST009,家居生活,餐饮用具,保温杯,不锈钢保温杯,2,65.00,130.00,114.11,113.43,0.00,6.36,5.56,3.97,0.00,0.68,0.00,0.00,0.00,0.00,,,,广东省,广州,APP-iOS,否,否,否,,微信支付,否,,,否,否,否,否,否,是,申通快递,YT23671251708,已签收,
2705000321,已发货,2026-05-13 19:04:29,2026-05-13 18:09:28,2026-05-20,2026-05-13 23:02:55,2026-05-15,男士运动休闲鞋透气款,PD00005,SP00005,SKU012,41码-白色,SKU012,41码-白色,ST012,运动户外,运动鞋服,运动鞋,跑步鞋,1,119.00,119.00,89.80,89.26,0.00,11.68,10.22,7.30,0.00,0.54,0.00,0.00,0.00,0.00,,,,山东省,青岛,网页,否,否,否,,支付宝,否,,,否,否,否,否,否,否,中通快递,YT22747529089,运输中,
2705000316,已签收,2026-05-14 02:23:53,2026-05-14 19:07:03,2026-05-21,2026-05-14 06:42:46,2026-05-16,不锈钢保温杯大容量,PD00004,SP00004,SKU009,800ml-银色,SKU009,800ml-银色,ST009,家居生活,餐饮用具,保温杯,不锈钢保温杯,5,65.00,325.00,290.77,289.03,0.00,13.69,11.98,8.56,0.00,1.74,0.00,0.00,0.00,0.00,,,,湖北省,武汉,网页,否,否,否,,支付宝,否,,,否,否,否,否,否,否,极兔速递,YT93825981633,运输中,
2705000366,已付款,2026-05-14 03:07:58,2026-05-14 22:30:36,2026-05-16,2026-05-14 10:26:59,2026-05-16,有机红枣夹核桃500g,PD00007,SP00007,SKU015,500g袋装,SKU015,500g袋装,ST015,食品生鲜,坚果零食,红枣,夹心红枣,2,39.00,78.00,66.26,65.86,0.00,3.14,2.74,1.96,3.90,0.40,0.00,0.00,0.00,0.00,,,,四川省,成都,小程序,是,否,否,,花呗分期,否,,,否,否,否,否,否,否,极兔速递,YT20730787546,运输中,
2705000330,待发货,2026-05-14 05:49:10,2026-05-15 18:32:50,2026-05-22,2026-05-14 23:54:25,2026-05-16,桌面手机支架可折叠,PD00008,SP00008,SKU018,升级款-银色,SKU018,升级款-银色,ST018,数码电器,手机配件,支架,桌面支架,3,29.90,89.70,74.37,73.92,0.00,6.13,5.37,3.83,0.00,0.45,0.00,0.00,0.00,0.00,,,,上海市,上海,小程序,否,否,否,,多多支付,否,,,是,否,否,否,否,否,邮政快递,YT48134504974,运输中,
2705000273,待发货,2026-05-14 09:34:05,2026-05-15 22:08:17,2026-05-18,2026-05-14 03:51:03,2026-05-16,无线蓝牙耳机Pro版,PD00002,SP00002,SKU005,白色降噪版,SKU005,白色降噪版,ST005,数码电器,影音设备,耳机,无线耳机,1,189.00,189.00,167.58,166.57,0.00,4.79,4.19,2.99,9.45,1.01,0.00,0.00,0.00,0.00,,,,四川省,成都,APP-iOS,否,否,否,,支付宝,否,3,,否,否,否,否,是,否,邮政快递,YT59056401775,派送中,
2705000493,已取消,2026-05-14 10:10:52,,,2026-05-14 18:09:25,2026-05-16,夏季冰丝凉席三件套,PD00001,SP00001,SKU002,1.8m床-灰色,SKU002,1.8m床-灰色,ST002,家居生活,床上用品,凉席,冰丝凉席,1,109.00,109.00,90.47,89.93,0.00,5.23,4.58,3.27,5.45,0.54,0.00,0.00,0.00,0.00,,,,河北省,石家庄,APP-Android,否,否,否,,多多支付,否,,,否,否,否,否,否,否,顺丰速运,YT54513040495,,
2705000085,已付款,2026-05-14 13:13:15,2026-05-16 10:23:31,2026-05-21,2026-05-14 00:38:04,2026-05-16,夏季冰丝凉席三件套,PD00001,SP00001,SKU002,1.8m床-灰色,SKU002,1.8m床-灰色,ST002,家居生活,床上用品,凉席,冰丝凉席,3,109.00,327.00,250.25,247.75,0.00,24.16,21.14,15.10,16.35,2.50,0.00,0.00,0.00,0.00,,,,湖北省,武汉,APP-iOS,否,否,否,,多多支付,否,,,否,否,否,否,否,否,韵达快递,YT94855761377,已签收,
2705000480,已完成,2026-05-14 13:39:46,2026-05-14 15:20:01,2026-05-19,2026-05-14 20:11:28,2026-05-16,女士防晒衣轻薄透气,PD00006,SP00006,SKU014,L码-粉色,SKU014,L码-粉色,ST014,服饰内衣,女装,外套,防晒衣,2,69.00,138.00,127.68,126.40,0.00,4.13,3.61,2.58,0.00,1.28,0.00,0.00,0.00,0.00,,,,河南省,郑州,APP-Android,否,否,否,,花呗分期,否,,,否,否,否,否,否,否,中通快递,YT93037805991,派送中,
2705000385,待发货,2026-05-14 13:45:21,2026-05-16 13:13:58,2026-05-21,2026-05-14 02:02:37,2026-05-16,桌面手机支架可折叠,PD00008,SP00008,SKU017,基础款-黑色,SKU017,基础款-黑色,ST017,数码电器,手机配件,支架,桌面支架,5,19.90,99.50,91.33,90.42,0.00,3.27,2.86,2.04,0.00,0.91,0.00,0.00,0.00,0.00,,,,上海市,上海,小程序,否,否,否,,花呗分期,否,,,否,否,否,否,否,否,圆通速递,YT52707397349,已签收,
2705000020,已退款,2026-05-14 14:47:01,2026-05-16 16:38:19,2026-05-23,2026-05-14 14:21:36,2026-05-16,桌面手机支架可折叠,PD00008,SP00008,SKU017,基础款-黑色,SKU017,基础款-黑色,ST017,数码电器,手机配件,支架,桌面支架,1,19.90,19.90,16.14,16.04,0.00,1.50,1.32,0.94,0.00,0.10,0.00,0.00,0.00,7.67,商品与描述不符,仅退款,退款成功,福建省,厦门,H5,否,否,否,,花呗分期,否,,,否,否,否,否,否,否,中通快递,YT45269434427,派送中,
2705000311,已退款,2026-05-14 19:55:19,2026-05-16 16:00:50,2026-05-23,2026-05-14 18:42:41,2026-05-16,桌面手机支架可折叠,PD00008,SP00008,SKU017,基础款-黑色,SKU017,基础款-黑色,ST017,数码电器,手机配件,支架,桌面支架,2,19.90,39.80,28.50,28.33,0.00,3.72,3.26,2.33,1.99,0.17,0.00,0.00,0.00,17.58,质量问题,退货退款,退款成功,湖南省,长沙,APP-iOS,否,否,否,,花呗分期,否,,,否,否,否,否,是,否,极兔速递,YT63868699566,运输中,
2705000093,已签收,2026-05-14 20:10:08,2026-05-16 01:37:48,2026-05-17,2026-05-14 12:47:09,2026-05-16,夏季冰丝凉席三件套,PD00001,SP00001,SKU003,1.5m床-蓝色,SKU003,1.5m床-蓝色,ST003,家居生活,床上用品,凉席,冰丝凉席,1,89.00,89.00,88.55,88.02,0.00,0.18,0.16,0.11,0.00,0.53,0.00,0.00,0.00,0.00,,,,天津市,天津,H5,否,否,否,,支付宝,否,,,是,否,否,否,否,否,极兔速递,YT54586217522,已签收,
2705000195,已签收,2026-05-15 00:01:30,2026-05-16 00:54:49,2026-05-21,2026-05-15 09:57:21,2026-05-17,桌面手机支架可折叠,PD00008,SP00008,SKU017,基础款-黑色,SKU017,基础款-黑色,ST017,数码电器,手机配件,支架,桌面支架,2,19.90,39.80,38.08,37.85,0.00,0.69,0.60,0.43,0.00,0.23,0.00,0.00,0.00,0.00,,,,辽宁省,沈阳,网页,否,否,否,,支付宝,否,,,是,否,否,否,否,否,顺丰速运,YT80221392582,运输中,
2705000461,已取消,2026-05-15 03:01:48,,,2026-05-15 20:47:36,2026-05-17,儿童益智积木拼装玩具,PD00003,SP00003,SKU007,大颗粒200粒,SKU007,大颗粒200粒,ST007,母婴玩具,益智玩具,积木,大颗粒积木,3,99.00,297.00,234.52,233.11,0.00,24.99,21.87,15.62,0.00,1.41,0.00,0.00,0.00,0.00,,,,上海市,上海,小程序,否,否,否,,微信支付,否,3,,是,否,否,否,否,否,极兔速递,YT86142377096,,
2705000504,待发货,2026-05-15 04:37:50,2026-05-16 13:35:42,2026-05-22,2026-05-15 05:25:02,2026-05-17,女士防晒衣轻薄透气,PD00006,SP00006,SKU013,M码-浅蓝,SKU013,M码-浅蓝,ST013,服饰内衣,女装,外套,防晒衣,1,69.00,69.00,52.20,51.89,0.00,6.72,5.88,4.20,0.00,0.31,0.00,0.00,0.00,0.00,,,,云南省,昆明,小程序,否,否,否,,支付宝,否,,,否,否,否,否,是,是,韵达快递,YT96758587795,已签收,
2705000096,已付款,2026-05-15 05:02:05,2026-05-16 07:43:44,2026-05-18,2026-05-15 11:02:07,2026-05-17,夏季冰丝凉席三件套,PD00001,SP00001,SKU003,1.5m床-蓝色,SKU003,1.5m床-蓝色,ST003,家居生活,床上用品,凉席,冰丝凉席,2,89.00,178.00,136.70,135.88,0.00,12.96,11.34,8.10,8.90,0.82,0.00,0.00,0.00,100.01,商品与描述不符,退货退款,退款成功,福建省,厦门,H5,否,否,否,,支付宝,否,,买家,否,否,否,否,否,否,申通快递,YT36584613453,运输中,
2705000197,已完成,2026-05-15 08:21:47,2026-05-16 09:52:50,2026-05-18,2026-05-15 00:07:14,2026-05-17,无线蓝牙耳机Pro版,PD00002,SP00002,SKU004,黑色标准版,SKU004,黑色标准版,ST004,数码电器,影音设备,耳机,无线耳机,3,129.00,387.00,344.42,342.35,0.00,9.29,8.13,5.81,19.35,2.07,0.00,0.00,0.00,0.00,,,,广西,南宁,APP-Android,否,否,否,,多多支付,否,,,是,否,否,否,否,否,申通快递,YT32788411580,运输中,集运
2705000169,已签收,2026-05-15 12:18:25,2026-05-18 17:16:45,2026-05-24,2026-05-15 19:52:40,2026-05-17,夏季冰丝凉席三件套,PD00001,SP00001,SKU003,1.5m床-蓝色,SKU003,1.5m床-蓝色,ST003,家居生活,床上用品,凉席,冰丝凉席,3,89.00,267.00,263.62,262.04,0.00,1.35,1.18,0.85,0.00,1.58,0.00,0.00,0.00,0.00,,,,山东省,青岛,APP-iOS,否,否,否,,多多支付,否,,,否,否,否,否,否,否,韵达快递,YT13094802302,已签收,
2705000451,已签收,2026-05-15 13:09:58,2026-05-18 08:07:16,2026-05-22,2026-05-15 20:28:21,2026-05-17,不锈钢保温杯大容量,PD00004,SP00004,SKU008,500ml-黑色,SKU008,500ml-黑色,ST008,家居生活,餐饮用具,保温杯,不锈钢保温杯,1,45.00,45.00,38.65,38.42,0.00,2.54,2.22,1.59,0.00,0.23,0.00,0.00,0.00,0.00,,,,广西,南宁,H5,否,否,否,,微信支付,否,,,否,否,否,否,否,是,圆通速递,YT68416596032,运输中,
2705000468,已取消,2026-05-15 14:04:58,,,2026-05-15 17:35:20,2026-05-17,女士防晒衣轻薄透气,PD00006,SP00006,SKU014,L码-粉色,SKU014,L码-粉色,ST014,服饰内衣,女装,外套,防晒衣,1,69.00,69.00,60.60,60.24,0.00,1.98,1.73,1.24,3.45,0.36,0.00,0.00,0.00,0.00,,,,北京市,北京,小程序,否,否,否,,微信支付,否,,,否,否,否,否,是,否,中通快递,YT45998600160,,
2705000101,待发货,2026-05-15 18:18:14,2026-05-16 02:52:16,2026-05-17,2026-05-15 04:17:28,2026-05-17,女士防晒衣轻薄透气,PD00006,SP00006,SKU013,M码-浅蓝,SKU013,M码-浅蓝,ST013,服饰内衣,女装,外套,防晒衣,3,69.00,207.00,179.22,178.14,0.00,6.97,6.10,4.36,10.35,1.08,0.00,0.00,0.00,0.00,,,,重庆市,重庆,网页,否,否,否,,多多支付,否,,,否,否,否,否,否,否,中通快递,YT92454526369,运输中,
2705000294,已签收,2026-05-15 19:58:37,2026-05-16 10:07:35,2026-05-17,2026-05-15 08:46:13,2026-05-17,男士运动休闲鞋透气款,PD00005,SP00005,SKU010,39码-黑色,SKU010,39码-黑色,ST010,运动户外,运动鞋服,运动鞋,跑步鞋,5,119.00,595.00,528.75,525.58,0.00,26.50,23.19,16.56,0.00,3.17,0.00,0.00,0.00,0.00,,,,河北省,石家庄,APP-Android,否,否,否,,花呗分期,否,,,否,否,否,否,否,否,韵达快递,YT13304432007,运输中,
2705000118,已付款,2026-05-15 22:13:31,2026-05-16 10:36:45,2026-05-22,2026-05-15 08:10:20,2026-05-17,不锈钢保温杯大容量,PD00004,SP00004,SKU009,800ml-银色,SKU009,800ml-银色,ST009,家居生活,餐饮用具,保温杯,不锈钢保温杯,5,65.00,325.00,280.23,278.55,0.00,17.91,15.67,11.19,0.00,1.68,0.00,0.00,0.00,0.00,,,,湖南省,长沙,H5,否,否,否,,花呗分期,否,,,否,否,否,否,否,否,邮政快递,YT65758747990,派送中,
2705000018,已发货,2026-05-16 01:01:02,2026-05-19 08:43:37,2026-05-20,2026-05-16 18:33:11,2026-05-18,男士运动休闲鞋透气款,PD00005,SP00005,SKU010,39码-黑色,SKU010,39码-黑色,ST010,运动户外,运动鞋服,运动鞋,跑步鞋,1,119.00,119.00,92.23,91.68,0.00,10.71,9.37,6.69,0.00,0.55,0.00,0.00,0.00,0.00,,,,浙江省,杭州,网页,否,否,否,,支付宝,否,,,否,否,否,否,否,否,中通快递,YT64786271108,运输中,
2705000389,已签收,2026-05-16 02:04:06,2026-05-16 20:45:21,2026-05-17,2026-05-16 07:40:03,2026-05-18,桌面手机支架可折叠,PD00008,SP00008,SKU017,基础款-黑色,SKU017,基础款-黑色,ST017,数码电器,手机配件,支架,桌面支架,1,19.90,19.90,15.73,15.64,0.00,1.67,1.46,1.04,0.00,0.09,0.00,0.00,0.00,0.00,,,,四川省,成都,小程序,否,否,否,,花呗分期,否,6,,否,否,否,否,否,否,申通快递,YT65656567062,派送中,
2705000099,已退款,2026-05-16 08:15:52,2026-05-18 19:54:28,2026-05-23,2026-05-16 17:55:20,2026-05-18,有机红枣夹核桃500g,PD00007,SP00007,SKU016,1000g礼盒,SKU016,1000g礼盒,ST016,食品生鲜,坚果零食,红枣,夹心红枣,2,69.00,138.00,130.91,130.12,0.00,2.84,2.48,1.77,0.00,0.79,0.00,0.00,0.00,42.37,卖家发错尺码,退货退款,退款成功,江西省,南昌,APP-Android,否,否,否,,支付宝,否,,,否,否,否,否,否,是,中通快递,YT62006618325,运输中,
2705000245,已退款,2026-05-16 09:17:22,2026-05-16 10:08:54,2026-05-23,2026-05-16 23:15:58,2026-05-18,女士防晒衣轻薄透气,PD00006,SP00006,SKU013,M码-浅蓝,SKU013,M码-浅蓝,ST013,服饰内衣,女装,外套,防晒衣,1,69.00,69.00,66.57,66.17,0.00,0.97,0.85,0.61,0.00,0.40,0.00,0.00,0.00,36.37,不喜欢/效果不好,仅退款,退货退款,河南省,郑州,H5,否,否,否,,微信支付,否,,,否,否,否,否,否,否,邮政快递,YT77112663537,运输中,
2705000065,已签收,2026-05-16 09:21:35,2026-05-16 01:54:46,2026-05-18,2026-05-16 18:06:44,2026-05-18,女士防晒衣轻薄透气,PD00006,SP00006,SKU013,M码-浅蓝,SKU013,M码-浅蓝,ST013,服饰内衣,女装,外套,防晒衣,1,69.00,69.00,52.88,52.56,0.00,5.07,4.43,3.17,3.45,0.32,0.00,0.00,0.00,0.00,,,,广东省,广州,APP-iOS,否,否,否,,微信支付,否,,,否,否,否,否,否,否,极兔速递,YT63412975073,已签收,
2705000512,已取消,2026-05-16 09:53:48,,,2026-05-16 09:39:59,2026-05-18,不锈钢保温杯大容量,PD00004,SP00004,SKU008,500ml-黑色,SKU008,500ml-黑色,ST008,家居生活,餐饮用具,保温杯,不锈钢保温杯,1,45.00,45.00,41.11,40.86,0.00,1.56,1.36,0.97,0.00,0.25,0.00,0.00,0.00,0.00,,,,陕西省,西安,小程序,否,否,否,,花呗分期,否,,,否,否,否,否,否,否,申通快递,YT82632749353,,
2705000265,已签收,2026-05-16 11:09:42,2026-05-17 17:57:10,2026-05-23,2026-05-16 06:55:59,2026-05-18,儿童益智积木拼装玩具,PD00003,SP00003,SKU006,大颗粒100粒,SKU006,大颗粒100粒,ST006,母婴玩具,益智玩具,积木,大颗粒积木,3,59.00,177.00,141.35,140.50,0.00,14.26,12.48,8.91,0.00,0.85,0.00,0.00,0.00,100.14,物流太慢,仅退款,退款成功,重庆市,重庆,小程序,否,否,否,,支付宝,否,,,否,否,否,否,否,否,申通快递,YT71099066586,运输中,
2705000181,待发货,2026-05-16 14:50:16,2026-05-17 12:26:45,2026-05-22,2026-05-16 06:08:15,2026-05-18,不锈钢保温杯大容量,PD00004,SP00004,SKU008,500ml-黑色,SKU008,500ml-黑色,ST008,家居生活,餐饮用具,保温杯,不锈钢保温杯,2,45.00,90.00,70.95,70.24,0.00,5.82,5.09,3.64,4.50,0.71,0.00,0.00,0.00,0.00,,,,安徽省,合肥,APP-Android,否,否,否,,支付宝,否,,,否,否,否,否,否,否,极兔速递,YT41373975342,已签收,
2705000153,待发货,2026-05-16 14:56:42,2026-05-19 03:01:06,2026-05-25,2026-05-16 02:36:37,2026-05-18,不锈钢保温杯大容量,PD00004,SP00004,SKU009,800ml-银色,SKU009,800ml-银色,ST009,家居生活,餐饮用具,保温杯,不锈钢保温杯,2,65.00,130.00,107.50,106.85,0.00,6.40,5.60,4.00,6.50,0.65,60.88,0.00,0.00,0.00,,,,上海市,上海,H5,否,否,否,,支付宝,否,,,否,否,否,否,否,是,圆通速递,YT23399625571,已签收,
2705000035,待发货,2026-05-16 20:18:15,2026-05-18 17:13:03,2026-05-22,2026-05-16 11:59:19,2026-05-18,儿童益智积木拼装玩具,PD00003,SP00003,SKU006,大颗粒100粒,SKU006,大颗粒100粒,ST006,母婴玩具,益智玩具,积木,大颗粒积木,1,59.00,59.00,46.85,46.57,0.00,4.86,4.25,3.04,0.00,0.28,0.00,0.00,0.00,0.00,,,,上海市,上海,H5,否,否,否,,微信支付,否,,,是,否,否,否,否,否,极兔速递,YT76974742815,运输中,
2705000088,已付款,2026-05-17 01:12:13,2026-05-20 11:32:49,2026-05-25,2026-05-17 14:32:11,2026-05-19,有机红枣夹核桃500g,PD00007,SP00007,SKU015,500g袋装,SKU015,500g袋装,ST015,食品生鲜,坚果零食,红枣,夹心红枣,3,39.00,117.00,92.48,91.93,0.00,9.81,8.58,6.13,0.00,0.55,0.00,0.00,0.00,0.00,,,,北京市,北京,网页,否,否,否,,微信支付,否,,,否,否,否,否,否,否,顺丰速运,YT11087129800,运输中,
2705000414,已付款,2026-05-17 11:30:42,2026-05-18 01:15:42,2026-05-23,2026-05-17 22:30:59,2026-05-19,桌面手机支架可折叠,PD00008,SP00008,SKU018,升级款-银色,SKU018,升级款-银色,ST018,数码电器,手机配件,支架,桌面支架,2,29.90,59.80,55.95,55.61,0.00,1.54,1.35,0.96,0.00,0.34,0.00,0.00,0.00,0.00,,,,福建省,厦门,H5,否,否,否,,花呗分期,否,,,否,否,否,否,否,否,顺丰速运,YT42164110824,运输中,
2705000184,待发货,2026-05-17 13:50:34,2026-05-19 01:53:04,2026-05-22,2026-05-17 02:10:06,2026-05-19,有机红枣夹核桃500g,PD00007,SP00007,SKU015,500g袋装,SKU015,500g袋装,ST015,食品生鲜,坚果零食,红枣,夹心红枣,1,39.00,39.00,33.68,33.48,0.00,1.35,1.18,0.84,1.95,0.20,0.00,0.00,0.00,0.00,,,,江苏省,南京,网页,否,否,否,,花呗分期,否,,,否,否,否,否,否,否,极兔速递,YT30467953278,运输中,转运
2705000328,已退款,2026-05-17 14:06:13,2026-05-20 11:54:35,2026-05-22,2026-05-17 09:22:08,2026-05-19,男士运动休闲鞋透气款,PD00005,SP00005,SKU011,40码-黑色,SKU011,40码-黑色,ST011,运动户外,运动鞋服,运动鞋,跑步鞋,1,119.00,119.00,99.77,99.17,0.00,5.31,4.65,3.32,5.95,0.60,0.00,0.00,0.00,67.68,七天无理由退货,退货退款,退款成功,江西省,南昌,小程序,否,否,否,,花呗分期,否,6,,否,否,否,否,否,是,圆通速递,YT12457687703,运输中,
2705000498,已退款,2026-05-17 20:34:43,2026-05-19 11:12:25,2026-05-21,2026-05-17 21:43:11,2026-05-19,夏季冰丝凉席三件套,PD00001,SP00001,SKU002,1.8m床-灰色,SKU002,1.8m床-灰色,ST002,家居生活,床上用品,凉席,冰丝凉席,5,109.00,545.00,496.28,493.30,0.00,19.49,17.05,12.18,0.00,2.98,62.22,0.00,0.00,196.35,商品与描述不符,退货退款,退款成功,山东省,青岛,APP-iOS,否,否,否,,花呗分期,否,,,否,是,否,否,否,否,申通快递,YT15595460661,派送中,
2705000490,已完成,2026-05-18 01:34:51,2026-05-21 05:12:12,2026-05-26,2026-05-18 11:47:48,2026-05-20,有机红枣夹核桃500g,PD00007,SP00007,SKU015,500g袋装,SKU015,500g袋装,ST015,食品生鲜,坚果零食,红枣,夹心红枣,3,39.00,117.00,97.03,96.45,0.00,7.99,6.99,4.99,0.00,0.58,0.00,0.00,0.00,0.00,,,,安徽省,合肥,小程序,否,否,是,大悦城店,微信支付,否,,,是,否,否,否,是,否,顺丰速运,YT20357717429,运输中,
2705000055,已签收,2026-05-18 03:07:04,2026-05-19 03:26:58,2026-05-26,2026-05-18 08:31:09,2026-05-20,有机红枣夹核桃500g,PD00007,SP00007,SKU015,500g袋装,SKU015,500g袋装,ST015,食品生鲜,坚果零食,红枣,夹心红枣,2,39.00,78.00,72.70,72.26,0.00,0.56,0.49,0.35,3.90,0.44,0.00,0.00,0.00,0.00,,,,安徽省,合肥,H5,否,否,否,,花呗分期,否,,,否,否,否,否,否,否,顺丰速运,YT19280565543,派送中,
2705000166,已付款,2026-05-18 03:53:07,2026-05-21 13:23:38,2026-05-25,2026-05-18 13:30:04,2026-05-20,女士防晒衣轻薄透气,PD00006,SP00006,SKU013,M码-浅蓝,SKU013,M码-浅蓝,ST013,服饰内衣,女装,外套,防晒衣,1,69.00,69.00,54.57,54.24,0.00,5.77,5.05,3.61,0.00,0.33,0.00,0.00,0.00,0.00,,,,湖南省,长沙,H5,否,否,否,,支付宝,否,,,否,否,否,否,否,否,圆通速递,YT30117721480,派送中,
2705000110,已完成,2026-05-18 11:16:29,2026-05-20 00:24:15,2026-05-24,2026-05-18 11:35:47,2026-05-20,男士运动休闲鞋透气款,PD00005,SP00005,SKU010,39码-黑色,SKU010,39码-黑色,ST010,运动户外,运动鞋服,运动鞋,跑步鞋,1,119.00,119.00,101.35,100.74,0.00,7.06,6.18,4.41,0.00,0.61,0.00,0.00,0.00,0.00,,,,重庆市,重庆,H5,否,否,否,,支付宝,否,,,否,否,否,否,否,否,申通快递,YT82063840960,已签收,
2705000370,已退款,2026-05-18 11:19:14,2026-05-20 07:05:18,2026-05-24,2026-05-18 04:42:53,2026-05-20,女士防晒衣轻薄透气,PD00006,SP00006,SKU013,M码-浅蓝,SKU013,M码-浅蓝,ST013,服饰内衣,女装,外套,防晒衣,2,69.00,138.00,113.00,112.32,0.00,10.00,8.75,6.25,0.00,0.68,0.00,0.00,0.00,65.72,发错货/漏发,退货退款,退款成功,湖南省,长沙,H5,否,否,否,,支付宝,否,,,否,否,否,否,否,否,中通快递,YT97057009268,运输中,
2705000111,已退款,2026-05-18 20:11:41,2026-05-19 10:36:02,2026-05-20,2026-05-18 07:20:47,2026-05-20,女士防晒衣轻薄透气,PD00006,SP00006,SKU013,M码-浅蓝,SKU013,M码-浅蓝,ST013,服饰内衣,女装,外套,防晒衣,1,69.00,69.00,67.06,66.66,0.00,0.78,0.68,0.48,0.00,0.40,0.00,0.00,0.00,66.61,七天无理由退货,仅退款,退货退款,安徽省,合肥,网页,否,是,否,,多多支付,否,,买家,否,否,否,否,否,否,极兔速递,YT10772012791,运输中,
2705000380,已退款,2026-05-18 21:41:48,2026-05-20 09:45:40,2026-05-27,2026-05-18 04:09:45,2026-05-20,有机红枣夹核桃500g,PD00007,SP00007,SKU016,1000g礼盒,SKU016,1000g礼盒,ST016,食品生鲜,坚果零食,红枣,夹心红枣,2,69.00,138.00,125.68,124.93,0.00,4.93,4.31,3.08,0.00,0.75,0.00,0.00,0.00,115.34,收到商品破损,仅退款,退款成功,湖南省,长沙,小程序,否,否,否,,微信支付,否,,商家,否,否,否,否,否,是,圆通速递,YT59438789506,运输中,
2705000125,已完成,2026-05-18 23:49:03,2026-05-19 03:14:18,2026-05-26,2026-05-18 20:23:04,2026-05-20,有机红枣夹核桃500g,PD00007,SP00007,SKU015,500g袋装,SKU015,500g袋装,ST015,食品生鲜,坚果零食,红枣,夹心红枣,2,39.00,78.00,71.37,70.94,0.00,2.65,2.32,1.66,0.00,0.43,0.00,0.00,0.00,0.00,,,,北京市,北京,APP-iOS,否,否,否,,花呗分期,否,,买家,否,否,否,否,否,否,圆通速递,YT71804580482,已签收,
2705000478,已退款,2026-05-18 23:57:15,2026-05-18 13:20:30,2026-05-23,2026-05-18 02:12:17,2026-05-20,女士防晒衣轻薄透气,PD00006,SP00006,SKU013,M码-浅蓝,SKU013,M码-浅蓝,ST013,服饰内衣,女装,外套,防晒衣,1,69.00,69.00,62.05,61.68,0.00,2.78,2.43,1.74,0.00,0.37,0.00,0.00,0.00,23.19,商品与描述不符,仅退款,退款成功,山东省,青岛,H5,否,否,否,,花呗分期,否,,,否,是,否,否,否,否,顺丰速运,YT57677333728,运输中,
2705000059,已完成,2026-05-19 00:26:48,2026-05-20 10:37:34,2026-05-24,2026-05-19 19:10:01,2026-05-21,女士防晒衣轻薄透气,PD00006,SP00006,SKU013,M码-浅蓝,SKU013,M码-浅蓝,ST013,服饰内衣,女装,外套,防晒衣,1,69.00,69.00,54.43,54.10,0.00,4.45,3.89,2.78,3.45,0.33,0.00,0.00,0.00,0.00,,,,山东省,青岛,小程序,否,否,否,,支付宝,否,,,否,否,否,否,否,否,圆通速递,YT28297305325,运输中,
2705000121,已发货,2026-05-19 00:54:21,2026-05-22 07:59:10,2026-05-29,2026-05-19 15:55:33,2026-05-21,不锈钢保温杯大容量,PD00004,SP00004,SKU009,800ml-银色,SKU009,800ml-银色,ST009,家居生活,餐饮用具,保温杯,不锈钢保温杯,5,65.00,325.00,306.60,304.76,0.00,7.36,6.44,4.60,0.00,1.84,0.00,0.00,0.00,0.00,,,补发,重庆市,重庆,APP-iOS,否,否,否,,支付宝,否,,,否,否,否,否,否,否,邮政快递,YT62233602736,派送中,
2705000300,已发货,2026-05-19 02:03:50,2026-05-20 19:53:15,2026-05-22,2026-05-19 15:52:43,2026-05-21,儿童益智积木拼装玩具,PD00003,SP00003,SKU007,大颗粒200粒,SKU007,大颗粒200粒,ST007,母婴玩具,益智玩具,积木,大颗粒积木,1,99.00,99.00,76.75,76.29,0.00,8.90,7.79,5.56,0.00,0.46,0.00,0.00,0.00,0.00,,,,山东省,青岛,APP-iOS,否,否,否,,支付宝,否,,,否,否,否,否,否,否,韵达快递,YT49695538602,已签收,集运
2705000511,已退款,2026-05-19 05:00:01,2026-05-19 15:06:44,2026-05-22,2026-05-19 14:09:24,2026-05-21,有机红枣夹核桃500g,PD00007,SP00007,SKU016,1000g礼盒,SKU016,1000g礼盒,ST016,食品生鲜,坚果零食,红枣,夹心红枣,5,69.00,345.00,336.25,334.23,0.00,3.50,3.06,2.19,0.00,2.02,0.00,0.00,0.00,170.08,发错货/漏发,仅退款,退款成功,辽宁省,沈阳,APP-iOS,是,否,否,,支付宝,否,6,,否,否,否,否,否,否,极兔速递,YT53602235737,运输中,
2705000298,已退款,2026-05-19 07:27:05,2026-05-20 11:25:22,2026-05-22,2026-05-19 03:55:08,2026-05-21,女士防晒衣轻薄透气,PD00006,SP00006,SKU014,L码-粉色,SKU014,L码-粉色,ST014,服饰内衣,女装,外套,防晒衣,2,69.00,138.00,132.45,131.13,0.00,2.22,1.94,1.39,0.00,1.32,0.00,0.00,0.00,114.30,发错货/漏发,退货退款,退款成功,河北省,石家庄,APP-Android,否,否,否,,支付宝,否,,,否,否,否,否,否,否,邮政快递,YT18059145055,运输中,
2705000253,已付款,2026-05-19 11:17:04,2026-05-20 07:22:33,2026-05-24,2026-05-19 13:20:16,2026-05-21,男士运动休闲鞋透气款,PD00005,SP00005,SKU011,40码-黑色,SKU011,40码-黑色,ST011,运动户外,运动鞋服,运动鞋,跑步鞋,1,119.00,119.00,89.83,89.29,0.00,9.29,8.13,5.80,5.95,0.54,0.00,0.00,0.00,0.00,,,,河南省,郑州,小程序,否,否,否,,多多支付,否,,,否,否,否,否,否,否,中通快递,YT41734686283,运输中,
2705000013,已付款,2026-05-19 11:40:36,2026-05-21 15:41:00,2026-05-23,2026-05-19 03:05:31,2026-05-21,不锈钢保温杯大容量,PD00004,SP00004,SKU008,500ml-黑色,SKU008,500ml-黑色,ST008,家居生活,餐饮用具,保温杯,不锈钢保温杯,2,45.00,90.00,80.32,79.84,0.00,3.87,3.39,2.42,0.00,0.48,0.00,0.00,0.00,0.00,,,,江苏省,南京,H5,否,否,否,,花呗分期,否,,,否,否,否,否,是,否,中通快递,YT14247173927,派送中,
2705000108,已发货,2026-05-19 19:44:08,2026-05-20 15:43:14,2026-05-25,2026-05-19 17:56:23,2026-05-21,不锈钢保温杯大容量,PD00004,SP00004,SKU008,500ml-黑色,SKU008,500ml-黑色,ST008,家居生活,餐饮用具,保温杯,不锈钢保温杯,5,45.00,225.00,169.83,168.81,0.00,17.57,15.37,10.98,11.25,1.02,0.00,0.00,0.00,0.00,,,,陕西省,西安,APP-Android,否,否,否,,微信支付,否,,,否,否,否,否,否,否,申通快递,YT36596219035,运输中,
2705000091,已签收,2026-05-20 08:58:09,2026-05-21 05:58:55,2026-05-24,2026-05-20 19:48:43,2026-05-22,男士运动休闲鞋透气款,PD00005,SP00005,SKU011,40码-黑色,SKU011,40码-黑色,ST011,运动户外,运动鞋服,运动鞋,跑步鞋,1,119.00,119.00,106.32,105.68,0.00,5.07,4.44,3.17,0.00,0.64,0.00,0.00,0.00,0.00,,,,安徽省,合肥,小程序,否,否,否,,多多支付,否,,,否,否,否,否,否,是,邮政快递,YT27314460274,运输中,
2705000332,已发货,2026-05-20 11:50:53,2026-05-23 15:21:40,2026-05-26,2026-05-20 08:00:56,2026-05-22,男士运动休闲鞋透气款,PD00005,SP00005,SKU012,41码-白色,SKU012,41码-白色,ST012,运动户外,运动鞋服,运动鞋,跑步鞋,1,119.00,119.00,98.60,98.01,0.00,5.78,5.06,3.61,5.95,0.59,0.00,0.00,0.00,0.00,,,,上海市,上海,APP-iOS,否,否,否,,支付宝,否,,买家,否,否,否,否,否,否,申通快递,YT95829294836,运输中,
2705000084,已退款,2026-05-20 13:30:05,2026-05-22 15:25:21,2026-05-27,2026-05-20 11:01:22,2026-05-22,男士运动休闲鞋透气款,PD00005,SP00005,SKU012,41码-白色,SKU012,41码-白色,ST012,运动户外,运动鞋服,运动鞋,跑步鞋,1,119.00,119.00,114.20,113.51,0.00,1.92,1.68,1.20,0.00,0.69,0.00,0.00,0.00,73.08,卖家发错尺码,仅退款,退款成功,江西省,南昌,网页,否,否,否,,花呗分期,否,,,否,否,否,否,否,否,韵达快递,YT34283139692,已签收,
2705000360,已发货,2026-05-20 17:00:06,2026-05-21 22:52:01,2026-05-26,2026-05-20 22:36:31,2026-05-22,儿童益智积木拼装玩具,PD00003,SP00003,SKU007,大颗粒200粒,SKU007,大颗粒200粒,ST007,母婴玩具,益智玩具,积木,大颗粒积木,2,99.00,198.00,168.18,167.17,0.00,11.93,10.44,7.45,0.00,1.01,0.00,0.00,0.00,0.00,,,,河北省,石家庄,网页,否,否,否,,微信支付,否,,,是,否,否,否,否,否,中通快递,YT86369125302,派送中,
2705000295,待发货,2026-05-21 00:10:16,2026-05-22 11:35:16,2026-05-24,2026-05-21 19:30:45,2026-05-23,男士运动休闲鞋透气款,PD00005,SP00005,SKU011,40码-黑色,SKU011,40码-黑色,ST011,运动户外,运动鞋服,运动鞋,跑步鞋,1,119.00,119.00,93.87,93.31,0.00,7.67,6.71,4.80,5.95,0.56,0.00,0.00,0.00,0.00,,,,广西,南宁,APP-iOS,否,否,否,,花呗分期,否,,,否,否,否,否,否,否,中通快递,YT57974812807,派送中,
2705000063,已发货,2026-05-21 02:05:15,2026-05-22 09:11:43,2026-05-24,2026-05-21 20:54:18,2026-05-23,夏季冰丝凉席三件套,PD00001,SP00001,SKU003,1.5m床-蓝色,SKU003,1.5m床-蓝色,ST003,家居生活,床上用品,凉席,冰丝凉席,5,89.00,445.00,361.44,359.27,0.00,33.42,29.25,20.89,0.00,2.17,68.17,0.00,0.00,0.00,,,,上海市,上海,APP-iOS,是,否,否,,多多支付,否,6,,否,否,否,否,否,否,顺丰速运,YT78295817944,运输中,
2705000064,已发货,2026-05-21 03:11:53,2026-05-23 16:19:33,2026-05-29,2026-05-21 15:37:37,2026-05-23,夏季冰丝凉席三件套,PD00001,SP00001,SKU001,1.5m床-灰色,SKU001,1.5m床-灰色,ST001,家居生活,床上用品,凉席,冰丝凉席,2,89.00,178.00,169.03,168.02,0.00,3.59,3.14,2.24,0.00,1.01,0.00,0.00,0.00,0.00,,,,江苏省,南京,H5,否,否,否,,花呗分期,否,,,否,否,否,否,否,否,韵达快递,YT84889788327,已签收,
2705000218,已付款,2026-05-21 05:41:22,2026-05-23 02:05:27,2026-05-28,2026-05-21 01:07:15,2026-05-23,夏季冰丝凉席三件套,PD00001,SP00001,SKU002,1.8m床-灰色,SKU002,1.8m床-灰色,ST002,家居生活,床上用品,凉席,冰丝凉席,1,109.00,109.00,96.48,95.90,0.00,5.01,4.38,3.13,0.00,0.58,0.00,0.00,0.00,0.00,,,,福建省,厦门,小程序,否,否,否,,微信支付,否,,,否,否,否,否,否,否,邮政快递,YT47286215068,派送中,
2705000208,已完成,2026-05-21 05:49:28,2026-05-22 07:28:39,2026-05-26,2026-05-21 13:58:00,2026-05-23,夏季冰丝凉席三件套,PD00001,SP00001,SKU001,1.5m床-灰色,SKU001,1.5m床-灰色,ST001,家居生活,床上用品,凉席,冰丝凉席,1,89.00,89.00,70.55,69.84,0.00,7.38,6.46,4.61,0.00,0.71,38.15,0.00,0.00,0.00,,,,广东省,广州,网页,否,否,否,,花呗分期,否,,,否,是,否,否,否,否,圆通速递,YT71331358127,运输中,
2705000395,已完成,2026-05-21 07:17:22,2026-05-22 09:35:31,2026-05-25,2026-05-21 11:51:14,2026-05-23,儿童益智积木拼装玩具,PD00003,SP00003,SKU006,大颗粒100粒,SKU006,大颗粒100粒,ST006,母婴玩具,益智玩具,积木,大颗粒积木,2,59.00,118.00,98.55,97.56,0.00,5.42,4.74,3.39,5.90,0.99,0.00,0.00,0.00,0.00,,,,广西,南宁,小程序,否,否,否,,支付宝,否,,,否,否,否,否,否,否,邮政快递,YT69833539667,运输中,
2705000167,已退款,2026-05-21 08:49:35,2026-05-23 10:06:17,2026-05-25,2026-05-21 03:02:49,2026-05-23,桌面手机支架可折叠,PD00008,SP00008,SKU017,基础款-黑色,SKU017,基础款-黑色,ST017,数码电器,手机配件,支架,桌面支架,1,19.90,19.90,14.51,14.42,0.00,1.76,1.54,1.10,0.99,0.09,0.00,0.00,0.00,11.82,七天无理由退货,退货退款,退款成功,云南省,昆明,APP-iOS,否,否,否,,支付宝,否,3,,是,否,否,否,否,否,申通快递,YT13646586856,运输中,
2705000143,已发货,2026-05-21 09:08:59,2026-05-22 03:50:40,2026-05-27,2026-05-21 18:07:32,2026-05-23,桌面手机支架可折叠,PD00008,SP00008,SKU017,基础款-黑色,SKU017,基础款-黑色,ST017,数码电器,手机配件,支架,桌面支架,1,19.90,19.90,19.01,18.90,0.00,0.36,0.31,0.22,0.00,0.11,0.00,0.00,0.00,0.00,,,,河南省,郑州,APP-iOS,否,否,否,,支付宝,否,,,否,否,否,否,否,否,中通快递,YT90583668762,运输中,
2705000123,已签收,2026-05-21 15:00:12,2026-05-23 00:37:50,2026-05-28,2026-05-21 15:05:09,2026-05-23,男士运动休闲鞋透气款,PD00005,SP00005,SKU010,39码-黑色,SKU010,39码-黑色,ST010,运动户外,运动鞋服,运动鞋,跑步鞋,2,119.00,238.00,183.69,182.59,0.00,21.72,19.01,13.58,0.00,1.10,0.00,0.00,0.00,0.00,,,,重庆市,重庆,H5,否,否,否,,多多支付,否,,,否,否,否,否,否,否,邮政快递,YT84069755378,运输中,
2705000331,已退款,2026-05-21 15:20:48,2026-05-24 23:07:27,2026-05-28,2026-05-21 21:14:31,2026-05-23,无线蓝牙耳机Pro版,PD00002,SP00002,SKU004,黑色标准版,SKU004,黑色标准版,ST004,数码电器,影音设备,耳机,无线耳机,2,129.00,258.00,254.35,252.82,0.00,1.46,1.28,0.91,0.00,1.53,0.00,0.00,0.00,135.13,收到商品破损,仅退款,退款成功,湖南省,长沙,APP-Android,否,否,否,,微信支付,否,,,否,否,否,否,否,否,中通快递,YT12113103990,运输中,
2705000326,已完成,2026-05-21 15:34:35,2026-05-22 20:18:52,2026-05-28,2026-05-21 08:39:57,2026-05-23,女士防晒衣轻薄透气,PD00006,SP00006,SKU013,M码-浅蓝,SKU013,M码-浅蓝,ST013,服饰内衣,女装,外套,防晒衣,1,69.00,69.00,50.67,50.37,0.00,5.95,5.21,3.72,3.45,0.30,0.00,0.00,0.00,0.00,,,,上海市,上海,小程序,否,否,否,,花呗分期,否,,,否,否,否,否,否,否,圆通速递,YT56723067153,运输中,
2705000129,已完成,2026-05-21 21:15:25,2026-05-22 19:54:27,2026-05-29,2026-05-21 23:36:37,2026-05-23,不锈钢保温杯大容量,PD00004,SP00004,SKU009,800ml-银色,SKU009,800ml-银色,ST009,家居生活,餐饮用具,保温杯,不锈钢保温杯,1,65.00,65.00,61.55,61.18,0.00,1.38,1.21,0.86,0.00,0.37,0.00,0.00,0.00,0.00,,,,上海市,上海,网页,否,否,否,,支付宝,否,,,否,否,否,否,否,否,极兔速递,YT21317534985,运输中,
2705000200,已付款,2026-05-21 23:02:28,2026-05-21 20:58:17,2026-05-28,2026-05-21 19:30:50,2026-05-23,无线蓝牙耳机Pro版,PD00002,SP00002,SKU005,白色降噪版,SKU005,白色降噪版,ST005,数码电器,影音设备,耳机,无线耳机,2,189.00,378.00,295.91,294.13,0.00,32.84,28.73,20.52,0.00,1.78,0.00,0.00,0.00,0.00,,,,北京市,北京,H5,否,是,否,,微信支付,否,6,,否,否,否,否,否,是,极兔速递,YT64320276037,运输中,
2705000215,已取消,2026-05-22 00:38:46,,,2026-05-22 23:11:57,2026-05-24,儿童益智积木拼装玩具,PD00003,SP00003,SKU006,大颗粒100粒,SKU006,大颗粒100粒,ST006,母婴玩具,益智玩具,积木,大颗粒积木,1,59.00,59.00,54.80,54.47,0.00,1.68,1.47,1.05,0.00,0.33,0.00,0.00,0.00,0.00,,,,浙江省,杭州,网页,否,否,否,,花呗分期,否,,,否,否,否,否,否,否,顺丰速运,YT73068291808,,
2705000448,待发货,2026-05-22 02:03:30,2026-05-22 15:48:13,2026-05-25,2026-05-22 08:58:46,2026-05-24,不锈钢保温杯大容量,PD00004,SP00004,SKU009,800ml-银色,SKU009,800ml-银色,ST009,家居生活,餐饮用具,保温杯,不锈钢保温杯,1,65.00,65.00,59.20,58.84,0.00,2.32,2.03,1.45,0.00,0.36,0.00,0.00,0.00,0.00,,,,湖北省,武汉,小程序,否,否,否,,微信支付,否,,,否,否,否,否,否,否,申通快递,YT13333202351,已签收,
2705000086,已取消,2026-05-22 02:25:27,,,2026-05-22 21:15:36,2026-05-24,女士防晒衣轻薄透气,PD00006,SP00006,SKU014,L码-粉色,SKU014,L码-粉色,ST014,服饰内衣,女装,外套,防晒衣,1,69.00,69.00,60.80,60.44,0.00,1.90,1.66,1.19,3.45,0.36,0.00,0.00,0.00,0.00,,,,广西,南宁,小程序,否,否,否,,微信支付,否,12,,否,否,否,否,否,否,邮政快递,YT56494931453,,
2705000149,已发货,2026-05-22 04:07:27,2026-05-24 23:32:28,2026-05-28,2026-05-22 18:53:56,2026-05-24,儿童益智积木拼装玩具,PD00003,SP00003,SKU007,大颗粒200粒,SKU007,大颗粒200粒,ST007,母婴玩具,益智玩具,积木,大颗粒积木,3,99.00,297.00,215.18,213.89,0.00,26.79,23.44,16.74,14.85,1.29,0.00,0.00,0.00,0.00,,,,天津市,天津,H5,否,否,否,,支付宝,否,6,,否,否,否,否,否,否,极兔速递,YT20751331623,运输中,
2705000031,待发货,2026-05-22 05:13:22,2026-05-24 08:44:16,2026-05-31,2026-05-22 05:25:17,2026-05-24,儿童益智积木拼装玩具,PD00003,SP00003,SKU006,大颗粒100粒,SKU006,大颗粒100粒,ST006,母婴玩具,益智玩具,积木,大颗粒积木,3,59.00,177.00,176.00,174.94,0.00,0.40,0.35,0.25,0.00,1.06,0.00,0.00,0.00,0.00,,,,天津市,天津,APP-Android,否,否,否,,多多支付,否,,,否,否,否,否,否,是,邮政快递,YT60809982140,已签收,
2705000164,已付款,2026-05-22 06:46:49,2026-05-24 06:25:24,2026-05-31,2026-05-22 10:41:17,2026-05-24,儿童益智积木拼装玩具,PD00003,SP00003,SKU006,大颗粒100粒,SKU006,大颗粒100粒,ST006,母婴玩具,益智玩具,积木,大颗粒积木,5,59.00,295.00,232.28,230.89,0.00,25.09,21.95,15.68,0.00,1.39,0.00,0.00,0.00,0.00,,,,广西,南宁,APP-iOS,否,否,否,,微信支付,否,,,否,否,否,否,否,否,圆通速递,YT59999640832,派送中,
2705000476,已退款,2026-05-22 12:46:07,2026-05-23 08:49:34,2026-05-27,2026-05-22 15:41:01,2026-05-24,儿童益智积木拼装玩具,PD00003,SP00003,SKU007,大颗粒200粒,SKU007,大颗粒200粒,ST007,母婴玩具,益智玩具,积木,大颗粒积木,2,99.00,198.00,172.15,171.12,0.00,6.38,5.58,3.99,9.90,1.03,0.00,0.00,0.00,73.76,七天无理由退货,仅退款,退款成功,河南省,郑州,APP-iOS,否,否,否,,支付宝,否,,商家,是,否,否,否,否,否,韵达快递,YT31567310607,已签收,
2705000235,已取消,2026-05-22 15:33:18,,,2026-05-22 20:22:47,2026-05-24,夏季冰丝凉席三件套,PD00001,SP00001,SKU003,1.5m床-蓝色,SKU003,1.5m床-蓝色,ST003,家居生活,床上用品,凉席,冰丝凉席,1,89.00,89.00,82.51,82.01,0.00,2.60,2.27,1.62,0.00,0.50,0.00,0.00,0.00,0.00,,,,湖南省,长沙,H5,否,否,否,,花呗分期,否,12,,否,否,否,否,否,否,圆通速递,YT90038428920,,
2705000134,已发货,2026-05-22 15:53:10,2026-05-25 03:05:29,2026-05-30,2026-05-22 03:30:05,2026-05-24,有机红枣夹核桃500g,PD00007,SP00007,SKU015,500g袋装,SKU015,500g袋装,ST015,食品生鲜,坚果零食,红枣,夹心红枣,2,39.00,78.00,62.31,61.94,0.00,6.28,5.49,3.92,0.00,0.37,0.00,0.00,0.00,0.00,,,,辽宁省,沈阳,H5,否,否,否,,支付宝,否,,,否,否,否,否,否,否,极兔速递,YT82347188798,运输中,
2705000090,待发货,2026-05-22 21:00:39,2026-05-23 22:29:56,2026-05-30,2026-05-22 10:49:10,2026-05-24,夏季冰丝凉席三件套,PD00001,SP00001,SKU003,1.5m床-蓝色,SKU003,1.5m床-蓝色,ST003,家居生活,床上用品,凉席,冰丝凉席,1,89.00,89.00,84.52,84.01,0.00,1.79,1.57,1.12,0.00,0.51,59.14,0.00,0.00,0.00,,,,湖南省,长沙,网页,否,否,否,,花呗分期,否,,,是,否,否,否,否,否,顺丰速运,YT78391508928,派送中,
2705000420,已取消,2026-05-23 03:49:10,,,2026-05-23 15:59:53,2026-05-25,儿童益智积木拼装玩具,PD00003,SP00003,SKU007,大颗粒200粒,SKU007,大颗粒200粒,ST007,母婴玩具,益智玩具,积木,大颗粒积木,1,99.00,99.00,83.83,83.33,0.00,6.07,5.31,3.79,0.00,0.50,0.00,0.00,0.00,0.00,,,,北京市,北京,H5,否,否,否,,微信支付,否,,,否,否,否,否,否,否,中通快递,YT53722069874,,
2705000417,已签收,2026-05-23 04:12:47,2026-05-25 01:58:49,2026-05-31,2026-05-23 12:04:20,2026-05-25,儿童益智积木拼装玩具,PD00003,SP00003,SKU007,大颗粒200粒,SKU007,大颗粒200粒,ST007,母婴玩具,益智玩具,积木,大颗粒积木,2,99.00,198.00,173.17,172.13,0.00,9.93,8.69,6.21,0.00,1.04,0.00,0.00,0.00,0.00,,,,上海市,上海,网页,否,否,否,,微信支付,否,,,是,否,否,否,否,否,中通快递,YT80187574515,派送中,
2705000236,已付款,2026-05-23 11:41:20,2026-05-23 04:38:42,2026-05-25,2026-05-23 07:16:54,2026-05-25,桌面手机支架可折叠,PD00008,SP00008,SKU018,升级款-银色,SKU018,升级款-银色,ST018,数码电器,手机配件,支架,桌面支架,1,29.90,29.90,24.23,24.08,0.00,1.67,1.46,1.04,1.50,0.15,0.00,0.00,0.00,0.00,,,,上海市,上海,APP-iOS,否,否,否,,花呗分期,否,,,否,否,否,否,否,否,申通快递,YT42754511338,运输中,
2705000267,已签收,2026-05-23 16:23:59,2026-05-24 20:57:20,2026-05-26,2026-05-23 19:48:36,2026-05-25,夏季冰丝凉席三件套,PD00001,SP00001,SKU002,1.8m床-灰色,SKU002,1.8m床-灰色,ST002,家居生活,床上用品,凉席,冰丝凉席,1,109.00,109.00,77.53,77.06,0.00,10.41,9.11,6.50,5.45,0.47,0.00,0.00,0.00,0.00,,,,广西,南宁,APP-iOS,是,否,否,,多多支付,否,,,是,否,否,否,否,否,申通快递,YT75275766317,已签收,
2705000244,已签收,2026-05-23 21:46:38,2026-05-25 12:41:43,2026-06-01,2026-05-23 04:37:52,2026-05-25,桌面手机支架可折叠,PD00008,SP00008,SKU017,基础款-黑色,SKU017,基础款-黑色,ST017,数码电器,手机配件,支架,桌面支架,1,19.90,19.90,19.55,19.43,0.00,0.14,0.12,0.09,0.00,0.12,0.00,0.00,0.00,0.00,,,,天津市,天津,H5,否,否,否,,花呗分期,否,,,否,否,否,否,否,否,圆通速递,YT13727110334,运输中,
2705000189,待发货,2026-05-23 22:42:00,2026-05-24 09:06:45,2026-05-28,2026-05-23 00:19:49,2026-05-25,夏季冰丝凉席三件套,PD00001,SP00001,SKU002,1.8m床-灰色,SKU002,1.8m床-灰色,ST002,家居生活,床上用品,凉席,冰丝凉席,5,109.00,545.00,437.53,433.15,0.00,42.99,37.61,26.87,0.00,4.38,53.44,0.00,0.00,346.70,物流太慢,退货退款,退款成功,辽宁省,沈阳,APP-iOS,否,否,否,,支付宝,否,,买家,否,否,否,否,否,否,韵达快递,YT78742484905,运输中,
2705000284,已完成,2026-05-24 06:05:56,2026-05-25 16:13:37,2026-05-30,2026-05-24 23:41:59,2026-05-26,桌面手机支架可折叠,PD00008,SP00008,SKU017,基础款-黑色,SKU017,基础款-黑色,ST017,数码电器,手机配件,支架,桌面支架,3,19.90,59.70,54.75,54.42,0.00,1.98,1.73,1.24,0.00,0.33,0.00,0.00,0.00,0.00,,,,陕西省,西安,H5,否,否,否,,支付宝,否,,,否,否,否,否,否,否,韵达快递,YT19896534180,运输中,
2705000286,已退款,2026-05-24 07:08:19,2026-05-27 05:21:07,2026-05-30,2026-05-24 00:15:40,2026-05-26,不锈钢保温杯大容量,PD00004,SP00004,SKU008,500ml-黑色,SKU008,500ml-黑色,ST008,家居生活,餐饮用具,保温杯,不锈钢保温杯,2,45.00,90.00,76.67,76.21,0.00,5.33,4.67,3.33,0.00,0.46,71.35,0.00,0.00,51.18,七天无理由退货,仅退款,退款成功,天津市,天津,APP-Android,否,否,否,,花呗分期,否,,,否,否,否,否,否,否,邮政快递,YT21022094343,派送中,
2705000371,已付款,2026-05-24 07:16:51,2026-05-26 12:21:53,2026-05-27,2026-05-24 00:16:21,2026-05-26,桌面手机支架可折叠,PD00008,SP00008,SKU017,基础款-黑色,SKU017,基础款-黑色,ST017,数码电器,手机配件,支架,桌面支架,1,19.90,19.90,19.07,18.96,0.00,0.33,0.29,0.21,0.00,0.11,0.00,0.00,0.00,0.00,,,,江西省,南昌,APP-iOS,否,否,否,,支付宝,否,,买家,是,否,否,否,否,否,韵达快递,YT42547824261,运输中,
2705000003,已付款,2026-05-24 07:57:32,2026-05-26 15:21:35,2026-05-29,2026-05-24 16:35:07,2026-05-26,男士运动休闲鞋透气款,PD00005,SP00005,SKU012,41码-白色,SKU012,41码-白色,ST012,运动户外,运动鞋服,运动鞋,跑步鞋,3,119.00,357.00,354.23,352.10,0.00,1.11,0.97,0.69,0.00,2.13,0.00,0.00,0.00,0.00,,,,广东省,广州,H5,否,否,否,,微信支付,否,,,否,否,否,否,否,否,申通快递,YT86484983774,运输中,
2705000372,已签收,2026-05-24 09:09:07,2026-05-26 05:54:22,2026-05-27,2026-05-24 09:01:29,2026-05-26,桌面手机支架可折叠,PD00008,SP00008,SKU018,升级款-银色,SKU018,升级款-银色,ST018,数码电器,手机配件,支架,桌面支架,1,29.90,29.90,23.87,23.73,0.00,2.41,2.11,1.51,0.00,0.14,0.00,0.00,0.00,0.00,,,,河北省,石家庄,APP-iOS,否,否,否,,微信支付,否,,,否,否,否,否,否,否,邮政快递,YT29465207613,运输中,
2705000282,已付款,2026-05-24 11:33:56,2026-05-26 00:13:08,2026-05-27,2026-05-24 02:56:25,2026-05-26,儿童益智积木拼装玩具,PD00003,SP00003,SKU006,大颗粒100粒,SKU006,大颗粒100粒,ST006,母婴玩具,益智玩具,积木,大颗粒积木,1,59.00,59.00,44.74,44.47,0.00,5.70,4.99,3.57,0.00,0.27,0.00,0.00,0.00,0.00,,,,福建省,厦门,网页,否,否,否,,微信支付,否,,,否,否,否,否,否,否,韵达快递,YT26894348868,运输中,
2705000045,已发货,2026-05-24 15:15:54,2026-05-26 23:58:26,2026-05-27,2026-05-24 11:56:01,2026-05-26,男士运动休闲鞋透气款,PD00005,SP00005,SKU012,41码-白色,SKU012,41码-白色,ST012,运动户外,运动鞋服,运动鞋,跑步鞋,2,119.00,238.00,221.07,219.74,0.00,6.77,5.93,4.23,0.00,1.33,0.00,0.00,0.00,0.00,,,,广东省,广州,小程序,否,否,否,,微信支付,否,,,否,否,否,否,否,否,中通快递,YT42864262380,运输中,
2705000046,已付款,2026-05-24 16:28:52,2026-05-27 06:43:32,2026-05-31,2026-05-24 19:57:40,2026-05-26,儿童益智积木拼装玩具,PD00003,SP00003,SKU007,大颗粒200粒,SKU007,大颗粒200粒,ST007,母婴玩具,益智玩具,积木,大颗粒积木,2,99.00,198.00,190.40,189.26,0.00,3.04,2.66,1.90,0.00,1.14,0.00,0.00,0.00,0.00,,,,辽宁省,沈阳,APP-Android,否,否,是,万达广场店,微信支付,否,,商家,否,否,否,否,否,否,极兔速递,YT22228484655,运输中,
2705000387,已发货,2026-05-24 17:01:35,2026-05-26 23:31:27,2026-05-29,2026-05-24 05:59:03,2026-05-26,女士防晒衣轻薄透气,PD00006,SP00006,SKU014,L码-粉色,SKU014,L码-粉色,ST014,服饰内衣,女装,外套,防晒衣,1,69.00,69.00,60.17,59.81,0.00,3.53,3.09,2.21,0.00,0.36,0.00,0.00,0.00,0.00,,,,河南省,郑州,APP-Android,否,否,否,,多多支付,否,,,否,否,否,否,否,否,圆通速递,YT83208030093,运输中,
2705000409,已完成,2026-05-24 17:07:37,2026-05-26 11:40:19,2026-06-02,2026-05-24 15:07:12,2026-05-26,夏季冰丝凉席三件套,PD00001,SP00001,SKU003,1.5m床-蓝色,SKU003,1.5m床-蓝色,ST003,家居生活,床上用品,凉席,冰丝凉席,1,89.00,89.00,86.49,85.97,0.00,1.00,0.88,0.63,0.00,0.52,0.00,0.00,0.00,0.00,,,,江苏省,南京,APP-Android,否,否,是,万象城店,花呗分期,否,12,商家,否,否,否,否,否,否,韵达快递,YT39775191006,派送中,
2705000485,已签收,2026-05-24 17:24:26,2026-05-26 09:50:13,2026-06-01,2026-05-24 08:04:07,2026-05-26,儿童益智积木拼装玩具,PD00003,SP00003,SKU006,大颗粒100粒,SKU006,大颗粒100粒,ST006,母婴玩具,益智玩具,积木,大颗粒积木,5,59.00,295.00,215.17,213.88,0.00,26.03,22.78,16.27,14.75,1.29,0.00,0.00,0.00,0.00,,,,广西,南宁,网页,否,否,否,,多多支付,否,6,,否,否,否,否,否,是,极兔速递,YT67699035204,已签收,
2705000057,已取消,2026-05-24 17:31:50,,,2026-05-24 06:45:15,2026-05-26,女士防晒衣轻薄透气,PD00006,SP00006,SKU014,L码-粉色,SKU014,L码-粉色,ST014,服饰内衣,女装,外套,防晒衣,5,69.00,345.00,312.89,311.01,0.00,5.94,5.20,3.72,17.25,1.88,0.00,0.00,0.00,0.00,,,,天津市,天津,APP-Android,否,否,否,,多多支付,否,,,否,否,否,否,否,否,中通快递,YT36649781078,,
2705000464,已退款,2026-05-24 18:56:55,2026-05-25 02:08:39,2026-05-26,2026-05-24 18:54:39,2026-05-26,有机红枣夹核桃500g,PD00007,SP00007,SKU015,500g袋装,SKU015,500g袋装,ST015,食品生鲜,坚果零食,红枣,夹心红枣,1,39.00,39.00,34.45,34.24,0.00,1.04,0.91,0.65,1.95,0.21,0.00,0.00,0.00,11.49,七天无理由退货,仅退款,退款成功,福建省,厦门,H5,否,否,否,,支付宝,否,,,否,否,否,否,否,是,韵达快递,YT97134119246,派送中,
2705000179,已发货,2026-05-24 19:47:41,2026-05-25 13:03:50,2026-05-27,2026-05-24 02:42:10,2026-05-26,无线蓝牙耳机Pro版,PD00002,SP00002,SKU005,白色降噪版,SKU005,白色降噪版,ST005,数码电器,影音设备,耳机,无线耳机,2,189.00,378.00,362.05,359.88,0.00,6.38,5.58,3.99,0.00,2.17,0.00,0.00,0.00,0.00,,,,河北省,石家庄,小程序,否,否,是,万达广场店,花呗分期,否,3,,否,否,否,否,否,否,极兔速递,YT38435210704,派送中,
2705000421,已取消,2026-05-24 20:59:41,,,2026-05-24 06:52:46,2026-05-26,桌面手机支架可折叠,PD00008,SP00008,SKU017,基础款-黑色,SKU017,基础款-黑色,ST017,数码电器,手机配件,支架,桌面支架,3,19.90,59.70,48.85,48.56,0.00,4.34,3.80,2.71,0.00,0.29,0.00,0.00,0.00,0.00,,,,安徽省,合肥,APP-iOS,否,是,否,,花呗分期,否,,,否,否,否,否,否,否,邮政快递,YT48536847213,,
2705000038,已完成,2026-05-24 21:47:19,2026-05-27 21:11:09,2026-05-31,2026-05-24 20:15:55,2026-05-26,桌面手机支架可折叠,PD00008,SP00008,SKU018,升级款-银色,SKU018,升级款-银色,ST018,数码电器,手机配件,支架,桌面支架,3,29.90,89.70,69.72,69.30,0.00,6.20,5.42,3.87,4.49,0.42,0.00,0.00,0.00,0.00,,,,北京市,北京,网页,否,否,否,,支付宝,否,,,否,否,否,否,否,否,韵达快递,YT75764305989,运输中,
2705000209,已完成,2026-05-25 03:02:46,2026-05-26 16:25:52,2026-06-01,2026-05-25 07:11:47,2026-05-27,女士防晒衣轻薄透气,PD00006,SP00006,SKU014,L码-粉色,SKU014,L码-粉色,ST014,服饰内衣,女装,外套,防晒衣,5,69.00,345.00,323.63,321.69,0.00,8.55,7.48,5.34,0.00,1.94,0.00,0.00,0.00,0.00,,,,天津市,天津,网页,否,否,否,,花呗分期,否,,,是,否,否,否,否,否,顺丰速运,YT51063287966,运输中,
2705000259,待发货,2026-05-25 04:59:17,2026-05-25 04:51:10,2026-05-26,2026-05-25 05:40:18,2026-05-27,无线蓝牙耳机Pro版,PD00002,SP00002,SKU005,白色降噪版,SKU005,白色降噪版,ST005,数码电器,影音设备,耳机,无线耳机,1,189.00,189.00,162.43,161.46,0.00,10.63,9.30,6.64,0.00,0.97,0.00,0.00,0.00,0.00,,,,山东省,青岛,APP-iOS,否,否,否,,多多支付,否,,,否,否,否,否,否,否,极兔速递,YT15629418028,运输中,
2705000271,已发货,2026-05-25 06:13:16,2026-05-27 10:07:51,2026-05-30,2026-05-25 06:01:59,2026-05-27,儿童益智积木拼装玩具,PD00003,SP00003,SKU006,大颗粒100粒,SKU006,大颗粒100粒,ST006,母婴玩具,益智玩具,积木,大颗粒积木,3,59.00,177.00,156.64,155.70,0.00,8.14,7.13,5.09,0.00,0.94,0.00,0.00,0.00,0.00,,,,上海市,上海,H5,否,否,否,,微信支付,否,,,否,否,否,否,否,否,申通快递,YT73201614366,运输中,
2705000117,已付款,2026-05-25 12:32:38,2026-05-27 21:11:52,2026-06-01,2026-05-25 13:52:24,2026-05-27,男士运动休闲鞋透气款,PD00005,SP00005,SKU012,41码-白色,SKU012,41码-白色,ST012,运动户外,运动鞋服,运动鞋,跑步鞋,1,119.00,119.00,99.69,99.09,0.00,7.72,6.76,4.83,0.00,0.60,0.00,0.00,0.00,0.00,,,,河北省,石家庄,小程序,否,否,否,,花呗分期,否,,,否,否,否,否,否,否,中通快递,YT71904805612,派送中,
2705000424,已发货,2026-05-25 14:39:08,2026-05-26 15:14:06,2026-05-31,2026-05-25 01:45:03,2026-05-27,不锈钢保温杯大容量,PD00004,SP00004,SKU008,500ml-黑色,SKU008,500ml-黑色,ST008,家居生活,餐饮用具,保温杯,不锈钢保温杯,1,45.00,45.00,42.00,41.75,0.00,0.30,0.26,0.19,2.25,0.25,0.00,0.00,0.00,0.00,,,,湖南省,长沙,网页,否,否,否,,花呗分期,否,,,否,否,否,否,否,否,圆通速递,YT63629838162,已签收,
2705000388,已取消,2026-05-25 15:40:21,,,2026-05-25 12:20:06,2026-05-27,不锈钢保温杯大容量,PD00004,SP00004,SKU009,800ml-银色,SKU009,800ml-银色,ST009,家居生活,餐饮用具,保温杯,不锈钢保温杯,3,65.00,195.00,149.87,148.97,0.00,14.15,12.38,8.85,9.75,0.90,0.00,0.00,0.00,0.00,,,,山东省,青岛,小程序,否,否,否,,微信支付,否,3,,否,否,否,否,否,否,顺丰速运,YT69834009124,,
2705000027,待发货,2026-05-25 17:36:44,2026-05-26 13:55:00,2026-06-01,2026-05-25 13:51:10,2026-05-27,不锈钢保温杯大容量,PD00004,SP00004,SKU008,500ml-黑色,SKU008,500ml-黑色,ST008,家居生活,餐饮用具,保温杯,不锈钢保温杯,1,45.00,45.00,36.49,36.27,0.00,3.40,2.98,2.13,0.00,0.22,0.00,0.00,0.00,0.00,,,,云南省,昆明,H5,否,否,否,,多多支付,否,,,否,否,否,否,否,否,顺丰速运,YT15172160910,已签收,集运
2705000104,待发货,2026-05-26 00:21:17,2026-05-28 17:02:17,2026-06-02,2026-05-26 12:36:31,2026-05-28,男士运动休闲鞋透气款,PD00005,SP00005,SKU011,40码-黑色,SKU011,40码-黑色,ST011,运动户外,运动鞋服,运动鞋,跑步鞋,5,119.00,595.00,519.73,516.61,0.00,30.11,26.34,18.82,0.00,3.12,0.00,0.00,0.00,0.00,,,,江苏省,南京,APP-iOS,否,否,否,,支付宝,否,,,否,否,否,是,否,否,邮政快递,YT73731065111,运输中,
2705000484,待发货,2026-05-26 01:38:14,2026-05-27 20:05:07,2026-05-29,2026-05-26 13:22:25,2026-05-28,夏季冰丝凉席三件套,PD00001,SP00001,SKU003,1.5m床-蓝色,SKU003,1.5m床-蓝色,ST003,家居生活,床上用品,凉席,冰丝凉席,2,89.00,178.00,147.46,146.58,0.00,12.22,10.69,7.63,0.00,0.88,0.00,0.00,0.00,0.00,,,补发,云南省,昆明,网页,否,否,否,,微信支付,否,,,是,否,否,否,否,否,顺丰速运,YT85835571940,运输中,
2705000014,已取消,2026-05-26 04:26:06,,,2026-05-26 23:20:16,2026-05-28,儿童益智积木拼装玩具,PD00003,SP00003,SKU006,大颗粒100粒,SKU006,大颗粒100粒,ST006,母婴玩具,益智玩具,积木,大颗粒积木,1,59.00,59.00,53.35,53.03,0.00,2.26,1.98,1.41,0.00,0.32,0.00,0.00,0.00,0.00,,,,辽宁省,沈阳,APP-Android,否,否,否,,微信支付,否,,,否,否,否,否,否,否,圆通速递,YT31619579917,,
2705000165,已完成,2026-05-26 04:39:57,2026-05-27 11:13:46,2026-05-28,2026-05-26 08:54:53,2026-05-28,不锈钢保温杯大容量,PD00004,SP00004,SKU009,800ml-银色,SKU009,800ml-银色,ST009,家居生活,餐饮用具,保温杯,不锈钢保温杯,5,65.00,325.00,309.53,307.67,0.00,6.19,5.41,3.87,0.00,1.86,0.00,0.00,0.00,0.00,,,,辽宁省,沈阳,APP-iOS,否,否,否,,多多支付,否,,,否,否,否,否,否,是,申通快递,YT87853717212,派送中,
2705000428,已取消,2026-05-26 07:36:11,,,2026-05-26 01:06:41,2026-05-28,男士运动休闲鞋透气款,PD00005,SP00005,SKU011,40码-黑色,SKU011,40码-黑色,ST011,运动户外,运动鞋服,运动鞋,跑步鞋,2,119.00,238.00,199.79,198.59,0.00,10.52,9.21,6.58,11.90,1.20,0.00,0.00,0.00,0.00,,,,广西,南宁,小程序,是,否,否,,微信支付,否,,,否,否,否,否,否,否,极兔速递,YT35130403758,,
2705000238,已退款,2026-05-26 08:46:15,2026-05-29 07:46:12,2026-05-31,2026-05-26 19:50:03,2026-05-28,有机红枣夹核桃500g,PD00007,SP00007,SKU015,500g袋装,SKU015,500g袋装,ST015,食品生鲜,坚果零食,红枣,夹心红枣,1,39.00,39.00,28.36,17.19,11.00,3.48,3.04,2.17,1.95,0.17,0.00,0.00,0.00,6.34,物流太慢,仅退款,退款成功,上海市,上海,小程序,否,否,否,,多多支付,否,12,,否,否,否,否,否,否,圆通速递,YT88002379560,运输中,转运
2705000488,已签收,2026-05-26 09:40:47,2026-05-27 00:53:25,2026-06-01,2026-05-26 05:20:36,2026-05-28,有机红枣夹核桃500g,PD00007,SP00007,SKU016,1000g礼盒,SKU016,1000g礼盒,ST016,食品生鲜,坚果零食,红枣,夹心红枣,2,69.00,138.00,133.92,133.12,0.00,1.63,1.43,1.02,0.00,0.80,0.00,0.00,0.00,0.00,,,,四川省,成都,小程序,否,否,否,,支付宝,否,6,,否,否,否,否,否,否,圆通速递,YT52357369320,运输中,
2705000347,已取消,2026-05-26 17:03:08,,,2026-05-26 16:38:36,2026-05-28,桌面手机支架可折叠,PD00008,SP00008,SKU018,升级款-银色,SKU018,升级款-银色,ST018,数码电器,手机配件,支架,桌面支架,5,29.90,149.50,107.25,106.61,0.00,13.91,12.17,8.69,7.48,0.64,0.00,0.00,0.00,0.00,,,,四川省,成都,APP-Android,否,否,否,,多多支付,否,,,否,否,否,否,否,否,极兔速递,YT38266850554,,
2705000362,已发货,2026-05-26 20:17:56,2026-05-28 23:36:38,2026-05-31,2026-05-26 19:02:13,2026-05-28,儿童益智积木拼装玩具,PD00003,SP00003,SKU007,大颗粒200粒,SKU007,大颗粒200粒,ST007,母婴玩具,益智玩具,积木,大颗粒积木,3,99.00,297.00,218.78,217.47,0.00,25.35,22.18,15.84,14.85,1.31,0.00,0.00,0.00,0.00,,,,上海市,上海,H5,否,否,否,,花呗分期,否,3,,否,否,否,否,是,否,极兔速递,YT14280374845,已签收,
2705000276,已取消,2026-05-26 20:23:03,,,2026-05-26 22:05:35,2026-05-28,女士防晒衣轻薄透气,PD00006,SP00006,SKU013,M码-浅蓝,SKU013,M码-浅蓝,ST013,服饰内衣,女装,外套,防晒衣,1,69.00,69.00,63.51,63.13,0.00,2.20,1.92,1.37,0.00,0.38,0.00,0.00,0.00,0.00,,,,陕西省,西安,APP-Android,否,否,否,,多多支付,否,,,否,否,否,否,否,否,圆通速递,YT46623221954,,
2705000306,已发货,2026-05-27 01:43:02,2026-05-29 22:01:37,2026-05-31,2026-05-27 22:40:16,2026-05-29,无线蓝牙耳机Pro版,PD00002,SP00002,SKU004,黑色标准版,SKU004,黑色标准版,ST004,数码电器,影音设备,耳机,无线耳机,3,129.00,387.00,328.52,325.23,0.00,23.39,20.47,14.62,0.00,3.29,0.00,0.00,0.00,0.00,,,,天津市,天津,小程序,否,否,否,,微信支付,否,,,否,否,否,否,否,否,极兔速递,YT52910397727,运输中,
2705000303,已完成,2026-05-27 03:31:46,2026-05-28 14:50:24,2026-05-29,2026-05-27 19:56:16,2026-05-29,夏季冰丝凉席三件套,PD00001,SP00001,SKU003,1.5m床-蓝色,SKU003,1.5m床-蓝色,ST003,家居生活,床上用品,凉席,冰丝凉席,1,89.00,89.00,67.52,67.11,0.00,8.59,7.52,5.37,0.00,0.41,78.51,0.00,0.00,0.00,,,,四川省,成都,APP-iOS,否,否,否,,支付宝,否,,,是,否,否,否,否,否,韵达快递,YT38333537787,运输中,
2705000434,已发货,2026-05-27 05:01:37,2026-05-27 01:34:16,2026-06-01,2026-05-27 05:26:37,2026-05-29,女士防晒衣轻薄透气,PD00006,SP00006,SKU014,L码-粉色,SKU014,L码-粉色,ST014,服饰内衣,女装,外套,防晒衣,1,69.00,69.00,62.55,62.17,0.00,2.58,2.26,1.61,0.00,0.38,0.00,0.00,0.00,0.00,,,,湖北省,武汉,H5,否,否,否,,微信支付,否,,,否,否,否,否,否,是,顺丰速运,YT21576939858,派送中,
2705000051,已完成,2026-05-27 13:22:31,2026-05-28 00:52:49,2026-06-02,2026-05-27 00:57:46,2026-05-29,女士防晒衣轻薄透气,PD00006,SP00006,SKU014,L码-粉色,SKU014,L码-粉色,ST014,服饰内衣,女装,外套,防晒衣,1,69.00,69.00,67.61,67.20,0.00,0.55,0.49,0.35,0.00,0.41,0.00,0.00,0.00,0.00,,,,河北省,石家庄,H5,否,否,否,,花呗分期,否,6,,否,否,否,否,否,否,韵达快递,YT77172882835,运输中,
2705000357,已付款,2026-05-27 15:14:24,2026-05-29 16:46:44,2026-06-01,2026-05-27 03:31:04,2026-05-29,女士防晒衣轻薄透气,PD00006,SP00006,SKU014,L码-粉色,SKU014,L码-粉色,ST014,服饰内衣,女装,外套,防晒衣,2,69.00,138.00,97.27,96.69,0.00,13.53,11.84,8.46,6.90,0.58,0.00,0.00,0.00,0.00,,,,福建省,厦门,APP-iOS,否,否,否,,多多支付,否,,,否,否,否,否,否,否,顺丰速运,YT31347861829,派送中,
2705000418,已取消,2026-05-27 17:27:27,,,2026-05-27 01:19:43,2026-05-29,男士运动休闲鞋透气款,PD00005,SP00005,SKU010,39码-黑色,SKU010,39码-黑色,ST010,运动户外,运动鞋服,运动鞋,跑步鞋,1,119.00,119.00,103.53,102.91,0.00,6.19,5.41,3.87,0.00,0.62,0.00,0.00,0.00,0.00,,,,浙江省,杭州,网页,否,否,否,,微信支付,否,,,否,否,否,否,否,否,顺丰速运,YT51327755691,,
2705000262,已签收,2026-05-27 19:02:07,2026-05-30 21:46:32,2026-06-02,2026-05-27 03:32:40,2026-05-29,桌面手机支架可折叠,PD00008,SP00008,SKU017,基础款-黑色,SKU017,基础款-黑色,ST017,数码电器,手机配件,支架,桌面支架,1,19.90,19.90,17.21,2.11,15.00,1.08,0.94,0.67,0.00,0.10,0.00,0.00,0.00,0.00,,,,安徽省,合肥,APP-Android,否,是,否,,多多支付,否,6,,否,否,否,否,否,否,圆通速递,YT89306682624,运输中,
2705000368,已退款,2026-05-27 21:54:15,2026-05-29 05:08:43,2026-05-30,2026-05-27 17:26:32,2026-05-29,不锈钢保温杯大容量,PD00004,SP00004,SKU008,500ml-黑色,SKU008,500ml-黑色,ST008,家居生活,餐饮用具,保温杯,不锈钢保温杯,2,45.00,90.00,70.08,69.66,0.00,6.17,5.40,3.85,4.50,0.42,0.00,0.00,0.00,56.11,卖家发错尺码,仅退款,退款成功,江西省,南昌,网页,否,否,否,,多多支付,否,,,否,否,否,否,否,否,极兔速递,YT14472817408,运输中,
2705000247,待发货,2026-05-27 22:13:59,2026-05-28 09:02:23,2026-05-30,2026-05-27 16:42:47,2026-05-29,桌面手机支架可折叠,PD00008,SP00008,SKU018,升级款-银色,SKU018,升级款-银色,ST018,数码电器,手机配件,支架,桌面支架,1,29.90,29.90,24.18,24.03,0.00,2.29,2.00,1.43,0.00,0.15,0.00,0.00,0.00,0.00,,,,云南省,昆明,网页,否,否,否,,微信支付,否,,,否,否,否,否,否,否,申通快递,YT24219910590,已签收,